﻿Word,SentirEs_19.thisRepN,SentirEs_19.thisTrialN,SentirEs_19.thisN,SentirEs_19.thisIndex,SentirEs_45.thisRepN,SentirEs_45.thisTrialN,SentirEs_45.thisN,SentirEs_45.thisIndex,SentirEs_78.thisRepN,SentirEs_78.thisTrialN,SentirEs_78.thisN,SentirEs_78.thisIndex,trials.thisRepN,trials.thisTrialN,trials.thisN,trials.thisIndex,thisRow.t,notes,warning_span.started,warning_SentirEs.started,next_warning.started,warning_span.stopped,next_warning.numClicks,next_warning.timesOn,next_warning.timesOff,SentirEs_intructions_Span.started,intructions.started,next_instructions.started,SentirEs_intructions_Span.stopped,next_instructions.numClicks,next_instructions.timesOn,next_instructions.timesOff,SentirEs_likert_span.started,text.started,stimuli.started,perceptual_audition.started,perceptual_gustatory.started,perceptual_haptic.started,perceptual_interocepticve.started,perceptual_olfaction.started,perceptual_visual.started,Audition.started,Gustatory.started,Haptic.started,Interoception.started,Olfaction.started,Vision.started,next.started,SentirEs_likert_span.stopped,Audition.response,Audition.rt,Gustatory.response,Gustatory.rt,Haptic.response,Haptic.rt,Interoception.response,Interoception.rt,Olfaction.response,Olfaction.rt,Vision.response,Vision.rt,next.numClicks,next.timesOn,next.timesOff,SenstirEs_catch_Span_1.started,catch_1.started,Oso.started,Ave.started,Pez.started,SenstirEs_catch_Span_1.stopped,Oso.numClicks,Oso.timesOn,Oso.timesOff,Ave.numClicks,Ave.timesOn,Ave.timesOff,Pez.numClicks,Pez.timesOn,Pez.timesOff,SenstirEs_catch_Span_2.started,catch_2.started,quinze.started,cien.started,setentaidos.started,SenstirEs_catch_Span_2.stopped,quinze.numClicks,quinze.timesOn,quinze.timesOff,cien.numClicks,cien.timesOn,cien.timesOff,setentaidos.numClicks,setentaidos.timesOn,setentaidos.timesOff,SenstirEs_catch_Span_3.started,catch_3.started,bacadillo.started,manzana.started,coliflor.started,SenstirEs_catch_Span_3.stopped,bacadillo.numClicks,bacadillo.timesOn,bacadillo.timesOff,manzana.numClicks,manzana.timesOn,manzana.timesOff,coliflor.numClicks,coliflor.timesOn,coliflor.timesOff,participant,session,date,expName,psychopyVersion,frameRate,expStart,
,,,,,,,,,,,,,,,,,,,0.019958653000003324,0.06700037800001724,0.06700037800001724,1.3735306300000047,1,[1.3504661789999943],[1.3504748370000073],,,,,,,,,,,,,,,,,,,,,,,,,,,,,,,,,,,,,,,,,,,,,,,,,,,,,,,,,,,,,,,,,,,,,,,,,,,,,,,,,,,,,180463,001,2024-07-17_00h27.22.781,SenstirEs_warningandinstructions,2024.1.4,None,2024-07-17 00h27.39.288584 +0200,
,,,,,,,,,,,,,,,,,,,,,,,,,,1.3736401470000033,1.3987382150000087,1.3987382150000087,2.1725269490000017,1,[0.79725174699999],[0.7972591909999949],,,,,,,,,,,,,,,,,,,,,,,,,,,,,,,,,,,,,,,,,,,,,,,,,,,,,,,,,,,,,,,,,,,,,,,,,,,,,,180463,001,2024-07-17_00h27.22.781,SenstirEs_warningandinstructions,2024.1.4,None,2024-07-17 00h27.39.288584 +0200,
EMOCIONANTE,0,0,0,0,,,,,,,,,,,,,2.448209420000012,,,,,,,,,,,,,,,,2.2210242910000204,2.448209420000012,2.448209420000012,2.448209420000012,2.448209420000012,2.448209420000012,2.448209420000012,2.448209420000012,2.448209420000012,2.448209420000012,2.448209420000012,2.448209420000012,2.448209420000012,2.448209420000012,2.448209420000012,2.448209420000012,2.9475550420000047,None,None,None,None,None,None,None,None,None,None,None,None,1,[0.6268139199999894],[0.6268245809999939],,,,,,,,,,,,,,,,,,,,,,,,,,,,,,,,,,,,,,,,,,,,,,180463,001,2024-07-17_00h27.22.781,SenstirEs_warningandinstructions,2024.1.4,None,2024-07-17 00h27.39.288584 +0200,
CUAJAR,0,1,1,1,,,,,,,,,,,,,3.0834394679999946,,,,,,,,,,,,,,,,2.94942093100002,3.0834394679999946,3.0834394679999946,3.0834394679999946,3.0834394679999946,3.0834394679999946,3.0834394679999946,3.0834394679999946,3.0834394679999946,3.0834394679999946,3.0834394679999946,3.0834394679999946,3.0834394679999946,3.0834394679999946,3.0834394679999946,3.0834394679999946,3.957000176000008,None,None,None,None,None,None,None,None,None,None,None,None,1,[0.9147503559999848],[0.9147566890000007],,,,,,,,,,,,,,,,,,,,,,,,,,,,,,,,,,,,,,,,,,,,,,180463,001,2024-07-17_00h27.22.781,SenstirEs_warningandinstructions,2024.1.4,None,2024-07-17 00h27.39.288584 +0200,
DIA,0,2,2,2,,,,,,,,,,,,,4.083591790000014,,,,,,,,,,,,,,,,3.957913149999996,4.083591790000014,4.083591790000014,4.083591790000014,4.083591790000014,4.083591790000014,4.083591790000014,4.083591790000014,4.083591790000014,4.083591790000014,4.083591790000014,4.083591790000014,4.083591790000014,4.083591790000014,4.083591790000014,4.083591790000014,4.1093796300000065,None,None,None,None,None,None,None,None,None,None,None,None,1,[0.05813894700000333],[0.05814504599999282],,,,,,,,,,,,,,,,,,,,,,,,,,,,,,,,,,,,,,,,,,,,,,180463,001,2024-07-17_00h27.22.781,SenstirEs_warningandinstructions,2024.1.4,None,2024-07-17 00h27.39.288584 +0200,
A LA VISTA,0,3,3,3,,,,,,,,,,,,,4.239467804000014,,,,,,,,,,,,,,,,4.110275397999999,4.239467804000014,4.239467804000014,4.239467804000014,4.239467804000014,4.239467804000014,4.239467804000014,4.239467804000014,4.239467804000014,4.239467804000014,4.239467804000014,4.239467804000014,4.239467804000014,4.239467804000014,4.239467804000014,4.239467804000014,4.324153089000021,None,None,None,None,None,None,None,None,None,None,None,None,1,[0.11954066100000205],[0.11955014500000516],,,,,,,,,,,,,,,,,,,,,,,,,,,,,,,,,,,,,,,,,,,,,,180463,001,2024-07-17_00h27.22.781,SenstirEs_warningandinstructions,2024.1.4,None,2024-07-17 00h27.39.288584 +0200,
SOBRESCRIBIR,0,4,4,4,,,,,,,,,,,,,4.449942508000021,,,,,,,,,,,,,,,,4.32524128,4.449942508000021,4.449942508000021,4.449942508000021,4.449942508000021,4.449942508000021,4.449942508000021,4.449942508000021,4.449942508000021,4.449942508000021,4.449942508000021,4.449942508000021,4.449942508000021,4.449942508000021,4.449942508000021,4.449942508000021,4.474175715000001,None,None,None,None,None,None,None,None,None,None,None,None,1,[0.058200432000006685],[0.0582083619999878],,,,,,,,,,,,,,,,,,,,,,,,,,,,,,,,,,,,,,,,,,,,,,180463,001,2024-07-17_00h27.22.781,SenstirEs_warningandinstructions,2024.1.4,None,2024-07-17 00h27.39.288584 +0200,
TOCAR,0,5,5,5,,,,,,,,,,,,,4.599848937000019,,,,,,,,,,,,,,,,4.475147614999997,4.599848937000019,4.599848937000019,4.599848937000019,4.599848937000019,4.599848937000019,4.599848937000019,4.599848937000019,4.599848937000019,4.599848937000019,4.599848937000019,4.599848937000019,4.599848937000019,4.599848937000019,4.599848937000019,4.599848937000019,4.691273246000009,None,None,None,None,None,None,None,None,None,None,None,None,1,[0.12488482599999884],[0.12489448799999536],,,,,,,,,,,,,,,,,,,,,,,,,,,,,,,,,,,,,,,,,,,,,,180463,001,2024-07-17_00h27.22.781,SenstirEs_warningandinstructions,2024.1.4,None,2024-07-17 00h27.39.288584 +0200,
SUAVIDAD,0,6,6,6,,,,,,,,,,,,,4.81672041600001,,,,,,,,,,,,,,,,4.692217023000012,4.81672041600001,4.81672041600001,4.81672041600001,4.81672041600001,4.81672041600001,4.81672041600001,4.81672041600001,4.81672041600001,4.81672041600001,4.81672041600001,4.81672041600001,4.81672041600001,4.81672041600001,4.81672041600001,4.81672041600001,4.840012590000015,None,None,None,None,None,None,None,None,None,None,None,None,1,[0.059135247999989815],[0.059141748000001826],,,,,,,,,,,,,,,,,,,,,,,,,,,,,,,,,,,,,,,,,,,,,,180463,001,2024-07-17_00h27.22.781,SenstirEs_warningandinstructions,2024.1.4,None,2024-07-17 00h27.39.288584 +0200,
INTUITIVAMENTE,0,7,7,7,,,,,,,,,,,,,4.966726034000004,,,,,,,,,,,,,,,,4.840941891,4.966726034000004,4.966726034000004,4.966726034000004,4.966726034000004,4.966726034000004,4.966726034000004,4.966726034000004,4.966726034000004,4.966726034000004,4.966726034000004,4.966726034000004,4.966726034000004,4.966726034000004,4.966726034000004,4.966726034000004,5.224381133999998,None,None,None,None,None,None,None,None,None,None,None,None,1,[0.29338289400001827],[0.2934397570000158],,,,,,,,,,,,,,,,,,,,,,,,,,,,,,,,,,,,,,,,,,,,,,180463,001,2024-07-17_00h27.22.781,SenstirEs_warningandinstructions,2024.1.4,None,2024-07-17 00h27.39.288584 +0200,
FÉMUR,0,8,8,8,,,,,,,,,,,,,5.350153601000017,,,,,,,,,,,,,,,,5.225765684999999,5.350153601000017,5.350153601000017,5.350153601000017,5.350153601000017,5.350153601000017,5.350153601000017,5.350153601000017,5.350153601000017,5.350153601000017,5.350153601000017,5.350153601000017,5.350153601000017,5.350153601000017,5.350153601000017,5.350153601000017,5.374172891000001,None,None,None,None,None,None,None,None,None,None,None,None,1,[0.05728528500000607],[0.057292613000015535],,,,,,,,,,,,,,,,,,,,,,,,,,,,,,,,,,,,,,,,,,,,,,180463,001,2024-07-17_00h27.22.781,SenstirEs_warningandinstructions,2024.1.4,None,2024-07-17 00h27.39.288584 +0200,
ACARICIADO,0,9,9,9,,,,,,,,,,,,,5.503906981,,,,,,,,,,,,,,,,5.375110417000002,5.503906981,5.503906981,5.503906981,5.503906981,5.503906981,5.503906981,5.503906981,5.503906981,5.503906981,5.503906981,5.503906981,5.503906981,5.503906981,5.503906981,5.503906981,5.590675897000011,None,None,None,None,None,None,None,None,None,None,None,None,1,[0.1246216259999926],[0.12462931799998955],,,,,,,,,,,,,,,,,,,,,,,,,,,,,,,,,,,,,,,,,,,,,,180463,001,2024-07-17_00h27.22.781,SenstirEs_warningandinstructions,2024.1.4,None,2024-07-17 00h27.39.288584 +0200,
ACARICIAR,0,10,10,10,,,,,,,,,,,,,5.733298132000016,,,,,,,,,,,,,,,,5.591577729000022,5.733298132000016,5.733298132000016,5.733298132000016,5.733298132000016,5.733298132000016,5.733298132000016,5.733298132000016,5.733298132000016,5.733298132000016,5.733298132000016,5.733298132000016,5.733298132000016,5.733298132000016,5.733298132000016,5.733298132000016,5.824276663000006,None,None,None,None,None,None,None,None,None,None,None,None,1,[0.1328022239999882],[0.13280933499999037],,,,,,,,,,,,,,,,,,,,,,,,,,,,,,,,,,,,,,,,,,,,,,180463,001,2024-07-17_00h27.22.781,SenstirEs_warningandinstructions,2024.1.4,None,2024-07-17 00h27.39.288584 +0200,
PELUDO,0,11,11,11,,,,,,,,,,,,,5.949964549000015,,,,,,,,,,,,,,,,5.8252838620000205,5.949964549000015,5.949964549000015,5.949964549000015,5.949964549000015,5.949964549000015,5.949964549000015,5.949964549000015,5.949964549000015,5.949964549000015,5.949964549000015,5.949964549000015,5.949964549000015,5.949964549000015,5.949964549000015,5.949964549000015,5.973521066000018,None,None,None,None,None,None,None,None,None,None,None,None,1,[0.05828001199998312],[0.05828871699998217],,,,,,,,,,,,,,,,,,,,,,,,,,,,,,,,,,,,,,,,,,,,,,180463,001,2024-07-17_00h27.22.781,SenstirEs_warningandinstructions,2024.1.4,None,2024-07-17 00h27.39.288584 +0200,
INDESTRUCTIBILIDAD,0,12,12,12,,,,,,,,,,,,,6.100084030999994,,,,,,,,,,,,,,,,5.974434912000021,6.100084030999994,6.100084030999994,6.100084030999994,6.100084030999994,6.100084030999994,6.100084030999994,6.100084030999994,6.100084030999994,6.100084030999994,6.100084030999994,6.100084030999994,6.100084030999994,6.100084030999994,6.100084030999994,6.100084030999994,6.189805660000019,None,None,None,None,None,None,None,None,None,None,None,None,1,[0.1257550159999994],[0.12576180499999623],,,,,,,,,,,,,,,,,,,,,,,,,,,,,,,,,,,,,,,,,,,,,,180463,001,2024-07-17_00h27.22.781,SenstirEs_warningandinstructions,2024.1.4,None,2024-07-17 00h27.39.288584 +0200,
MASILLOSO,0,13,13,13,,,,,,,,,,,,,6.316624371000017,,,,,,,,,,,,,,,,6.190699133999999,6.316624371000017,6.316624371000017,6.316624371000017,6.316624371000017,6.316624371000017,6.316624371000017,6.316624371000017,6.316624371000017,6.316624371000017,6.316624371000017,6.316624371000017,6.316624371000017,6.316624371000017,6.316624371000017,6.316624371000017,6.341510628000009,None,None,None,None,None,None,None,None,None,None,None,None,1,[0.06012680099999557],[0.06013431199997399],,,,,,,,,,,,,,,,,,,,,,,,,,,,,,,,,,,,,,,,,,,,,,180463,001,2024-07-17_00h27.22.781,SenstirEs_warningandinstructions,2024.1.4,None,2024-07-17 00h27.39.288584 +0200,
AULLIDO,0,14,14,14,,,,,,,,,,,,,6.466804393000018,,,,,,,,,,,,,,,,6.342488220999996,6.466804393000018,6.466804393000018,6.466804393000018,6.466804393000018,6.466804393000018,6.466804393000018,6.466804393000018,6.466804393000018,6.466804393000018,6.466804393000018,6.466804393000018,6.466804393000018,6.466804393000018,6.466804393000018,6.466804393000018,6.557217284000018,None,None,None,None,None,None,None,None,None,None,None,None,1,[0.12621080499999948],[0.12621839999999906],,,,,,,,,,,,,,,,,,,,,,,,,,,,,,,,,,,,,,,,,,,,,,180463,001,2024-07-17_00h27.22.781,SenstirEs_warningandinstructions,2024.1.4,None,2024-07-17 00h27.39.288584 +0200,
TACTILMENTE,0,15,15,15,,,,,,,,,,,,,6.683335437000011,,,,,,,,,,,,,,,,6.558136427000022,6.683335437000011,6.683335437000011,6.683335437000011,6.683335437000011,6.683335437000011,6.683335437000011,6.683335437000011,6.683335437000011,6.683335437000011,6.683335437000011,6.683335437000011,6.683335437000011,6.683335437000011,6.683335437000011,6.683335437000011,6.772531398000012,None,None,None,None,None,None,None,None,None,None,None,None,1,[0.12530017200000998],[0.12530729899998505],,,,,,,,,,,,,,,,,,,,,,,,,,,,,,,,,,,,,,,,,,,,,,180463,001,2024-07-17_00h27.22.781,SenstirEs_warningandinstructions,2024.1.4,None,2024-07-17 00h27.39.288584 +0200,
CARA,0,16,16,16,,,,,,,,,,,,,6.899996380000005,,,,,,,,,,,,,,,,6.77343229600001,6.899996380000005,6.899996380000005,6.899996380000005,6.899996380000005,6.899996380000005,6.899996380000005,6.899996380000005,6.899996380000005,6.899996380000005,6.899996380000005,6.899996380000005,6.899996380000005,6.899996380000005,6.899996380000005,6.899996380000005,6.989825284999995,None,None,None,None,None,None,None,None,None,None,None,None,1,[0.12823867800000244],[0.1282476460000055],,,,,,,,,,,,,,,,,,,,,,,,,,,,,,,,,,,,,,,,,,,,,,180463,001,2024-07-17_00h27.22.781,SenstirEs_warningandinstructions,2024.1.4,None,2024-07-17 00h27.39.288584 +0200,
DEPLORAR,0,17,17,17,,,,,,,,,,,,,7.116607043000016,,,,,,,,,,,,,,,,6.990723410000015,7.116607043000016,7.116607043000016,7.116607043000016,7.116607043000016,7.116607043000016,7.116607043000016,7.116607043000016,7.116607043000016,7.116607043000016,7.116607043000016,7.116607043000016,7.116607043000016,7.116607043000016,7.116607043000016,7.116607043000016,7.207340838000022,None,None,None,None,None,None,None,None,None,None,None,None,1,[0.12732176000000095],[0.12732889199998],,,,,,,,,,,,,,,,,,,,,,,,,,,,,,,,,,,,,,,,,,,,,,180463,001,2024-07-17_00h27.22.781,SenstirEs_warningandinstructions,2024.1.4,None,2024-07-17 00h27.39.288584 +0200,
TORRINO ,0,18,18,18,,,,,,,,,,,,,7.333194778000006,,,,,,,,,,,,,,,,7.208302155000013,7.333194778000006,7.333194778000006,7.333194778000006,7.333194778000006,7.333194778000006,7.333194778000006,7.333194778000006,7.333194778000006,7.333194778000006,7.333194778000006,7.333194778000006,7.333194778000006,7.333194778000006,7.333194778000006,7.333194778000006,7.423454971000012,None,None,None,None,None,None,None,None,None,None,None,None,1,[0.12549549700000284],[0.12550314199998525],,,,,,,,,,,,,,,,,,,,,,,,,,,,,,,,,,,,,,,,,,,,,,180463,001,2024-07-17_00h27.22.781,SenstirEs_warningandinstructions,2024.1.4,None,2024-07-17 00h27.39.288584 +0200,
,,,,,,,,,,,,,,,,,,,,,,,,,,,,,,,,,,,,,,,,,,,,,,,,,,,,,,,,,,,,,,,,,7.4242824030000065,7.473166697000011,7.473166697000011,7.473166697000011,7.473166697000011,12.986482859999995,0,,,1,[5.558338727000006],[5.558359042999996],0,,,,,,,,,,,,,,,,,,,,,,,,,,,,,,,,,180463,001,2024-07-17_00h27.22.781,SenstirEs_warningandinstructions,2024.1.4,None,2024-07-17 00h27.39.288584 +0200,
TIRADO,,,,,0,0,0,0,,,,,,,,,13.116770924000008,,,,,,,,,,,,,,,,12.990704611000012,13.116770924000008,13.116770924000008,13.116770924000008,13.116770924000008,13.116770924000008,13.116770924000008,13.116770924000008,13.116770924000008,13.116770924000008,13.116770924000008,13.116770924000008,13.116770924000008,13.116770924000008,13.116770924000008,13.116770924000008,14.269043167999996,None,None,None,None,None,None,None,None,None,None,None,None,1,[1.1784460850000187],[1.1784544970000184],,,,,,,,,,,,,,,,,,,,,,,,,,,,,,,,,,,,,,,,,,,,,,180463,001,2024-07-17_00h27.22.781,SenstirEs_warningandinstructions,2024.1.4,None,2024-07-17 00h27.39.288584 +0200,
PARAPSICOLOGÍA,,,,,0,1,1,1,,,,,,,,,14.423171655000004,,,,,,,,,,,,,,,,14.271239046000005,14.423171655000004,14.423171655000004,14.423171655000004,14.423171655000004,14.423171655000004,14.423171655000004,14.423171655000004,14.423171655000004,14.423171655000004,14.423171655000004,14.423171655000004,14.423171655000004,14.423171655000004,14.423171655000004,14.423171655000004,14.451629827999994,None,None,None,None,None,None,None,None,None,None,None,None,1,[0.06937759199999505],[0.06938788100001148],,,,,,,,,,,,,,,,,,,,,,,,,,,,,,,,,,,,,,,,,,,,,,180463,001,2024-07-17_00h27.22.781,SenstirEs_warningandinstructions,2024.1.4,None,2024-07-17 00h27.39.288584 +0200,
DIESTRO,,,,,0,2,2,2,,,,,,,,,14.617141769,,,,,,,,,,,,,,,,14.45251205400001,14.617141769,14.617141769,14.617141769,14.617141769,14.617141769,14.617141769,14.617141769,14.617141769,14.617141769,14.617141769,14.617141769,14.617141769,14.617141769,14.617141769,14.617141769,14.646541277000011,None,None,None,None,None,None,None,None,None,None,None,None,1,[0.07869772500001204],[0.0787074000000132],,,,,,,,,,,,,,,,,,,,,,,,,,,,,,,,,,,,,,,,,,,,,,180463,001,2024-07-17_00h27.22.781,SenstirEs_warningandinstructions,2024.1.4,None,2024-07-17 00h27.39.288584 +0200,
PESIMISTA,,,,,0,3,3,3,,,,,,,,,14.774302411999997,,,,,,,,,,,,,,,,14.648084361000002,14.774302411999997,14.774302411999997,14.774302411999997,14.774302411999997,14.774302411999997,14.774302411999997,14.774302411999997,14.774302411999997,14.774302411999997,14.774302411999997,14.774302411999997,14.774302411999997,14.774302411999997,14.774302411999997,14.774302411999997,14.80173044,None,None,None,None,None,None,None,None,None,None,None,None,1,[0.05956936500001575],[0.05957601400001522],,,,,,,,,,,,,,,,,,,,,,,,,,,,,,,,,,,,,,,,,,,,,,180463,001,2024-07-17_00h27.22.781,SenstirEs_warningandinstructions,2024.1.4,None,2024-07-17 00h27.39.288584 +0200,
PICAPORTE,,,,,0,4,4,4,,,,,,,,,14.933247101000006,,,,,,,,,,,,,,,,14.802642242000019,14.933247101000006,14.933247101000006,14.933247101000006,14.933247101000006,14.933247101000006,14.933247101000006,14.933247101000006,14.933247101000006,14.933247101000006,14.933247101000006,14.933247101000006,14.933247101000006,14.933247101000006,14.933247101000006,14.933247101000006,14.95690959700002,None,None,None,None,None,None,None,None,None,None,None,None,1,[0.06311392500001034],[0.06312493400000108],,,,,,,,,,,,,,,,,,,,,,,,,,,,,,,,,,,,,,,,,,,,,,180463,001,2024-07-17_00h27.22.781,SenstirEs_warningandinstructions,2024.1.4,None,2024-07-17 00h27.39.288584 +0200,
MALA PERSONA,,,,,0,5,5,5,,,,,,,,,15.08403527500002,,,,,,,,,,,,,,,,14.958113018000006,15.08403527500002,15.08403527500002,15.08403527500002,15.08403527500002,15.08403527500002,15.08403527500002,15.08403527500002,15.08403527500002,15.08403527500002,15.08403527500002,15.08403527500002,15.08403527500002,15.08403527500002,15.08403527500002,15.08403527500002,15.308694306000007,None,None,None,None,None,None,None,None,None,None,None,None,1,[0.25696371899999804],[0.2569704789999889],,,,,,,,,,,,,,,,,,,,,,,,,,,,,,,,,,,,,,,,,,,,,,180463,001,2024-07-17_00h27.22.781,SenstirEs_warningandinstructions,2024.1.4,None,2024-07-17 00h27.39.288584 +0200,
CIELOS,,,,,0,6,6,6,,,,,,,,,15.449807450999998,,,,,,,,,,,,,,,,15.30972879700002,15.449807450999998,15.449807450999998,15.449807450999998,15.449807450999998,15.449807450999998,15.449807450999998,15.449807450999998,15.449807450999998,15.449807450999998,15.449807450999998,15.449807450999998,15.449807450999998,15.449807450999998,15.449807450999998,15.449807450999998,15.478080166000012,None,None,None,None,None,None,None,None,None,None,None,None,1,[0.06218366300001321],[0.06219071500001405],,,,,,,,,,,,,,,,,,,,,,,,,,,,,,,,,,,,,,,,,,,,,,180463,001,2024-07-17_00h27.22.781,SenstirEs_warningandinstructions,2024.1.4,None,2024-07-17 00h27.39.288584 +0200,
VISTA,,,,,0,7,7,7,,,,,,,,,15.604001022000006,,,,,,,,,,,,,,,,15.479069307000003,15.604001022000006,15.604001022000006,15.604001022000006,15.604001022000006,15.604001022000006,15.604001022000006,15.604001022000006,15.604001022000006,15.604001022000006,15.604001022000006,15.604001022000006,15.604001022000006,15.604001022000006,15.604001022000006,15.604001022000006,15.690899459999997,None,None,None,None,None,None,None,None,None,None,None,None,1,[0.12089348099999597],[0.1209042659999966],,,,,,,,,,,,,,,,,,,,,,,,,,,,,,,,,,,,,,,,,,,,,,180463,001,2024-07-17_00h27.22.781,SenstirEs_warningandinstructions,2024.1.4,None,2024-07-17 00h27.39.288584 +0200,
PELIGRO,,,,,0,8,8,8,,,,,,,,,15.822518068000022,,,,,,,,,,,,,,,,15.692284787999995,15.822518068000022,15.822518068000022,15.822518068000022,15.822518068000022,15.822518068000022,15.822518068000022,15.822518068000022,15.822518068000022,15.822518068000022,15.822518068000022,15.822518068000022,15.822518068000022,15.822518068000022,15.822518068000022,15.822518068000022,15.850093205000007,None,None,None,None,None,None,None,None,None,None,None,None,1,[0.06417347600000767],[0.06418318600000816],,,,,,,,,,,,,,,,,,,,,,,,,,,,,,,,,,,,,,,,,,,,,,180463,001,2024-07-17_00h27.22.781,SenstirEs_warningandinstructions,2024.1.4,None,2024-07-17 00h27.39.288584 +0200,
AGARRE,,,,,0,9,9,9,,,,,,,,,15.98335443900001,,,,,,,,,,,,,,,,15.85105697100002,15.98335443900001,15.98335443900001,15.98335443900001,15.98335443900001,15.98335443900001,15.98335443900001,15.98335443900001,15.98335443900001,15.98335443900001,15.98335443900001,15.98335443900001,15.98335443900001,15.98335443900001,15.98335443900001,15.98335443900001,16.073873682,None,None,None,None,None,None,None,None,None,None,None,None,1,[0.12769149600001128],[0.12769855100000882],,,,,,,,,,,,,,,,,,,,,,,,,,,,,,,,,,,,,,,,,,,,,,180463,001,2024-07-17_00h27.22.781,SenstirEs_warningandinstructions,2024.1.4,None,2024-07-17 00h27.39.288584 +0200,
INCOMUNICABILIDAD,,,,,0,10,10,10,,,,,,,,,16.216611295000007,,,,,,,,,,,,,,,,16.074800771000014,16.216611295000007,16.216611295000007,16.216611295000007,16.216611295000007,16.216611295000007,16.216611295000007,16.216611295000007,16.216611295000007,16.216611295000007,16.216611295000007,16.216611295000007,16.216611295000007,16.216611295000007,16.216611295000007,16.216611295000007,16.24176612400001,None,None,None,None,None,None,None,None,None,None,None,None,1,[0.06664800199999377],[0.0666554420000125],,,,,,,,,,,,,,,,,,,,,,,,,,,,,,,,,,,,,,,,,,,,,,180463,001,2024-07-17_00h27.22.781,SenstirEs_warningandinstructions,2024.1.4,None,2024-07-17 00h27.39.288584 +0200,
YOUTUBE,,,,,0,11,11,11,,,,,,,,,16.383264370999996,,,,,,,,,,,,,,,,16.24271804900002,16.383264370999996,16.383264370999996,16.383264370999996,16.383264370999996,16.383264370999996,16.383264370999996,16.383264370999996,16.383264370999996,16.383264370999996,16.383264370999996,16.383264370999996,16.383264370999996,16.383264370999996,16.383264370999996,16.383264370999996,16.473812686000002,None,None,None,None,None,None,None,None,None,None,None,None,1,[0.13171932200000924],[0.13172969100000387],,,,,,,,,,,,,,,,,,,,,,,,,,,,,,,,,,,,,,,,,,,,,,180463,001,2024-07-17_00h27.22.781,SenstirEs_warningandinstructions,2024.1.4,None,2024-07-17 00h27.39.288584 +0200,
AFLOJAR,,,,,0,12,12,12,,,,,,,,,16.606015307000007,,,,,,,,,,,,,,,,16.475130485000022,16.606015307000007,16.606015307000007,16.606015307000007,16.606015307000007,16.606015307000007,16.606015307000007,16.606015307000007,16.606015307000007,16.606015307000007,16.606015307000007,16.606015307000007,16.606015307000007,16.606015307000007,16.606015307000007,16.606015307000007,16.63042295400001,None,None,None,None,None,None,None,None,None,None,None,None,1,[0.06396240899999839],[0.06396943400000055],,,,,,,,,,,,,,,,,,,,,,,,,,,,,,,,,,,,,,,,,,,,,,180463,001,2024-07-17_00h27.22.781,SenstirEs_warningandinstructions,2024.1.4,None,2024-07-17 00h27.39.288584 +0200,
GOLPE,,,,,0,13,13,13,,,,,,,,,16.766536645000002,,,,,,,,,,,,,,,,16.63151789700001,16.766536645000002,16.766536645000002,16.766536645000002,16.766536645000002,16.766536645000002,16.766536645000002,16.766536645000002,16.766536645000002,16.766536645000002,16.766536645000002,16.766536645000002,16.766536645000002,16.766536645000002,16.766536645000002,16.766536645000002,16.86015156800002,None,None,None,None,None,None,None,None,None,None,None,None,1,[0.13282477399999948],[0.13283098599998766],,,,,,,,,,,,,,,,,,,,,,,,,,,,,,,,,,,,,,,,,,,,,,180463,001,2024-07-17_00h27.22.781,SenstirEs_warningandinstructions,2024.1.4,None,2024-07-17 00h27.39.288584 +0200,
PODRÍA,,,,,0,14,14,14,,,,,,,,,16.988959222000005,,,,,,,,,,,,,,,,16.861203465000017,16.988959222000005,16.988959222000005,16.988959222000005,16.988959222000005,16.988959222000005,16.988959222000005,16.988959222000005,16.988959222000005,16.988959222000005,16.988959222000005,16.988959222000005,16.988959222000005,16.988959222000005,16.988959222000005,16.988959222000005,17.075855863000015,None,None,None,None,None,None,None,None,None,None,None,None,1,[0.11847943500001179],[0.11849683600001981],,,,,,,,,,,,,,,,,,,,,,,,,,,,,,,,,,,,,,,,,,,,,,180463,001,2024-07-17_00h27.22.781,SenstirEs_warningandinstructions,2024.1.4,None,2024-07-17 00h27.39.288584 +0200,
TELEVISION,,,,,0,15,15,15,,,,,,,,,17.200391687999996,,,,,,,,,,,,,,,,17.076917519999995,17.200391687999996,17.200391687999996,17.200391687999996,17.200391687999996,17.200391687999996,17.200391687999996,17.200391687999996,17.200391687999996,17.200391687999996,17.200391687999996,17.200391687999996,17.200391687999996,17.200391687999996,17.200391687999996,17.200391687999996,17.29068354100002,None,None,None,None,None,None,None,None,None,None,None,None,1,[0.12388384900000915],[0.1238926030000016],,,,,,,,,,,,,,,,,,,,,,,,,,,,,,,,,,,,,,,,,,,,,,180463,001,2024-07-17_00h27.22.781,SenstirEs_warningandinstructions,2024.1.4,None,2024-07-17 00h27.39.288584 +0200,
VISIBLE,,,,,0,16,16,16,,,,,,,,,17.416724208000005,,,,,,,,,,,,,,,,17.29160145900002,17.416724208000005,17.416724208000005,17.416724208000005,17.416724208000005,17.416724208000005,17.416724208000005,17.416724208000005,17.416724208000005,17.416724208000005,17.416724208000005,17.416724208000005,17.416724208000005,17.416724208000005,17.416724208000005,17.416724208000005,17.507064232000005,None,None,None,None,None,None,None,None,None,None,None,None,1,[0.12514956399999733],[0.1251737940000055],,,,,,,,,,,,,,,,,,,,,,,,,,,,,,,,,,,,,,,,,,,,,,180463,001,2024-07-17_00h27.22.781,SenstirEs_warningandinstructions,2024.1.4,None,2024-07-17 00h27.39.288584 +0200,
NO COMESTIBLE,,,,,0,17,17,17,,,,,,,,,17.633301426000003,,,,,,,,,,,,,,,,17.508181817999997,17.633301426000003,17.633301426000003,17.633301426000003,17.633301426000003,17.633301426000003,17.633301426000003,17.633301426000003,17.633301426000003,17.633301426000003,17.633301426000003,17.633301426000003,17.633301426000003,17.633301426000003,17.633301426000003,17.633301426000003,17.724358534000004,None,None,None,None,None,None,None,None,None,None,None,None,1,[0.12588073200001304],[0.12588738299999136],,,,,,,,,,,,,,,,,,,,,,,,,,,,,,,,,,,,,,,,,,,,,,180463,001,2024-07-17_00h27.22.781,SenstirEs_warningandinstructions,2024.1.4,None,2024-07-17 00h27.39.288584 +0200,
ALÉRGICO,,,,,0,18,18,18,,,,,,,,,17.85050412800001,,,,,,,,,,,,,,,,17.725253371000008,17.85050412800001,17.85050412800001,17.85050412800001,17.85050412800001,17.85050412800001,17.85050412800001,17.85050412800001,17.85050412800001,17.85050412800001,17.85050412800001,17.85050412800001,17.85050412800001,17.85050412800001,17.85050412800001,17.85050412800001,17.939723750000013,None,None,None,None,None,None,None,None,None,None,None,None,1,[0.12442913300000669],[0.1244356949999883],,,,,,,,,,,,,,,,,,,,,,,,,,,,,,,,,,,,,,,,,,,,,,180463,001,2024-07-17_00h27.22.781,SenstirEs_warningandinstructions,2024.1.4,None,2024-07-17 00h27.39.288584 +0200,
BONITO,,,,,0,19,19,19,,,,,,,,,18.06650411000001,,,,,,,,,,,,,,,,17.940613791000004,18.06650411000001,18.06650411000001,18.06650411000001,18.06650411000001,18.06650411000001,18.06650411000001,18.06650411000001,18.06650411000001,18.06650411000001,18.06650411000001,18.06650411000001,18.06650411000001,18.06650411000001,18.06650411000001,18.06650411000001,18.157269849000016,None,None,None,None,None,None,None,None,None,None,None,None,1,[0.12579911900002116],[0.12580624299999954],,,,,,,,,,,,,,,,,,,,,,,,,,,,,,,,,,,,,,,,,,,,,,180463,001,2024-07-17_00h27.22.781,SenstirEs_warningandinstructions,2024.1.4,None,2024-07-17 00h27.39.288584 +0200,
SEDOSO,,,,,0,20,20,20,,,,,,,,,18.283140524000004,,,,,,,,,,,,,,,,18.158165998000015,18.283140524000004,18.283140524000004,18.283140524000004,18.283140524000004,18.283140524000004,18.283140524000004,18.283140524000004,18.283140524000004,18.283140524000004,18.283140524000004,18.283140524000004,18.283140524000004,18.283140524000004,18.283140524000004,18.283140524000004,18.374599211000003,None,None,None,None,None,None,None,None,None,None,None,None,1,[0.12526492599999983],[0.125271994000002],,,,,,,,,,,,,,,,,,,,,,,,,,,,,,,,,,,,,,,,,,,,,,180463,001,2024-07-17_00h27.22.781,SenstirEs_warningandinstructions,2024.1.4,None,2024-07-17 00h27.39.288584 +0200,
VISTA,,,,,0,21,21,21,,,,,,,,,18.504259401000013,,,,,,,,,,,,,,,,18.37559572400002,18.504259401000013,18.504259401000013,18.504259401000013,18.504259401000013,18.504259401000013,18.504259401000013,18.504259401000013,18.504259401000013,18.504259401000013,18.504259401000013,18.504259401000013,18.504259401000013,18.504259401000013,18.504259401000013,18.504259401000013,18.592894981,None,None,None,None,None,None,None,None,None,None,None,None,1,[0.12831758699999796],[0.12832460000001333],,,,,,,,,,,,,,,,,,,,,,,,,,,,,,,,,,,,,,,,,,,,,,180463,001,2024-07-17_00h27.22.781,SenstirEs_warningandinstructions,2024.1.4,None,2024-07-17 00h27.39.288584 +0200,
ETIQUETA,,,,,0,22,22,22,,,,,,,,,18.733382024999997,,,,,,,,,,,,,,,,18.593911194000015,18.733382024999997,18.733382024999997,18.733382024999997,18.733382024999997,18.733382024999997,18.733382024999997,18.733382024999997,18.733382024999997,18.733382024999997,18.733382024999997,18.733382024999997,18.733382024999997,18.733382024999997,18.733382024999997,18.733382024999997,18.828825816000005,None,None,None,None,None,None,None,None,None,None,None,None,1,[0.13743577799999684],[0.13744236799999499],,,,,,,,,,,,,,,,,,,,,,,,,,,,,,,,,,,,,,,,,,,,,,180463,001,2024-07-17_00h27.22.781,SenstirEs_warningandinstructions,2024.1.4,None,2024-07-17 00h27.39.288584 +0200,
ENROSCARSE,,,,,0,23,23,23,,,,,,,,,18.966578682999994,,,,,,,,,,,,,,,,18.829786334000005,18.966578682999994,18.966578682999994,18.966578682999994,18.966578682999994,18.966578682999994,18.966578682999994,18.966578682999994,18.966578682999994,18.966578682999994,18.966578682999994,18.966578682999994,18.966578682999994,18.966578682999994,18.966578682999994,18.966578682999994,19.056668621,None,None,None,None,None,None,None,None,None,None,None,None,1,[0.1325971759999902],[0.1326086299999929],,,,,,,,,,,,,,,,,,,,,,,,,,,,,,,,,,,,,,,,,,,,,,180463,001,2024-07-17_00h27.22.781,SenstirEs_warningandinstructions,2024.1.4,None,2024-07-17 00h27.39.288584 +0200,
COLUMNA VERTEBRAL,,,,,0,24,24,24,,,,,,,,,19.183275448000018,,,,,,,,,,,,,,,,19.057648423000018,19.183275448000018,19.183275448000018,19.183275448000018,19.183275448000018,19.183275448000018,19.183275448000018,19.183275448000018,19.183275448000018,19.183275448000018,19.183275448000018,19.183275448000018,19.183275448000018,19.183275448000018,19.183275448000018,19.183275448000018,19.275052575000018,None,None,None,None,None,None,None,None,None,None,None,None,1,[0.12615347700000257],[0.12616062199998623],,,,,,,,,,,,,,,,,,,,,,,,,,,,,,,,,,,,,,,,,,,,,,180463,001,2024-07-17_00h27.22.781,SenstirEs_warningandinstructions,2024.1.4,None,2024-07-17 00h27.39.288584 +0200,
,,,,,,,,,,,,,,,,,,,,,,,,,,,,,,,,,,,,,,,,,,,,,,,,,,,,,,,,,,,,,,,,,,,,,,,,,,,,,,,,19.27599408400002,19.333382209999996,19.333382209999996,19.333382209999996,19.333382209999996,21.50387930400001,1,[2.2228616579999994],[2.2228737220000028],0,,,0,,,,,,,,,,,,,,,,,,180463,001,2024-07-17_00h27.22.781,SenstirEs_warningandinstructions,2024.1.4,None,2024-07-17 00h27.39.288584 +0200,
VISTA LATERAL,,,,,,,,,0,0,0,0,,,,,21.633652143999996,,,,,,,,,,,,,,,,21.508165735000006,21.633652143999996,21.633652143999996,21.633652143999996,21.633652143999996,21.633652143999996,21.633652143999996,21.633652143999996,21.633652143999996,21.633652143999996,21.633652143999996,21.633652143999996,21.633652143999996,21.633652143999996,21.633652143999996,21.633652143999996,22.524314009000022,None,None,None,None,None,None,None,None,None,None,None,None,1,[0.9248984449999966],[0.9249085669999886],,,,,,,,,,,,,,,,,,,,,,,,,,,,,,,,,,,,,,,,,,,,,,180463,001,2024-07-17_00h27.22.781,SenstirEs_warningandinstructions,2024.1.4,None,2024-07-17 00h27.39.288584 +0200,
LISO,,,,,,,,,0,1,1,1,,,,,22.65122693500001,,,,,,,,,,,,,,,,22.525937383000013,22.65122693500001,22.65122693500001,22.65122693500001,22.65122693500001,22.65122693500001,22.65122693500001,22.65122693500001,22.65122693500001,22.65122693500001,22.65122693500001,22.65122693500001,22.65122693500001,22.65122693500001,22.65122693500001,22.65122693500001,22.740874036999998,None,None,None,None,None,None,None,None,None,None,None,None,1,[0.12458464099998423],[0.12459147900000289],,,,,,,,,,,,,,,,,,,,,,,,,,,,,,,,,,,,,,,,,,,,,,180463,001,2024-07-17_00h27.22.781,SenstirEs_warningandinstructions,2024.1.4,None,2024-07-17 00h27.39.288584 +0200,
DOLOROSO,,,,,,,,,0,2,2,2,,,,,22.866543330000013,,,,,,,,,,,,,,,,22.741758765000014,22.866543330000013,22.866543330000013,22.866543330000013,22.866543330000013,22.866543330000013,22.866543330000013,22.866543330000013,22.866543330000013,22.866543330000013,22.866543330000013,22.866543330000013,22.866543330000013,22.866543330000013,22.866543330000013,22.866543330000013,22.957793363000008,None,None,None,None,None,None,None,None,None,None,None,None,1,[0.1263406699999905],[0.12634758999999463],,,,,,,,,,,,,,,,,,,,,,,,,,,,,,,,,,,,,,,,,,,,,,180463,001,2024-07-17_00h27.22.781,SenstirEs_warningandinstructions,2024.1.4,None,2024-07-17 00h27.39.288584 +0200,
WIKIPEDIA,,,,,,,,,0,3,3,3,,,,,23.084441302000016,,,,,,,,,,,,,,,,22.958732733999994,23.084441302000016,23.084441302000016,23.084441302000016,23.084441302000016,23.084441302000016,23.084441302000016,23.084441302000016,23.084441302000016,23.084441302000016,23.084441302000016,23.084441302000016,23.084441302000016,23.084441302000016,23.084441302000016,23.084441302000016,23.10693075200001,None,None,None,None,None,None,None,None,None,None,None,None,1,[0.058812684000002946],[0.05881942000002027],,,,,,,,,,,,,,,,,,,,,,,,,,,,,,,,,,,,,,,,,,,,,,180463,001,2024-07-17_00h27.22.781,SenstirEs_warningandinstructions,2024.1.4,None,2024-07-17 00h27.39.288584 +0200,
TOMILLO,,,,,,,,,0,4,4,4,,,,,23.23304740200001,,,,,,,,,,,,,,,,23.107829720000012,23.23304740200001,23.23304740200001,23.23304740200001,23.23304740200001,23.23304740200001,23.23304740200001,23.23304740200001,23.23304740200001,23.23304740200001,23.23304740200001,23.23304740200001,23.23304740200001,23.23304740200001,23.23304740200001,23.23304740200001,23.31599072200001,None,None,None,None,None,None,None,None,None,None,None,None,1,[0.1182745309999973],[0.11828436400000442],,,,,,,,,,,,,,,,,,,,,,,,,,,,,,,,,,,,,,,,,,,,,,180463,001,2024-07-17_00h27.22.781,SenstirEs_warningandinstructions,2024.1.4,None,2024-07-17 00h27.39.288584 +0200,
CONSIGUIENTE ,,,,,,,,,0,5,5,5,,,,,23.440694715999996,,,,,,,,,,,,,,,,23.316911097000002,23.440694715999996,23.440694715999996,23.440694715999996,23.440694715999996,23.440694715999996,23.440694715999996,23.440694715999996,23.440694715999996,23.440694715999996,23.440694715999996,23.440694715999996,23.440694715999996,23.440694715999996,23.440694715999996,23.440694715999996,23.525230813000007,None,None,None,None,None,None,None,None,None,None,None,None,1,[0.11835086800002159],[0.11835778800002572],,,,,,,,,,,,,,,,,,,,,,,,,,,,,,,,,,,,,,,,,,,,,,180463,001,2024-07-17_00h27.22.781,SenstirEs_warningandinstructions,2024.1.4,None,2024-07-17 00h27.39.288584 +0200,
EXCRETOR,,,,,,,,,0,6,6,6,,,,,23.655445401999998,,,,,,,,,,,,,,,,23.526330005000005,23.655445401999998,23.655445401999998,23.655445401999998,23.655445401999998,23.655445401999998,23.655445401999998,23.655445401999998,23.655445401999998,23.655445401999998,23.655445401999998,23.655445401999998,23.655445401999998,23.655445401999998,23.655445401999998,23.655445401999998,23.73974522900002,None,None,None,None,None,None,None,None,None,None,None,None,1,[0.11890398199997776],[0.11891036199997984],,,,,,,,,,,,,,,,,,,,,,,,,,,,,,,,,,,,,,,,,,,,,,180463,001,2024-07-17_00h27.22.781,SenstirEs_warningandinstructions,2024.1.4,None,2024-07-17 00h27.39.288584 +0200,
MASAJE,,,,,,,,,0,7,7,7,,,,,23.866455506000023,,,,,,,,,,,,,,,,23.740977866999998,23.866455506000023,23.866455506000023,23.866455506000023,23.866455506000023,23.866455506000023,23.866455506000023,23.866455506000023,23.866455506000023,23.866455506000023,23.866455506000023,23.866455506000023,23.866455506000023,23.866455506000023,23.866455506000023,23.866455506000023,23.957661027,None,None,None,None,None,None,None,None,None,None,None,None,1,[0.12636162699999431],[0.1263681449999865],,,,,,,,,,,,,,,,,,,,,,,,,,,,,,,,,,,,,,,,,,,,,,180463,001,2024-07-17_00h27.22.781,SenstirEs_warningandinstructions,2024.1.4,None,2024-07-17 00h27.39.288584 +0200,
ABRIGARSE,,,,,,,,,0,8,8,8,,,,,24.083104770000006,,,,,,,,,,,,,,,,23.958627764,24.083104770000006,24.083104770000006,24.083104770000006,24.083104770000006,24.083104770000006,24.083104770000006,24.083104770000006,24.083104770000006,24.083104770000006,24.083104770000006,24.083104770000006,24.083104770000006,24.083104770000006,24.083104770000006,24.083104770000006,24.175485225000017,None,None,None,None,None,None,None,None,None,None,None,None,1,[0.12464494299999274],[0.12465458400001239],,,,,,,,,,,,,,,,,,,,,,,,,,,,,,,,,,,,,,,,,,,,,,180463,001,2024-07-17_00h27.22.781,SenstirEs_warningandinstructions,2024.1.4,None,2024-07-17 00h27.39.288584 +0200,
COXIS,,,,,,,,,0,9,9,9,,,,,24.299662214000023,,,,,,,,,,,,,,,,24.176798972,24.299662214000023,24.299662214000023,24.299662214000023,24.299662214000023,24.299662214000023,24.299662214000023,24.299662214000023,24.299662214000023,24.299662214000023,24.299662214000023,24.299662214000023,24.299662214000023,24.299662214000023,24.299662214000023,24.299662214000023,24.3896934,None,None,None,None,None,None,None,None,None,None,None,None,1,[0.12484005100000672],[0.12484901100000911],,,,,,,,,,,,,,,,,,,,,,,,,,,,,,,,,,,,,,,,,,,,,,180463,001,2024-07-17_00h27.22.781,SenstirEs_warningandinstructions,2024.1.4,None,2024-07-17 00h27.39.288584 +0200,
FROTAR,,,,,,,,,0,10,10,10,,,,,24.516648610000004,,,,,,,,,,,,,,,,24.390592063000014,24.516648610000004,24.516648610000004,24.516648610000004,24.516648610000004,24.516648610000004,24.516648610000004,24.516648610000004,24.516648610000004,24.516648610000004,24.516648610000004,24.516648610000004,24.516648610000004,24.516648610000004,24.516648610000004,24.516648610000004,24.608496429000013,None,None,None,None,None,None,None,None,None,None,None,None,1,[0.1269738519999919],[0.12698071799999866],,,,,,,,,,,,,,,,,,,,,,,,,,,,,,,,,,,,,,,,,,,,,,180463,001,2024-07-17_00h27.22.781,SenstirEs_warningandinstructions,2024.1.4,None,2024-07-17 00h27.39.288584 +0200,
NO,,,,,,,,,0,11,11,11,,,,,24.732873787000017,,,,,,,,,,,,,,,,24.609675384000013,24.732873787000017,24.732873787000017,24.732873787000017,24.732873787000017,24.732873787000017,24.732873787000017,24.732873787000017,24.732873787000017,24.732873787000017,24.732873787000017,24.732873787000017,24.732873787000017,24.732873787000017,24.732873787000017,24.732873787000017,24.757856523000015,None,None,None,None,None,None,None,None,None,None,None,None,1,[0.057917717999998786],[0.057925201999978526],,,,,,,,,,,,,,,,,,,,,,,,,,,,,,,,,,,,,,,,,,,,,,180463,001,2024-07-17_00h27.22.781,SenstirEs_warningandinstructions,2024.1.4,None,2024-07-17 00h27.39.288584 +0200,
ESPINOSO,,,,,,,,,0,12,12,12,,,,,24.883086105000018,,,,,,,,,,,,,,,,24.758767317000007,24.883086105000018,24.883086105000018,24.883086105000018,24.883086105000018,24.883086105000018,24.883086105000018,24.883086105000018,24.883086105000018,24.883086105000018,24.883086105000018,24.883086105000018,24.883086105000018,24.883086105000018,24.883086105000018,24.883086105000018,25.024986063,None,None,None,None,None,None,None,None,None,None,None,None,1,[0.17882097999998336],[0.178827603000002],,,,,,,,,,,,,,,,,,,,,,,,,,,,,,,,,,,,,,,,,,,,,,180463,001,2024-07-17_00h27.22.781,SenstirEs_warningandinstructions,2024.1.4,None,2024-07-17 00h27.39.288584 +0200,
ÁNGEL GUARDIAN,,,,,,,,,0,13,13,13,,,,,25.151437301000016,,,,,,,,,,,,,,,,25.025877807,25.151437301000016,25.151437301000016,25.151437301000016,25.151437301000016,25.151437301000016,25.151437301000016,25.151437301000016,25.151437301000016,25.151437301000016,25.151437301000016,25.151437301000016,25.151437301000016,25.151437301000016,25.151437301000016,25.151437301000016,25.240448584000006,None,None,None,None,None,None,None,None,None,None,None,None,1,[0.12184698599998],[0.12185427199997889],,,,,,,,,,,,,,,,,,,,,,,,,,,,,,,,,,,,,,,,,,,,,,180463,001,2024-07-17_00h27.22.781,SenstirEs_warningandinstructions,2024.1.4,None,2024-07-17 00h27.39.288584 +0200,
JURAR,,,,,,,,,0,14,14,14,,,,,25.366473415,,,,,,,,,,,,,,,,25.24136910200002,25.366473415,25.366473415,25.366473415,25.366473415,25.366473415,25.366473415,25.366473415,25.366473415,25.366473415,25.366473415,25.366473415,25.366473415,25.366473415,25.366473415,25.366473415,25.46228480800002,None,None,None,None,None,None,None,None,None,None,None,None,1,[0.12542793000000074],[0.1254358489999845],,,,,,,,,,,,,,,,,,,,,,,,,,,,,,,,,,,,,,,,,,,,,,180463,001,2024-07-17_00h27.22.781,SenstirEs_warningandinstructions,2024.1.4,None,2024-07-17 00h27.39.288584 +0200,
RETOMAR,,,,,,,,,0,15,15,15,,,,,25.586671066999997,,,,,,,,,,,,,,,,25.463168431000014,25.586671066999997,25.586671066999997,25.586671066999997,25.586671066999997,25.586671066999997,25.586671066999997,25.586671066999997,25.586671066999997,25.586671066999997,25.586671066999997,25.586671066999997,25.586671066999997,25.586671066999997,25.586671066999997,25.586671066999997,25.674377477000007,None,None,None,None,None,None,None,None,None,None,None,None,1,[0.12147276400000351],[0.12148156199998539],,,,,,,,,,,,,,,,,,,,,,,,,,,,,,,,,,,,,,,,,,,,,,180463,001,2024-07-17_00h27.22.781,SenstirEs_warningandinstructions,2024.1.4,None,2024-07-17 00h27.39.288584 +0200,
CÓDIGO DE BARRAS,,,,,,,,,0,16,16,16,,,,,25.801325390000017,,,,,,,,,,,,,,,,25.67543586300002,25.801325390000017,25.801325390000017,25.801325390000017,25.801325390000017,25.801325390000017,25.801325390000017,25.801325390000017,25.801325390000017,25.801325390000017,25.801325390000017,25.801325390000017,25.801325390000017,25.801325390000017,25.801325390000017,25.801325390000017,26.025321307000013,None,None,None,None,None,None,None,None,None,None,None,None,1,[0.25784100300001],[0.25784816600000227],,,,,,,,,,,,,,,,,,,,,,,,,,,,,,,,,,,,,,,,,,,,,,180463,001,2024-07-17_00h27.22.781,SenstirEs_warningandinstructions,2024.1.4,None,2024-07-17 00h27.39.288584 +0200,
GOLPECITO,,,,,,,,,0,17,17,17,,,,,26.14985110400002,,,,,,,,,,,,,,,,26.026256078000017,26.14985110400002,26.14985110400002,26.14985110400002,26.14985110400002,26.14985110400002,26.14985110400002,26.14985110400002,26.14985110400002,26.14985110400002,26.14985110400002,26.14985110400002,26.14985110400002,26.14985110400002,26.14985110400002,26.14985110400002,26.296653059000022,None,None,None,None,None,None,None,None,None,None,None,None,1,[0.18310698400000547],[0.183113646999999],,,,,,,,,,,,,,,,,,,,,,,,,,,,,,,,,,,,,,,,,,,,,,180463,001,2024-07-17_00h27.22.781,SenstirEs_warningandinstructions,2024.1.4,None,2024-07-17 00h27.39.288584 +0200,
VER,,,,,,,,,0,18,18,18,,,,,26.421580997999996,,,,,,,,,,,,,,,,26.297768491,26.421580997999996,26.421580997999996,26.421580997999996,26.421580997999996,26.421580997999996,26.421580997999996,26.421580997999996,26.421580997999996,26.421580997999996,26.421580997999996,26.421580997999996,26.421580997999996,26.421580997999996,26.421580997999996,26.421580997999996,26.757053104000022,None,None,None,None,None,None,None,None,None,None,None,None,1,[0.3708488850000151],[0.37086586099999863],,,,,,,,,,,,,,,,,,,,,,,,,,,,,,,,,,,,,,,,,,,,,,180463,001,2024-07-17_00h27.22.781,SenstirEs_warningandinstructions,2024.1.4,None,2024-07-17 00h27.39.288584 +0200,
APRETÓN DE MANOS,,,,,,,,,0,19,19,19,,,,,26.883358138000006,,,,,,,,,,,,,,,,26.758336302000004,26.883358138000006,26.883358138000006,26.883358138000006,26.883358138000006,26.883358138000006,26.883358138000006,26.883358138000006,26.883358138000006,26.883358138000006,26.883358138000006,26.883358138000006,26.883358138000006,26.883358138000006,26.883358138000006,26.883358138000006,27.092778869,None,None,None,None,None,None,None,None,None,None,None,None,1,[0.24293289299998833],[0.24294414199999892],,,,,,,,,,,,,,,,,,,,,,,,,,,,,,,,,,,,,,,,,,,,,,180463,001,2024-07-17_00h27.22.781,SenstirEs_warningandinstructions,2024.1.4,None,2024-07-17 00h27.39.288584 +0200,
CERNIR,,,,,,,,,0,20,20,20,,,,,27.218351723000012,,,,,,,,,,,,,,,,27.093654058,27.218351723000012,27.218351723000012,27.218351723000012,27.218351723000012,27.218351723000012,27.218351723000012,27.218351723000012,27.218351723000012,27.218351723000012,27.218351723000012,27.218351723000012,27.218351723000012,27.218351723000012,27.218351723000012,27.218351723000012,27.374161885000007,None,None,None,None,None,None,None,None,None,None,None,None,1,[0.19030699200001777],[0.19031663800001297],,,,,,,,,,,,,,,,,,,,,,,,,,,,,,,,,,,,,,,,,,,,,,180463,001,2024-07-17_00h27.22.781,SenstirEs_warningandinstructions,2024.1.4,None,2024-07-17 00h27.39.288584 +0200,
ASEGURAR,,,,,,,,,0,21,21,21,,,,,27.499787111000018,,,,,,,,,,,,,,,,27.375283542999995,27.499787111000018,27.499787111000018,27.499787111000018,27.499787111000018,27.499787111000018,27.499787111000018,27.499787111000018,27.499787111000018,27.499787111000018,27.499787111000018,27.499787111000018,27.499787111000018,27.499787111000018,27.499787111000018,27.499787111000018,27.656621621,None,None,None,None,None,None,None,None,None,None,None,None,1,[0.19291397899999652],[0.19292083700000262],,,,,,,,,,,,,,,,,,,,,,,,,,,,,,,,,,,,,,,,,,,,,,180463,001,2024-07-17_00h27.22.781,SenstirEs_warningandinstructions,2024.1.4,None,2024-07-17 00h27.39.288584 +0200,
CARIÑOSO,,,,,,,,,0,22,22,22,,,,,27.78419742700001,,,,,,,,,,,,,,,,27.657513440000002,27.78419742700001,27.78419742700001,27.78419742700001,27.78419742700001,27.78419742700001,27.78419742700001,27.78419742700001,27.78419742700001,27.78419742700001,27.78419742700001,27.78419742700001,27.78419742700001,27.78419742700001,27.78419742700001,27.78419742700001,27.939874757000013,None,None,None,None,None,None,None,None,None,None,None,None,1,[0.19287888700000622],[0.19288583400000903],,,,,,,,,,,,,,,,,,,,,,,,,,,,,,,,,,,,,,,,,,,,,,180463,001,2024-07-17_00h27.22.781,SenstirEs_warningandinstructions,2024.1.4,None,2024-07-17 00h27.39.288584 +0200,
PICAR,,,,,,,,,0,23,23,23,,,,,28.06643042500002,,,,,,,,,,,,,,,,27.940762192000022,28.06643042500002,28.06643042500002,28.06643042500002,28.06643042500002,28.06643042500002,28.06643042500002,28.06643042500002,28.06643042500002,28.06643042500002,28.06643042500002,28.06643042500002,28.06643042500002,28.06643042500002,28.06643042500002,28.06643042500002,28.206044183000017,None,None,None,None,None,None,None,None,None,None,None,None,1,[0.17692022500000348],[0.17692691099998115],,,,,,,,,,,,,,,,,,,,,,,,,,,,,,,,,,,,,,,,,,,,,,180463,001,2024-07-17_00h27.22.781,SenstirEs_warningandinstructions,2024.1.4,None,2024-07-17 00h27.39.288584 +0200,
COLORES,,,,,,,,,0,24,24,24,,,,,28.33307785300002,,,,,,,,,,,,,,,,28.206956254999994,28.33307785300002,28.33307785300002,28.33307785300002,28.33307785300002,28.33307785300002,28.33307785300002,28.33307785300002,28.33307785300002,28.33307785300002,28.33307785300002,28.33307785300002,28.33307785300002,28.33307785300002,28.33307785300002,28.33307785300002,28.477340483000006,None,None,None,None,None,None,None,None,None,None,None,None,1,[0.18212667200000965],[0.18213479499999607],,,,,,,,,,,,,,,,,,,,,,,,,,,,,,,,,,,,,,,,,,,,,,180463,001,2024-07-17_00h27.22.781,SenstirEs_warningandinstructions,2024.1.4,None,2024-07-17 00h27.39.288584 +0200,
SENTIR,,,,,,,,,0,25,25,25,,,,,28.601080493000012,,,,,,,,,,,,,,,,28.478315717000015,28.601080493000012,28.601080493000012,28.601080493000012,28.601080493000012,28.601080493000012,28.601080493000012,28.601080493000012,28.601080493000012,28.601080493000012,28.601080493000012,28.601080493000012,28.601080493000012,28.601080493000012,28.601080493000012,28.601080493000012,28.825552361000007,None,None,None,None,None,None,None,None,None,None,None,None,1,[0.25836600399998133],[0.25837580900000034],,,,,,,,,,,,,,,,,,,,,,,,,,,,,,,,,,,,,,,,,,,,,,180463,001,2024-07-17_00h27.22.781,SenstirEs_warningandinstructions,2024.1.4,None,2024-07-17 00h27.39.288584 +0200,
DURA,,,,,,,,,0,26,26,26,,,,,28.949971687000016,,,,,,,,,,,,,,,,28.826516333,28.949971687000016,28.949971687000016,28.949971687000016,28.949971687000016,28.949971687000016,28.949971687000016,28.949971687000016,28.949971687000016,28.949971687000016,28.949971687000016,28.949971687000016,28.949971687000016,28.949971687000016,28.949971687000016,28.949971687000016,29.15739918,None,None,None,None,None,None,None,None,None,None,None,None,1,[0.2449918120000234],[0.24499788600002148],,,,,,,,,,,,,,,,,,,,,,,,,,,,,,,,,,,,,,,,,,,,,,180463,001,2024-07-17_00h27.22.781,SenstirEs_warningandinstructions,2024.1.4,None,2024-07-17 00h27.39.288584 +0200,
HIPERCINÉTICO,,,,,,,,,0,27,27,27,,,,,29.283147928999995,,,,,,,,,,,,,,,,29.158469140000022,29.283147928999995,29.283147928999995,29.283147928999995,29.283147928999995,29.283147928999995,29.283147928999995,29.283147928999995,29.283147928999995,29.283147928999995,29.283147928999995,29.283147928999995,29.283147928999995,29.283147928999995,29.283147928999995,29.283147928999995,29.43537649700002,None,None,None,None,None,None,None,None,None,None,None,None,1,[0.1793386909999981],[0.17935059600000614],,,,,,,,,,,,,,,,,,,,,,,,,,,,,,,,,,,,,,,,,,,,,,180463,001,2024-07-17_00h27.22.781,SenstirEs_warningandinstructions,2024.1.4,None,2024-07-17 00h27.39.288584 +0200,
ATERCIOPELADO,,,,,,,,,0,28,28,28,,,,,29.566202977000017,,,,,,,,,,,,,,,,29.436244154999997,29.566202977000017,29.566202977000017,29.566202977000017,29.566202977000017,29.566202977000017,29.566202977000017,29.566202977000017,29.566202977000017,29.566202977000017,29.566202977000017,29.566202977000017,29.566202977000017,29.566202977000017,29.566202977000017,29.566202977000017,29.775225043000006,None,None,None,None,None,None,None,None,None,None,None,None,1,[0.24374846800000682],[0.24375721600000588],,,,,,,,,,,,,,,,,,,,,,,,,,,,,,,,,,,,,,,,,,,,,,180463,001,2024-07-17_00h27.22.781,SenstirEs_warningandinstructions,2024.1.4,None,2024-07-17 00h27.39.288584 +0200,
SUBLIMACIÓN,,,,,,,,,0,29,29,29,,,,,29.899568416000022,,,,,,,,,,,,,,,,29.77635579400001,29.899568416000022,29.899568416000022,29.899568416000022,29.899568416000022,29.899568416000022,29.899568416000022,29.899568416000022,29.899568416000022,29.899568416000022,29.899568416000022,29.899568416000022,29.899568416000022,29.899568416000022,29.899568416000022,29.899568416000022,29.990319977000013,None,None,None,None,None,None,None,None,None,None,None,None,1,[0.12492971399998964],[0.12493716500000573],,,,,,,,,,,,,,,,,,,,,,,,,,,,,,,,,,,,,,,,,,,,,,180463,001,2024-07-17_00h27.22.781,SenstirEs_warningandinstructions,2024.1.4,None,2024-07-17 00h27.39.288584 +0200,
SITIO WEB,,,,,,,,,0,30,30,30,,,,,30.116147275000003,,,,,,,,,,,,,,,,29.991179783000007,30.116147275000003,30.116147275000003,30.116147275000003,30.116147275000003,30.116147275000003,30.116147275000003,30.116147275000003,30.116147275000003,30.116147275000003,30.116147275000003,30.116147275000003,30.116147275000003,30.116147275000003,30.116147275000003,30.116147275000003,30.206588345,None,None,None,None,None,None,None,None,None,None,None,None,1,[0.12686063099999956],[0.1268676709999852],,,,,,,,,,,,,,,,,,,,,,,,,,,,,,,,,,,,,,,,,,,,,,180463,001,2024-07-17_00h27.22.781,SenstirEs_warningandinstructions,2024.1.4,None,2024-07-17 00h27.39.288584 +0200,
IMÁGENES,,,,,,,,,0,31,31,31,,,,,30.33387251100001,,,,,,,,,,,,,,,,30.20751586100002,30.33387251100001,30.33387251100001,30.33387251100001,30.33387251100001,30.33387251100001,30.33387251100001,30.33387251100001,30.33387251100001,30.33387251100001,30.33387251100001,30.33387251100001,30.33387251100001,30.33387251100001,30.33387251100001,30.33387251100001,30.426631053000023,None,None,None,None,None,None,None,None,None,None,None,None,1,[0.12855255700000612],[0.12856079899998463],,,,,,,,,,,,,,,,,,,,,,,,,,,,,,,,,,,,,,,,,,,,,,180463,001,2024-07-17_00h27.22.781,SenstirEs_warningandinstructions,2024.1.4,None,2024-07-17 00h27.39.288584 +0200,
CONDUCTOR DE AUTOBÚS,,,,,,,,,0,32,32,32,,,,,30.550174611000017,,,,,,,,,,,,,,,,30.42755314300001,30.550174611000017,30.550174611000017,30.550174611000017,30.550174611000017,30.550174611000017,30.550174611000017,30.550174611000017,30.550174611000017,30.550174611000017,30.550174611000017,30.550174611000017,30.550174611000017,30.550174611000017,30.550174611000017,30.550174611000017,30.639881117000016,None,None,None,None,None,None,None,None,None,None,None,None,1,[0.12307349499999987],[0.12308064300000865],,,,,,,,,,,,,,,,,,,,,,,,,,,,,,,,,,,,,,,,,,,,,,180463,001,2024-07-17_00h27.22.781,SenstirEs_warningandinstructions,2024.1.4,None,2024-07-17 00h27.39.288584 +0200,
MOUNMENTO,,,,,,,,,0,33,33,33,,,,,30.766313518000004,,,,,,,,,,,,,,,,30.640892589000003,30.766313518000004,30.766313518000004,30.766313518000004,30.766313518000004,30.766313518000004,30.766313518000004,30.766313518000004,30.766313518000004,30.766313518000004,30.766313518000004,30.766313518000004,30.766313518000004,30.766313518000004,30.766313518000004,30.766313518000004,30.789983890000002,None,None,None,None,None,None,None,None,None,None,None,None,1,[0.061268982000001415],[0.061275502999990294],,,,,,,,,,,,,,,,,,,,,,,,,,,,,,,,,,,,,,,,,,,,,,180463,001,2024-07-17_00h27.22.781,SenstirEs_warningandinstructions,2024.1.4,None,2024-07-17 00h27.39.288584 +0200,
,,,,,,,,,,,,,,,,,,,,,,,,,,,,,,,,,,,,,,,,,,,,,,,,,,,,,,,,,,,,,,,,,,,,,,,,,,,,,,,,,,,,,,,,,,,,,,,30.790755227000005,30.838338675000017,30.838338675000017,30.838338675000017,30.838338675000017,34.70273539200002,1,[3.906901640000001],[3.9069106100000113],1,[3.907148750999994],[3.9071565499999963],0,,,180463,001,2024-07-17_00h27.22.781,SenstirEs_warningandinstructions,2024.1.4,None,2024-07-17 00h27.39.288584 +0200,
,,,,,,,,,,,,,,,,,34.866623487,,,,,,,,,,,,,,,,34.742069829,34.866623487,34.866623487,34.866623487,34.866623487,34.866623487,34.866623487,34.866623487,34.866623487,34.866623487,34.866623487,34.866623487,34.866623487,34.866623487,34.866623487,34.866623487,,,,,,,,,,,,,,,,,,,,,,,,,,,,,,,,,,,,,,,,,,,,,,,,,,,,,,,,,,,,,,,,,,,,,
