﻿Word,trials.thisRepN,trials.thisTrialN,trials.thisN,trials.thisIndex,trials_2.thisRepN,trials_2.thisTrialN,trials_2.thisN,trials_2.thisIndex,thisRow.t,notes,warning_span.started,warning_SentirEs.started,next_warning.started,warning_span.stopped,next_warning.numClicks,next_warning.timesOn,next_warning.timesOff,SentirEs_intructions_Span.started,intructions.started,next_instructions.started,SentirEs_intructions_Span.stopped,next_instructions.numClicks,next_instructions.timesOn,next_instructions.timesOff,SentirEs_Span_19.started,text.started,stimuli.started,perceptual_audition.started,perceptual_gustatory.started,perceptual_haptic.started,perceptual_interocepticve.started,perceptual_olfaction.started,perceptual_visual.started,Audition.started,Gustatory.started,Haptic.started,Interoception.started,Olfaction.started,Vision.started,next.started,SentirEs_Span_19.stopped,Audition.response,Audition.rt,Gustatory.response,Gustatory.rt,Haptic.response,Haptic.rt,Interoception.response,Interoception.rt,Olfaction.response,Olfaction.rt,Vision.response,Vision.rt,next.numClicks,next.timesOn,next.timesOff,catch_1_span.started,catch_1.started,Oso.started,Ave.started,Pez.started,catch_1_span.stopped,Oso.numClicks,Oso.timesOn,Oso.timesOff,Ave.numClicks,Ave.timesOn,Ave.timesOff,Pez.numClicks,Pez.timesOn,Pez.timesOff,participant,session,date,expName,psychopyVersion,frameRate,expStart,
,,,,,,,,,,,0.032289694994688034,0.06250993302091956,0.06250993302091956,1.3374239519471303,1,[1.3035407139686868],[1.3035491779446602],,,,,,,,,,,,,,,,,,,,,,,,,,,,,,,,,,,,,,,,,,,,,,,,,,,,,,,329741,001,2024-07-16_21h42.26.059,SenstirEs_warningandinstructions,2024.1.4,None,2024-07-16 21h42.32.094072 +0200,
,,,,,,,,,,,,,,,,,,1.3375381419900805,1.3640487910015509,1.3640487910015509,1.8863852790091187,1,[0.5472898660227656],[0.5472968259127811],,,,,,,,,,,,,,,,,,,,,,,,,,,,,,,,,,,,,,,,,,,,,,,,329741,001,2024-07-16_21h42.26.059,SenstirEs_warningandinstructions,2024.1.4,None,2024-07-16 21h42.32.094072 +0200,
EMOCIONANTE,0,0,0,0,,,,,2.114525647019036,,,,,,,,,,,,,,,,1.8919411409879103,2.114525647019036,2.114525647019036,2.114525647019036,2.114525647019036,2.114525647019036,2.114525647019036,2.114525647019036,2.114525647019036,2.114525647019036,2.114525647019036,2.114525647019036,2.114525647019036,2.114525647019036,2.114525647019036,2.114525647019036,2.6591610519681126,None,None,None,None,None,None,None,None,None,None,None,None,1,[0.6767557199345902],[0.6767627329099923],,,,,,,,,,,,,,,,329741,001,2024-07-16_21h42.26.059,SenstirEs_warningandinstructions,2024.1.4,None,2024-07-16 21h42.32.094072 +0200,
CUAJAR,0,1,1,1,,,,,2.7809711549198255,,,,,,,,,,,,,,,,2.6607703840127215,2.7809711549198255,2.7809711549198255,2.7809711549198255,2.7809711549198255,2.7809711549198255,2.7809711549198255,2.7809711549198255,2.7809711549198255,2.7809711549198255,2.7809711549198255,2.7809711549198255,2.7809711549198255,2.7809711549198255,2.7809711549198255,2.7809711549198255,2.8608575789257884,None,None,None,None,None,None,None,None,None,None,None,None,1,[0.11060423997696489],[0.110612912918441],,,,,,,,,,,,,,,,329741,001,2024-07-16_21h42.26.059,SenstirEs_warningandinstructions,2024.1.4,None,2024-07-16 21h42.32.094072 +0200,
DIA,0,2,2,2,,,,,2.9808763249311596,,,,,,,,,,,,,,,,2.861780573031865,2.9808763249311596,2.9808763249311596,2.9808763249311596,2.9808763249311596,2.9808763249311596,2.9808763249311596,2.9808763249311596,2.9808763249311596,2.9808763249311596,2.9808763249311596,2.9808763249311596,2.9808763249311596,2.9808763249311596,2.9808763249311596,2.9808763249311596,3.0058973979903385,None,None,None,None,None,None,None,None,None,None,None,None,1,[0.055709387990646064],[0.05571655696257949],,,,,,,,,,,,,,,,329741,001,2024-07-16_21h42.26.059,SenstirEs_warningandinstructions,2024.1.4,None,2024-07-16 21h42.32.094072 +0200,
A LA VISTA,0,3,3,3,,,,,3.1314702639356256,,,,,,,,,,,,,,,,3.0067785519640893,3.1314702639356256,3.1314702639356256,3.1314702639356256,3.1314702639356256,3.1314702639356256,3.1314702639356256,3.1314702639356256,3.1314702639356256,3.1314702639356256,3.1314702639356256,3.1314702639356256,3.1314702639356256,3.1314702639356256,3.1314702639356256,3.1314702639356256,3.158100091968663,None,None,None,None,None,None,None,None,None,None,None,None,1,[0.06278175592888147],[0.06278955296147615],,,,,,,,,,,,,,,,329741,001,2024-07-16_21h42.26.059,SenstirEs_warningandinstructions,2024.1.4,None,2024-07-16 21h42.32.094072 +0200,
SOBRESCRIBIR,0,4,4,4,,,,,3.280985002988018,,,,,,,,,,,,,,,,3.1589848520234227,3.280985002988018,3.280985002988018,3.280985002988018,3.280985002988018,3.280985002988018,3.280985002988018,3.280985002988018,3.280985002988018,3.280985002988018,3.280985002988018,3.280985002988018,3.280985002988018,3.280985002988018,3.280985002988018,3.280985002988018,3.3075487070018426,None,None,None,None,None,None,None,None,None,None,None,None,1,[0.061861925991252065],[0.06187339604366571],,,,,,,,,,,,,,,,329741,001,2024-07-16_21h42.26.059,SenstirEs_warningandinstructions,2024.1.4,None,2024-07-16 21h42.32.094072 +0200,
TOCAR,0,5,5,5,,,,,3.4187833829782903,,,,,,,,,,,,,,,,3.3084228259976953,3.4187833829782903,3.4187833829782903,3.4187833829782903,3.4187833829782903,3.4187833829782903,3.4187833829782903,3.4187833829782903,3.4187833829782903,3.4187833829782903,3.4187833829782903,3.4187833829782903,3.4187833829782903,3.4187833829782903,3.4187833829782903,3.4187833829782903,3.445530410972424,None,None,None,None,None,None,None,None,None,None,None,None,1,[0.0535655360436067],[0.0535785200772807],,,,,,,,,,,,,,,,329741,001,2024-07-16_21h42.26.059,SenstirEs_warningandinstructions,2024.1.4,None,2024-07-16 21h42.32.094072 +0200,
SUAVIDAD,0,6,6,6,,,,,3.564304724917747,,,,,,,,,,,,,,,,3.446407755021937,3.564304724917747,3.564304724917747,3.564304724917747,3.564304724917747,3.564304724917747,3.564304724917747,3.564304724917747,3.564304724917747,3.564304724917747,3.564304724917747,3.564304724917747,3.564304724917747,3.564304724917747,3.564304724917747,3.564304724917747,3.6455764329293743,None,None,None,None,None,None,None,None,None,None,None,None,1,[0.11557329597417265],[0.11558018194045871],,,,,,,,,,,,,,,,329741,001,2024-07-16_21h42.26.059,SenstirEs_warningandinstructions,2024.1.4,None,2024-07-16 21h42.32.094072 +0200,
INTUITIVAMENTE,0,7,7,7,,,,,3.7643052069470286,,,,,,,,,,,,,,,,3.646460347925313,3.7643052069470286,3.7643052069470286,3.7643052069470286,3.7643052069470286,3.7643052069470286,3.7643052069470286,3.7643052069470286,3.7643052069470286,3.7643052069470286,3.7643052069470286,3.7643052069470286,3.7643052069470286,3.7643052069470286,3.7643052069470286,3.7643052069470286,3.790017470018938,None,None,None,None,None,None,None,None,None,None,None,None,1,[0.05987272202037275],[0.05988007306586951],,,,,,,,,,,,,,,,329741,001,2024-07-16_21h42.26.059,SenstirEs_warningandinstructions,2024.1.4,None,2024-07-16 21h42.32.094072 +0200,
FÉMUR,0,8,8,8,,,,,3.914263023994863,,,,,,,,,,,,,,,,3.7909279009327292,3.914263023994863,3.914263023994863,3.914263023994863,3.914263023994863,3.914263023994863,3.914263023994863,3.914263023994863,3.914263023994863,3.914263023994863,3.914263023994863,3.914263023994863,3.914263023994863,3.914263023994863,3.914263023994863,3.914263023994863,3.9414772209711373,None,None,None,None,None,None,None,None,None,None,None,None,1,[0.06280517799314111],[0.06281244696583599],,,,,,,,,,,,,,,,329741,001,2024-07-16_21h42.26.059,SenstirEs_warningandinstructions,2024.1.4,None,2024-07-16 21h42.32.094072 +0200,
ACARICIADO,0,9,9,9,,,,,4.052331715007313,,,,,,,,,,,,,,,,3.9423700319603086,4.052331715007313,4.052331715007313,4.052331715007313,4.052331715007313,4.052331715007313,4.052331715007313,4.052331715007313,4.052331715007313,4.052331715007313,4.052331715007313,4.052331715007313,4.052331715007313,4.052331715007313,4.052331715007313,4.052331715007313,4.142506989999674,None,None,None,None,None,None,None,None,None,None,None,None,1,[0.11524467798881233],[0.115254184929654],,,,,,,,,,,,,,,,329741,001,2024-07-16_21h42.26.059,SenstirEs_warningandinstructions,2024.1.4,None,2024-07-16 21h42.32.094072 +0200,
ACARICIAR,0,10,10,10,,,,,4.264178199926391,,,,,,,,,,,,,,,,4.14358843001537,4.264178199926391,4.264178199926391,4.264178199926391,4.264178199926391,4.264178199926391,4.264178199926391,4.264178199926391,4.264178199926391,4.264178199926391,4.264178199926391,4.264178199926391,4.264178199926391,4.264178199926391,4.264178199926391,4.264178199926391,4.290033383993432,None,None,None,None,None,None,None,None,None,None,None,None,1,[0.06115876499097794],[0.06116642989218235],,,,,,,,,,,,,,,,329741,001,2024-07-16_21h42.26.059,SenstirEs_warningandinstructions,2024.1.4,None,2024-07-16 21h42.32.094072 +0200,
PELUDO,0,11,11,11,,,,,4.414327336940914,,,,,,,,,,,,,,,,4.29091784497723,4.414327336940914,4.414327336940914,4.414327336940914,4.414327336940914,4.414327336940914,4.414327336940914,4.414327336940914,4.414327336940914,4.414327336940914,4.414327336940914,4.414327336940914,4.414327336940914,4.414327336940914,4.414327336940914,4.414327336940914,4.440830971929245,None,None,None,None,None,None,None,None,None,None,None,None,1,[0.06347013101913035],[0.06347759603522718],,,,,,,,,,,,,,,,329741,001,2024-07-16_21h42.26.059,SenstirEs_warningandinstructions,2024.1.4,None,2024-07-16 21h42.32.094072 +0200,
INDESTRUCTIBILIDAD,0,12,12,12,,,,,4.551792724989355,,,,,,,,,,,,,,,,4.441927126026712,4.551792724989355,4.551792724989355,4.551792724989355,4.551792724989355,4.551792724989355,4.551792724989355,4.551792724989355,4.551792724989355,4.551792724989355,4.551792724989355,4.551792724989355,4.551792724989355,4.551792724989355,4.551792724989355,4.551792724989355,4.641033252933994,None,None,None,None,None,None,None,None,None,None,None,None,1,[0.1154206310166046],[0.11542913201265037],,,,,,,,,,,,,,,,329741,001,2024-07-16_21h42.26.059,SenstirEs_warningandinstructions,2024.1.4,None,2024-07-16 21h42.32.094072 +0200,
MASILLOSO,0,13,13,13,,,,,4.764631110941991,,,,,,,,,,,,,,,,4.641912893974222,4.764631110941991,4.764631110941991,4.764631110941991,4.764631110941991,4.764631110941991,4.764631110941991,4.764631110941991,4.764631110941991,4.764631110941991,4.764631110941991,4.764631110941991,4.764631110941991,4.764631110941991,4.764631110941991,4.764631110941991,4.791127254022285,None,None,None,None,None,None,None,None,None,None,None,None,1,[0.06576294405385852],[0.06577146705240011],,,,,,,,,,,,,,,,329741,001,2024-07-16_21h42.26.059,SenstirEs_warningandinstructions,2024.1.4,None,2024-07-16 21h42.32.094072 +0200,
AULLIDO,0,14,14,14,,,,,4.902355600963347,,,,,,,,,,,,,,,,4.792012661928311,4.902355600963347,4.902355600963347,4.902355600963347,4.902355600963347,4.902355600963347,4.902355600963347,4.902355600963347,4.902355600963347,4.902355600963347,4.902355600963347,4.902355600963347,4.902355600963347,4.902355600963347,4.902355600963347,4.902355600963347,4.991049628937617,None,None,None,None,None,None,None,None,None,None,None,None,1,[0.11546127300243825],[0.11546988098416477],,,,,,,,,,,,,,,,329741,001,2024-07-16_21h42.26.059,SenstirEs_warningandinstructions,2024.1.4,None,2024-07-16 21h42.32.094072 +0200,
TACTILMENTE,0,15,15,15,,,,,5.114334459998645,,,,,,,,,,,,,,,,4.9921574289910495,5.114334459998645,5.114334459998645,5.114334459998645,5.114334459998645,5.114334459998645,5.114334459998645,5.114334459998645,5.114334459998645,5.114334459998645,5.114334459998645,5.114334459998645,5.114334459998645,5.114334459998645,5.114334459998645,5.114334459998645,5.140513433027081,None,None,None,None,None,None,None,None,None,None,None,None,1,[0.06525224493816495],[0.0652609410462901],,,,,,,,,,,,,,,,329741,001,2024-07-16_21h42.26.059,SenstirEs_warningandinstructions,2024.1.4,None,2024-07-16 21h42.32.094072 +0200,
CARA,0,16,16,16,,,,,5.250960982986726,,,,,,,,,,,,,,,,5.141390680917539,5.250960982986726,5.250960982986726,5.250960982986726,5.250960982986726,5.250960982986726,5.250960982986726,5.250960982986726,5.250960982986726,5.250960982986726,5.250960982986726,5.250960982986726,5.250960982986726,5.250960982986726,5.250960982986726,5.250960982986726,5.340172081952915,None,None,None,None,None,None,None,None,None,None,None,None,1,[0.11591398902237415],[0.1159224109724164],,,,,,,,,,,,,,,,329741,001,2024-07-16_21h42.26.059,SenstirEs_warningandinstructions,2024.1.4,None,2024-07-16 21h42.32.094072 +0200,
DEPLORAR,0,17,17,17,,,,,5.450259111938067,,,,,,,,,,,,,,,,5.341054711025208,5.450259111938067,5.450259111938067,5.450259111938067,5.450259111938067,5.450259111938067,5.450259111938067,5.450259111938067,5.450259111938067,5.450259111938067,5.450259111938067,5.450259111938067,5.450259111938067,5.450259111938067,5.450259111938067,5.450259111938067,5.540954981930554,None,None,None,None,None,None,None,None,None,None,None,None,1,[0.11739724408835173],[0.11740580399055034],,,,,,,,,,,,,,,,329741,001,2024-07-16_21h42.26.059,SenstirEs_warningandinstructions,2024.1.4,None,2024-07-16 21h42.32.094072 +0200,
TORRINO ,0,18,18,18,,,,,5.652311297948472,,,,,,,,,,,,,,,,5.541840442921966,5.652311297948472,5.652311297948472,5.652311297948472,5.652311297948472,5.652311297948472,5.652311297948472,5.652311297948472,5.652311297948472,5.652311297948472,5.652311297948472,5.652311297948472,5.652311297948472,5.652311297948472,5.652311297948472,5.652311297948472,5.679848251980729,None,None,None,None,None,None,None,None,None,None,None,None,1,[0.05492506409063935],[0.05493169603869319],,,,,,,,,,,,,,,,329741,001,2024-07-16_21h42.26.059,SenstirEs_warningandinstructions,2024.1.4,None,2024-07-16 21h42.32.094072 +0200,
,,,,,,,,,,,,,,,,,,,,,,,,,,,,,,,,,,,,,,,,,,,,,,,,,,,,,,,,,5.6806484629632905,5.730946033960208,5.730946033960208,5.730946033960208,5.730946033960208,13.673206619918346,0,,,0,,,1,[7.988659885013476],[7.9886680310592055],329741,001,2024-07-16_21h42.26.059,SenstirEs_warningandinstructions,2024.1.4,None,2024-07-16 21h42.32.094072 +0200,
,,,,,,,,,13.78738125495147,,,,,,,,,,,,,,,,13.677171453949995,13.78738125495147,13.78738125495147,13.78738125495147,13.78738125495147,13.78738125495147,13.78738125495147,13.78738125495147,13.78738125495147,13.78738125495147,13.78738125495147,13.78738125495147,13.78738125495147,13.78738125495147,13.78738125495147,13.78738125495147,,,,,,,,,,,,,,,,,,,,,,,,,,,,,,,,,,,,,,,
