﻿Word,trials.thisRepN,trials.thisTrialN,trials.thisN,trials.thisIndex,thisRow.t,notes,warning.started,warning_SentirEs.started,next_warning.started,warning.stopped,next_warning.numClicks,next_warning.timesOn,next_warning.timesOff,SentirEs_intructions.started,intructions.started,next_instructions.started,SentirEs_intructions.stopped,next_instructions.numClicks,next_instructions.timesOn,next_instructions.timesOff,SentirEs_likert.started,text.started,stimuli.started,perceptual_audition.started,perceptual_gustatory.started,perceptual_haptic.started,perceptual_interocepticve.started,perceptual_olfaction.started,perceptual_visual.started,Audition.started,Gustatory.started,Haptic.started,Interoception.started,Olfaction.started,Vision.started,next.started,SentirEs_likert.stopped,Audition.response,Audition.rt,Gustatory.response,Gustatory.rt,Haptic.response,Haptic.rt,Interoception.response,Interoception.rt,Olfaction.response,Olfaction.rt,Vision.response,Vision.rt,next.numClicks,next.timesOn,next.timesOff,participant,session,date,expName,psychopyVersion,frameRate,expStart,
,,,,,,,0.017022188985720277,0.06550252297893167,0.06550252297893167,2.3525316609302536,1,[2.333118723006919],[2.333151992992498],,,,,,,,,,,,,,,,,,,,,,,,,,,,,,,,,,,,,,,,524765,001,2024-07-16_12h09.15.276,SenstirEs_warningandinstructions,2024.1.4,None,2024-07-16 12h09.21.146048 +0200,
,,,,,,,,,,,,,,2.352686552912928,2.382949454942718,2.382949454942718,3.5333545479224995,1,[1.178279961925],[1.1782885019201785],,,,,,,,,,,,,,,,,,,,,,,,,,,,,,,,,524765,001,2024-07-16_12h09.15.276,SenstirEs_warningandinstructions,2024.1.4,None,2024-07-16 12h09.21.146048 +0200,
highly visual,0,0,0,2,3.781599220004864,,,,,,,,,,,,,,,,3.539392343023792,3.781599220004864,3.781599220004864,3.781599220004864,3.781599220004864,3.781599220004864,3.781599220004864,3.781599220004864,3.781599220004864,3.781599220004864,3.781599220004864,3.781599220004864,3.781599220004864,3.781599220004864,3.781599220004864,3.781599220004864,5.859216558979824,None,None,None,None,None,None,None,None,None,None,None,None,1,[2.2127344309119508],[2.2127455689478666],524765,001,2024-07-16_12h09.15.276,SenstirEs_warningandinstructions,2024.1.4,None,2024-07-16 12h09.21.146048 +0200,
,,,,,6.014467702014372,,,,,,,,,,,,,,,,5.864671188988723,6.014467702014372,6.014467702014372,6.014467702014372,6.014467702014372,6.014467702014372,6.014467702014372,6.014467702014372,6.014467702014372,6.014467702014372,6.014467702014372,6.014467702014372,6.014467702014372,6.014467702014372,6.014467702014372,6.014467702014372,,,,,,,,,,,,,,,,,,,,,,,,
