﻿Word,SentirEs_19.thisRepN,SentirEs_19.thisTrialN,SentirEs_19.thisN,SentirEs_19.thisIndex,SentirEs_45_copy.thisRepN,SentirEs_45_copy.thisTrialN,SentirEs_45_copy.thisN,SentirEs_45_copy.thisIndex,thisRow.t,notes,warning_span.started,warning_SentirEs.started,Siguente.started,warning_span.stopped,Siguente.numClicks,Siguente.timesOn,Siguente.timesOff,SentirEs_intructions_Span.started,intructions.started,Siguente_instructions.started,SentirEs_intructions_Span.stopped,Siguente_instructions.numClicks,Siguente_instructions.timesOn,Siguente_instructions.timesOff,SentirEs_likert_span.started,text.started,stimuli.started,perceptual_audition.started,perceptual_gustatory.started,perceptual_haptic.started,perceptual_interocepticve.started,perceptual_olfaction.started,perceptual_visual.started,Audition.started,Gustatory.started,Haptic.started,Interoception.started,Olfaction.started,Vision.started,Siguente_stim.started,No_se.started,SentirEs_likert_span.stopped,Audition.response,Audition.rt,Gustatory.response,Gustatory.rt,Haptic.response,Haptic.rt,Interoception.response,Interoception.rt,Olfaction.response,Olfaction.rt,Vision.response,Vision.rt,Siguente_stim.numClicks,Siguente_stim.timesOn,Siguente_stim.timesOff,No_se.numClicks,No_se.timesOn,No_se.timesOff,SenstirEs_catch_Span_1.started,catch_1.started,Oso.started,Ave.started,Pez.started,SenstirEs_catch_Span_1.stopped,Oso.numClicks,Oso.timesOn,Oso.timesOff,Ave.numClicks,Ave.timesOn,Ave.timesOff,Pez.numClicks,Pez.timesOn,Pez.timesOff,participant,session,date,expName,psychopyVersion,frameRate,expStart,
,,,,,,,,,,,0.0359785920009017,0.08563080499880016,0.08563080499880016,4.1868957089900505,1,[4.14880164799979],[4.148811389983166],,,,,,,,,,,,,,,,,,,,,,,,,,,,,,,,,,,,,,,,,,,,,,,,,,,,,,,,,,,649728,001,2024-08-14_18h42.50.567,SenstirEs_warningandinstructions,2024.1.4,None,2024-08-14 18h43.04.654844 +0200,
,,,,,,,,,,,,,,,,,,4.187033377995249,4.2170833539857995,4.2170833539857995,4.540413134003757,1,[0.3515443160140421],[0.3515535180049483],,,,,,,,,,,,,,,,,,,,,,,,,,,,,,,,,,,,,,,,,,,,,,,,,,,,649728,001,2024-08-14_18h42.50.567,SenstirEs_warningandinstructions,2024.1.4,None,2024-08-14 18h43.04.654844 +0200,
EMOCIONANTE,0,0,0,0,,,,,4.7711410080082715,,,,,,,,,,,,,,,,4.548192502988968,4.7711410080082715,4.7711410080082715,4.7711410080082715,4.7711410080082715,4.7711410080082715,4.7711410080082715,4.7711410080082715,4.7711410080082715,4.7711410080082715,4.7711410080082715,4.7711410080082715,4.7711410080082715,4.7711410080082715,4.7711410080082715,4.7711410080082715,4.7711410080082715,5.358538241998758,None,None,None,None,None,None,None,None,None,None,None,None,1,[0.7166726049908902],[0.7166809279879089],0,,,,,,,,,,,,,,,,,,649728,001,2024-08-14_18h42.50.567,SenstirEs_warningandinstructions,2024.1.4,None,2024-08-14 18h43.04.654844 +0200,
CUAJAR,0,1,1,1,,,,,5.484490511997137,,,,,,,,,,,,,,,,5.360311908007134,5.484490511997137,5.484490511997137,5.484490511997137,5.484490511997137,5.484490511997137,5.484490511997137,5.484490511997137,5.484490511997137,5.484490511997137,5.484490511997137,5.484490511997137,5.484490511997137,5.484490511997137,5.484490511997137,5.484490511997137,5.484490511997137,5.648683873005211,None,None,None,None,None,None,None,None,None,None,None,None,1,[0.19261229198309593],[0.1926223390037194],0,,,,,,,,,,,,,,,,,,649728,001,2024-08-14_18h42.50.567,SenstirEs_warningandinstructions,2024.1.4,None,2024-08-14 18h43.04.654844 +0200,
DIA,0,2,2,2,,,,,5.77153342901147,,,,,,,,,,,,,,,,5.6497233860136475,5.77153342901147,5.77153342901147,5.77153342901147,5.77153342901147,5.77153342901147,5.77153342901147,5.77153342901147,5.77153342901147,5.77153342901147,5.77153342901147,5.77153342901147,5.77153342901147,5.77153342901147,5.77153342901147,5.77153342901147,5.77153342901147,5.794748677988537,None,None,None,None,None,None,None,None,None,None,None,None,1,[0.0594521910243202],[0.05945962201803923],0,,,,,,,,,,,,,,,,,,649728,001,2024-08-14_18h42.50.567,SenstirEs_warningandinstructions,2024.1.4,None,2024-08-14 18h43.04.654844 +0200,
A LA VISTA,0,3,3,3,,,,,5.919388676004019,,,,,,,,,,,,,,,,5.795772351993946,5.919388676004019,5.919388676004019,5.919388676004019,5.919388676004019,5.919388676004019,5.919388676004019,5.919388676004019,5.919388676004019,5.919388676004019,5.919388676004019,5.919388676004019,5.919388676004019,5.919388676004019,5.919388676004019,5.919388676004019,5.919388676004019,6.010086041002069,None,None,None,None,None,None,None,None,None,None,None,None,1,[0.12274195201462135],[0.12275204801699147],0,,,,,,,,,,,,,,,,,,649728,001,2024-08-14_18h42.50.567,SenstirEs_warningandinstructions,2024.1.4,None,2024-08-14 18h43.04.654844 +0200,
SOBRESCRIBIR,0,4,4,4,,,,,6.134386636986164,,,,,,,,,,,,,,,,6.011097361013526,6.134386636986164,6.134386636986164,6.134386636986164,6.134386636986164,6.134386636986164,6.134386636986164,6.134386636986164,6.134386636986164,6.134386636986164,6.134386636986164,6.134386636986164,6.134386636986164,6.134386636986164,6.134386636986164,6.134386636986164,6.134386636986164,6.293208643997787,None,None,None,None,None,None,None,None,None,None,None,None,1,[0.19316097200498916],[0.19317002699244767],0,,,,,,,,,,,,,,,,,,649728,001,2024-08-14_18h42.50.567,SenstirEs_warningandinstructions,2024.1.4,None,2024-08-14 18h43.04.654844 +0200,
TOCAR,0,5,5,5,,,,,6.417534810985671,,,,,,,,,,,,,,,,6.294237193011213,6.417534810985671,6.417534810985671,6.417534810985671,6.417534810985671,6.417534810985671,6.417534810985671,6.417534810985671,6.417534810985671,6.417534810985671,6.417534810985671,6.417534810985671,6.417534810985671,6.417534810985671,6.417534810985671,6.417534810985671,6.417534810985671,6.509200366010191,None,None,None,None,None,None,None,None,None,None,None,None,1,[0.12781904498115182],[0.12782754100044258],0,,,,,,,,,,,,,,,,,,649728,001,2024-08-14_18h42.50.567,SenstirEs_warningandinstructions,2024.1.4,None,2024-08-14 18h43.04.654844 +0200,
SUAVIDAD,0,6,6,6,,,,,6.634149651014013,,,,,,,,,,,,,,,,6.510316158004571,6.634149651014013,6.634149651014013,6.634149651014013,6.634149651014013,6.634149651014013,6.634149651014013,6.634149651014013,6.634149651014013,6.634149651014013,6.634149651014013,6.634149651014013,6.634149651014013,6.634149651014013,6.634149651014013,6.634149651014013,6.634149651014013,6.725651783985086,None,None,None,None,None,None,None,None,None,None,None,None,1,[0.12897651799721643],[0.1289860819815658],0,,,,,,,,,,,,,,,,,,649728,001,2024-08-14_18h42.50.567,SenstirEs_warningandinstructions,2024.1.4,None,2024-08-14 18h43.04.654844 +0200,
INTUITIVAMENTE,0,7,7,7,,,,,6.850804963993141,,,,,,,,,,,,,,,,6.726667273003841,6.850804963993141,6.850804963993141,6.850804963993141,6.850804963993141,6.850804963993141,6.850804963993141,6.850804963993141,6.850804963993141,6.850804963993141,6.850804963993141,6.850804963993141,6.850804963993141,6.850804963993141,6.850804963993141,6.850804963993141,6.850804963993141,6.875729140010662,None,None,None,None,None,None,None,None,None,None,None,None,1,[0.06285848299739882],[0.0628663579991553],0,,,,,,,,,,,,,,,,,,649728,001,2024-08-14_18h42.50.567,SenstirEs_warningandinstructions,2024.1.4,None,2024-08-14 18h43.04.654844 +0200,
FÉMUR,0,8,8,8,,,,,7.000794743013103,,,,,,,,,,,,,,,,6.876743778993841,7.000794743013103,7.000794743013103,7.000794743013103,7.000794743013103,7.000794743013103,7.000794743013103,7.000794743013103,7.000794743013103,7.000794743013103,7.000794743013103,7.000794743013103,7.000794743013103,7.000794743013103,7.000794743013103,7.000794743013103,7.000794743013103,7.092787448986201,None,None,None,None,None,None,None,None,None,None,None,None,1,[0.1276356259768363],[0.1276435959734954],0,,,,,,,,,,,,,,,,,,649728,001,2024-08-14_18h42.50.567,SenstirEs_warningandinstructions,2024.1.4,None,2024-08-14 18h43.04.654844 +0200,
ACARICIADO,0,9,9,9,,,,,7.217753023986006,,,,,,,,,,,,,,,,7.093806850985857,7.217753023986006,7.217753023986006,7.217753023986006,7.217753023986006,7.217753023986006,7.217753023986006,7.217753023986006,7.217753023986006,7.217753023986006,7.217753023986006,7.217753023986006,7.217753023986006,7.217753023986006,7.217753023986006,7.217753023986006,7.217753023986006,7.242730306985322,None,None,None,None,None,None,None,None,None,None,None,None,1,[0.06220320798456669],[0.062211437994847074],0,,,,,,,,,,,,,,,,,,649728,001,2024-08-14_18h42.50.567,SenstirEs_warningandinstructions,2024.1.4,None,2024-08-14 18h43.04.654844 +0200,
ACARICIAR,0,10,10,10,,,,,7.3675773440045305,,,,,,,,,,,,,,,,7.24376705600298,7.3675773440045305,7.3675773440045305,7.3675773440045305,7.3675773440045305,7.3675773440045305,7.3675773440045305,7.3675773440045305,7.3675773440045305,7.3675773440045305,7.3675773440045305,7.3675773440045305,7.3675773440045305,7.3675773440045305,7.3675773440045305,7.3675773440045305,7.3675773440045305,7.65861794698867,None,None,None,None,None,None,None,None,None,None,None,None,1,[0.32759174000239],[0.32760049001080915],0,,,,,,,,,,,,,,,,,,649728,001,2024-08-14_18h42.50.567,SenstirEs_warningandinstructions,2024.1.4,None,2024-08-14 18h43.04.654844 +0200,
PELUDO,0,11,11,11,,,,,7.784227694995934,,,,,,,,,,,,,,,,7.659658543008845,7.784227694995934,7.784227694995934,7.784227694995934,7.784227694995934,7.784227694995934,7.784227694995934,7.784227694995934,7.784227694995934,7.784227694995934,7.784227694995934,7.784227694995934,7.784227694995934,7.784227694995934,7.784227694995934,7.784227694995934,7.784227694995934,7.875016322010197,None,None,None,None,None,None,None,None,None,None,None,None,1,[0.12773136197938584],[0.12773954900330864],0,,,,,,,,,,,,,,,,,,649728,001,2024-08-14_18h42.50.567,SenstirEs_warningandinstructions,2024.1.4,None,2024-08-14 18h43.04.654844 +0200,
INDESTRUCTIBILIDAD,0,12,12,12,,,,,8.000746147998143,,,,,,,,,,,,,,,,7.876035616005538,8.000746147998143,8.000746147998143,8.000746147998143,8.000746147998143,8.000746147998143,8.000746147998143,8.000746147998143,8.000746147998143,8.000746147998143,8.000746147998143,8.000746147998143,8.000746147998143,8.000746147998143,8.000746147998143,8.000746147998143,8.000746147998143,8.091578888997901,None,None,None,None,None,None,None,None,None,None,None,None,1,[0.12843647599220276],[0.1284443439799361],0,,,,,,,,,,,,,,,,,,649728,001,2024-08-14_18h42.50.567,SenstirEs_warningandinstructions,2024.1.4,None,2024-08-14 18h43.04.654844 +0200,
MASILLOSO,0,13,13,13,,,,,8.217674562998582,,,,,,,,,,,,,,,,8.092589395004325,8.217674562998582,8.217674562998582,8.217674562998582,8.217674562998582,8.217674562998582,8.217674562998582,8.217674562998582,8.217674562998582,8.217674562998582,8.217674562998582,8.217674562998582,8.217674562998582,8.217674562998582,8.217674562998582,8.217674562998582,8.217674562998582,8.642564885987667,None,None,None,None,None,None,None,None,None,None,None,None,1,[0.4623655410250649],[0.46237451300839894],0,,,,,,,,,,,,,,,,,,649728,001,2024-08-14_18h42.50.567,SenstirEs_warningandinstructions,2024.1.4,None,2024-08-14 18h43.04.654844 +0200,
AULLIDO,0,14,14,14,,,,,8.767636559001403,,,,,,,,,,,,,,,,8.6435832749994,8.767636559001403,8.767636559001403,8.767636559001403,8.767636559001403,8.767636559001403,8.767636559001403,8.767636559001403,8.767636559001403,8.767636559001403,8.767636559001403,8.767636559001403,8.767636559001403,8.767636559001403,8.767636559001403,8.767636559001403,8.767636559001403,8.859063887997763,None,None,None,None,None,None,None,None,None,None,None,None,1,[0.1295123410236556],[0.12952100700931624],0,,,,,,,,,,,,,,,,,,649728,001,2024-08-14_18h42.50.567,SenstirEs_warningandinstructions,2024.1.4,None,2024-08-14 18h43.04.654844 +0200,
TACTILMENTE,0,15,15,15,,,,,8.984293384011835,,,,,,,,,,,,,,,,8.860092612012522,8.984293384011835,8.984293384011835,8.984293384011835,8.984293384011835,8.984293384011835,8.984293384011835,8.984293384011835,8.984293384011835,8.984293384011835,8.984293384011835,8.984293384011835,8.984293384011835,8.984293384011835,8.984293384011835,8.984293384011835,8.984293384011835,9.075595275004162,None,None,None,None,None,None,None,None,None,None,None,None,1,[0.12810220202663913],[0.12810953400912695],0,,,,,,,,,,,,,,,,,,649728,001,2024-08-14_18h42.50.567,SenstirEs_warningandinstructions,2024.1.4,None,2024-08-14 18h43.04.654844 +0200,
CARA,0,16,16,16,,,,,9.201095002994407,,,,,,,,,,,,,,,,9.076606991991866,9.201095002994407,9.201095002994407,9.201095002994407,9.201095002994407,9.201095002994407,9.201095002994407,9.201095002994407,9.201095002994407,9.201095002994407,9.201095002994407,9.201095002994407,9.201095002994407,9.201095002994407,9.201095002994407,9.201095002994407,9.201095002994407,9.490606589999516,None,None,None,None,None,None,None,None,None,None,None,None,1,[0.3299255979945883],[0.3299337830103468],0,,,,,,,,,,,,,,,,,,649728,001,2024-08-14_18h42.50.567,SenstirEs_warningandinstructions,2024.1.4,None,2024-08-14 18h43.04.654844 +0200,
DEPLORAR,0,17,17,17,,,,,9.61749964300543,,,,,,,,,,,,,,,,9.491705841996009,9.61749964300543,9.61749964300543,9.61749964300543,9.61749964300543,9.61749964300543,9.61749964300543,9.61749964300543,9.61749964300543,9.61749964300543,9.61749964300543,9.61749964300543,9.61749964300543,9.61749964300543,9.61749964300543,9.61749964300543,9.61749964300543,9.709907699987525,None,None,None,None,None,None,None,None,None,None,None,None,1,[0.13050302900956012],[0.130511932016816],0,,,,,,,,,,,,,,,,,,649728,001,2024-08-14_18h42.50.567,SenstirEs_warningandinstructions,2024.1.4,None,2024-08-14 18h43.04.654844 +0200,
TORRINO ,0,18,18,18,,,,,9.83422335400246,,,,,,,,,,,,,,,,9.710942586010788,9.83422335400246,9.83422335400246,9.83422335400246,9.83422335400246,9.83422335400246,9.83422335400246,9.83422335400246,9.83422335400246,9.83422335400246,9.83422335400246,9.83422335400246,9.83422335400246,9.83422335400246,9.83422335400246,9.83422335400246,9.83422335400246,9.992149094003253,None,None,None,None,None,None,None,None,None,None,None,None,1,[0.1948401580157224],[0.19484830801957287],0,,,,,,,,,,,,,,,,,,649728,001,2024-08-14_18h42.50.567,SenstirEs_warningandinstructions,2024.1.4,None,2024-08-14 18h43.04.654844 +0200,
,,,,,,,,,,,,,,,,,,,,,,,,,,,,,,,,,,,,,,,,,,,,,,,,,,,,,,,,,,,,,9.993070613010786,10.040461274998961,10.040461274998961,10.040461274998961,10.040461274998961,10.937231163989054,0,,,1,[0.9401809470145963],[0.9401900340162683],0,,,649728,001,2024-08-14_18h42.50.567,SenstirEs_warningandinstructions,2024.1.4,None,2024-08-14 18h43.04.654844 +0200,
DIESTRO,,,,,0,0,0,2,11.067717494006502,,,,,,,,,,,,,,,,10.947262639005203,11.067717494006502,11.067717494006502,11.067717494006502,11.067717494006502,11.067717494006502,11.067717494006502,11.067717494006502,11.067717494006502,11.067717494006502,11.067717494006502,11.067717494006502,11.067717494006502,11.067717494006502,11.067717494006502,11.067717494006502,11.067717494006502,11.959463028004393,None,None,None,None,None,None,None,None,None,None,None,None,1,[0.9251276050054003],[0.9251354050065856],0,,,,,,,,,,,,,,,,,,649728,001,2024-08-14_18h42.50.567,SenstirEs_warningandinstructions,2024.1.4,None,2024-08-14 18h43.04.654844 +0200,
CIELOS,,,,,0,1,1,6,12.084328172990354,,,,,,,,,,,,,,,,11.961928186006844,12.084328172990354,12.084328172990354,12.084328172990354,12.084328172990354,12.084328172990354,12.084328172990354,12.084328172990354,12.084328172990354,12.084328172990354,12.084328172990354,12.084328172990354,12.084328172990354,12.084328172990354,12.084328172990354,12.084328172990354,12.084328172990354,12.108158354007173,None,None,None,None,None,None,None,None,None,None,None,None,1,[0.06162288199993782],[0.06163014497724362],0,,,,,,,,,,,,,,,,,,649728,001,2024-08-14_18h42.50.567,SenstirEs_warningandinstructions,2024.1.4,None,2024-08-14 18h43.04.654844 +0200,
ETIQUETA,,,,,0,2,2,22,12.234172822994879,,,,,,,,,,,,,,,,12.10931878600968,12.234172822994879,12.234172822994879,12.234172822994879,12.234172822994879,12.234172822994879,12.234172822994879,12.234172822994879,12.234172822994879,12.234172822994879,12.234172822994879,12.234172822994879,12.234172822994879,12.234172822994879,12.234172822994879,12.234172822994879,12.234172822994879,12.45875337801408,None,None,None,None,None,None,None,None,None,None,None,None,1,[0.26160486601293087],[0.26161263399990276],0,,,,,,,,,,,,,,,,,,649728,001,2024-08-14_18h42.50.567,SenstirEs_warningandinstructions,2024.1.4,None,2024-08-14 18h43.04.654844 +0200,
YOUTUBE,,,,,0,3,3,11,12.584144564985763,,,,,,,,,,,,,,,,12.459917495987611,12.584144564985763,12.584144564985763,12.584144564985763,12.584144564985763,12.584144564985763,12.584144564985763,12.584144564985763,12.584144564985763,12.584144564985763,12.584144564985763,12.584144564985763,12.584144564985763,12.584144564985763,12.584144564985763,12.584144564985763,12.584144564985763,12.609882157994434,None,None,None,None,None,None,None,None,None,None,None,None,1,[0.06191836699144915],[0.06192635599290952],0,,,,,,,,,,,,,,,,,,649728,001,2024-08-14_18h42.50.567,SenstirEs_warningandinstructions,2024.1.4,None,2024-08-14 18h43.04.654844 +0200,
ENROSCARSE,,,,,0,4,4,23,12.734333639993565,,,,,,,,,,,,,,,,12.611038130009547,12.734333639993565,12.734333639993565,12.734333639993565,12.734333639993565,12.734333639993565,12.734333639993565,12.734333639993565,12.734333639993565,12.734333639993565,12.734333639993565,12.734333639993565,12.734333639993565,12.734333639993565,12.734333639993565,12.734333639993565,12.734333639993565,12.759578408004018,None,None,None,None,None,None,None,None,None,None,None,None,1,[0.0615072600194253],[0.0615150390076451],0,,,,,,,,,,,,,,,,,,649728,001,2024-08-14_18h42.50.567,SenstirEs_warningandinstructions,2024.1.4,None,2024-08-14 18h43.04.654844 +0200,
PESIMISTA,,,,,0,5,5,3,12.883994509989861,,,,,,,,,,,,,,,,12.76073489600094,12.883994509989861,12.883994509989861,12.883994509989861,12.883994509989861,12.883994509989861,12.883994509989861,12.883994509989861,12.883994509989861,12.883994509989861,12.883994509989861,12.883994509989861,12.883994509989861,12.883994509989861,12.883994509989861,12.883994509989861,12.883994509989861,12.9088264759921,None,None,None,None,None,None,None,None,None,None,None,None,1,[0.06218276100116782],[0.06219106400385499],0,,,,,,,,,,,,,,,,,,649728,001,2024-08-14_18h42.50.567,SenstirEs_warningandinstructions,2024.1.4,None,2024-08-14 18h43.04.654844 +0200,
NO COMESTIBLE,,,,,0,6,6,17,13.034124894998968,,,,,,,,,,,,,,,,12.91000176500529,13.034124894998968,13.034124894998968,13.034124894998968,13.034124894998968,13.034124894998968,13.034124894998968,13.034124894998968,13.034124894998968,13.034124894998968,13.034124894998968,13.034124894998968,13.034124894998968,13.034124894998968,13.034124894998968,13.034124894998968,13.034124894998968,13.192543335986556,None,None,None,None,None,None,None,None,None,None,None,None,1,[0.19559716500225477],[0.1956101869873237],0,,,,,,,,,,,,,,,,,,649728,001,2024-08-14_18h42.50.567,SenstirEs_warningandinstructions,2024.1.4,None,2024-08-14 18h43.04.654844 +0200,
PICAPORTE,,,,,0,7,7,4,13.317613841994898,,,,,,,,,,,,,,,,13.193879761005519,13.317613841994898,13.317613841994898,13.317613841994898,13.317613841994898,13.317613841994898,13.317613841994898,13.317613841994898,13.317613841994898,13.317613841994898,13.317613841994898,13.317613841994898,13.317613841994898,13.317613841994898,13.317613841994898,13.317613841994898,13.317613841994898,13.342823930986924,None,None,None,None,None,None,None,None,None,None,None,None,1,[0.061896363011328503],[0.061904255009721965],0,,,,,,,,,,,,,,,,,,649728,001,2024-08-14_18h42.50.567,SenstirEs_warningandinstructions,2024.1.4,None,2024-08-14 18h43.04.654844 +0200,
MALA PERSONA,,,,,0,8,8,5,13.467698133987142,,,,,,,,,,,,,,,,13.344206161011243,13.467698133987142,13.467698133987142,13.467698133987142,13.467698133987142,13.467698133987142,13.467698133987142,13.467698133987142,13.467698133987142,13.467698133987142,13.467698133987142,13.467698133987142,13.467698133987142,13.467698133987142,13.467698133987142,13.467698133987142,13.467698133987142,13.493463580001844,None,None,None,None,None,None,None,None,None,None,None,None,1,[0.062297936994582415],[0.06230764198699035],0,,,,,,,,,,,,,,,,,,649728,001,2024-08-14_18h42.50.567,SenstirEs_warningandinstructions,2024.1.4,None,2024-08-14 18h43.04.654844 +0200,
SEDOSO,,,,,0,9,9,20,13.61735145599232,,,,,,,,,,,,,,,,13.494620626996038,13.61735145599232,13.61735145599232,13.61735145599232,13.61735145599232,13.61735145599232,13.61735145599232,13.61735145599232,13.61735145599232,13.61735145599232,13.61735145599232,13.61735145599232,13.61735145599232,13.61735145599232,13.61735145599232,13.61735145599232,13.61735145599232,13.643413552985294,None,None,None,None,None,None,None,None,None,None,None,None,1,[0.06075011799111962],[0.06075901098665781],0,,,,,,,,,,,,,,,,,,649728,001,2024-08-14_18h42.50.567,SenstirEs_warningandinstructions,2024.1.4,None,2024-08-14 18h43.04.654844 +0200,
PELIGRO,,,,,0,10,10,8,13.767793209000956,,,,,,,,,,,,,,,,13.644559987995308,13.767793209000956,13.767793209000956,13.767793209000956,13.767793209000956,13.767793209000956,13.767793209000956,13.767793209000956,13.767793209000956,13.767793209000956,13.767793209000956,13.767793209000956,13.767793209000956,13.767793209000956,13.767793209000956,13.767793209000956,13.767793209000956,13.993200944998534,None,None,None,None,None,None,None,None,None,None,None,None,1,[0.2589494650019333],[0.25895974098239094],0,,,,,,,,,,,,,,,,,,649728,001,2024-08-14_18h42.50.567,SenstirEs_warningandinstructions,2024.1.4,None,2024-08-14 18h43.04.654844 +0200,
PARAPSICOLOGÍA,,,,,0,11,11,1,14.118152323993854,,,,,,,,,,,,,,,,13.99485276901396,14.118152323993854,14.118152323993854,14.118152323993854,14.118152323993854,14.118152323993854,14.118152323993854,14.118152323993854,14.118152323993854,14.118152323993854,14.118152323993854,14.118152323993854,14.118152323993854,14.118152323993854,14.118152323993854,14.118152323993854,14.118152323993854,14.143404453003313,None,None,None,None,None,None,None,None,None,None,None,None,1,[0.061318117019254714],[0.061327191011514515],0,,,,,,,,,,,,,,,,,,649728,001,2024-08-14_18h42.50.567,SenstirEs_warningandinstructions,2024.1.4,None,2024-08-14 18h43.04.654844 +0200,
VISTA,,,,,0,12,12,21,14.26737253300962,,,,,,,,,,,,,,,,14.144577044004109,14.26737253300962,14.26737253300962,14.26737253300962,14.26737253300962,14.26737253300962,14.26737253300962,14.26737253300962,14.26737253300962,14.26737253300962,14.26737253300962,14.26737253300962,14.26737253300962,14.26737253300962,14.26737253300962,14.26737253300962,14.26737253300962,14.292281041009119,None,None,None,None,None,None,None,None,None,None,None,None,1,[0.06068987800972536],[0.06069809300242923],0,,,,,,,,,,,,,,,,,,649728,001,2024-08-14_18h42.50.567,SenstirEs_warningandinstructions,2024.1.4,None,2024-08-14 18h43.04.654844 +0200,
ALÉRGICO,,,,,0,13,13,18,14.417314924008679,,,,,,,,,,,,,,,,14.293433909013402,14.417314924008679,14.417314924008679,14.417314924008679,14.417314924008679,14.417314924008679,14.417314924008679,14.417314924008679,14.417314924008679,14.417314924008679,14.417314924008679,14.417314924008679,14.417314924008679,14.417314924008679,14.417314924008679,14.417314924008679,14.417314924008679,14.44169269799022,None,None,None,None,None,None,None,None,None,None,None,None,1,[0.06167111100512557],[0.06167979899328202],0,,,,,,,,,,,,,,,,,,649728,001,2024-08-14_18h42.50.567,SenstirEs_warningandinstructions,2024.1.4,None,2024-08-14 18h43.04.654844 +0200,
TIRADO,,,,,0,14,14,0,14.567486332991393,,,,,,,,,,,,,,,,14.442851250991225,14.567486332991393,14.567486332991393,14.567486332991393,14.567486332991393,14.567486332991393,14.567486332991393,14.567486332991393,14.567486332991393,14.567486332991393,14.567486332991393,14.567486332991393,14.567486332991393,14.567486332991393,14.567486332991393,14.567486332991393,14.567486332991393,14.792752849985845,None,None,None,None,None,None,None,None,None,None,None,None,1,[0.26238912699045613],[0.26239731899113394],0,,,,,,,,,,,,,,,,,,649728,001,2024-08-14_18h42.50.567,SenstirEs_warningandinstructions,2024.1.4,None,2024-08-14 18h43.04.654844 +0200,
VISTA,,,,,0,15,15,7,14.917639340012101,,,,,,,,,,,,,,,,14.79389887698926,14.917639340012101,14.917639340012101,14.917639340012101,14.917639340012101,14.917639340012101,14.917639340012101,14.917639340012101,14.917639340012101,14.917639340012101,14.917639340012101,14.917639340012101,14.917639340012101,14.917639340012101,14.917639340012101,14.917639340012101,14.917639340012101,14.942021472001215,None,None,None,None,None,None,None,None,None,None,None,None,1,[0.06173202701029368],[0.061743520986055955],0,,,,,,,,,,,,,,,,,,649728,001,2024-08-14_18h42.50.567,SenstirEs_warningandinstructions,2024.1.4,None,2024-08-14 18h43.04.654844 +0200,
AGARRE,,,,,0,16,16,9,15.067479933000868,,,,,,,,,,,,,,,,14.943186004005838,15.067479933000868,15.067479933000868,15.067479933000868,15.067479933000868,15.067479933000868,15.067479933000868,15.067479933000868,15.067479933000868,15.067479933000868,15.067479933000868,15.067479933000868,15.067479933000868,15.067479933000868,15.067479933000868,15.067479933000868,15.067479933000868,15.291914275003364,None,None,None,None,None,None,None,None,None,None,None,None,1,[0.26183182702516206],[0.26183966401731595],0,,,,,,,,,,,,,,,,,,649728,001,2024-08-14_18h42.50.567,SenstirEs_warningandinstructions,2024.1.4,None,2024-08-14 18h43.04.654844 +0200,
INCOMUNICABILIDAD,,,,,0,17,17,10,15.417588414013153,,,,,,,,,,,,,,,,15.293140271009179,15.417588414013153,15.417588414013153,15.417588414013153,15.417588414013153,15.417588414013153,15.417588414013153,15.417588414013153,15.417588414013153,15.417588414013153,15.417588414013153,15.417588414013153,15.417588414013153,15.417588414013153,15.417588414013153,15.417588414013153,15.417588414013153,15.44223232899094,None,None,None,None,None,None,None,None,None,None,None,None,1,[0.06352223898284137],[0.06353132898220792],0,,,,,,,,,,,,,,,,,,649728,001,2024-08-14_18h42.50.567,SenstirEs_warningandinstructions,2024.1.4,None,2024-08-14 18h43.04.654844 +0200,
VISIBLE,,,,,0,18,18,16,15.567582829011371,,,,,,,,,,,,,,,,15.443423572985921,15.567582829011371,15.567582829011371,15.567582829011371,15.567582829011371,15.567582829011371,15.567582829011371,15.567582829011371,15.567582829011371,15.567582829011371,15.567582829011371,15.567582829011371,15.567582829011371,15.567582829011371,15.567582829011371,15.567582829011371,15.567582829011371,15.659429974999512,None,None,None,None,None,None,None,None,None,None,None,None,1,[0.12902206799481064],[0.12903013100731187],0,,,,,,,,,,,,,,,,,,649728,001,2024-08-14_18h42.50.567,SenstirEs_warningandinstructions,2024.1.4,None,2024-08-14 18h43.04.654844 +0200,
PODRÍA,,,,,0,19,19,14,15.78436818299815,,,,,,,,,,,,,,,,15.66060038699652,15.78436818299815,15.78436818299815,15.78436818299815,15.78436818299815,15.78436818299815,15.78436818299815,15.78436818299815,15.78436818299815,15.78436818299815,15.78436818299815,15.78436818299815,15.78436818299815,15.78436818299815,15.78436818299815,15.78436818299815,15.78436818299815,15.809656931989593,None,None,None,None,None,None,None,None,None,None,None,None,1,[0.06255681300535798],[0.06256803701398894],0,,,,,,,,,,,,,,,,,,649728,001,2024-08-14_18h42.50.567,SenstirEs_warningandinstructions,2024.1.4,None,2024-08-14 18h43.04.654844 +0200,
TELEVISION,,,,,0,20,20,15,15.934184256009758,,,,,,,,,,,,,,,,15.810866829007864,15.934184256009758,15.934184256009758,15.934184256009758,15.934184256009758,15.934184256009758,15.934184256009758,15.934184256009758,15.934184256009758,15.934184256009758,15.934184256009758,15.934184256009758,15.934184256009758,15.934184256009758,15.934184256009758,15.934184256009758,15.934184256009758,15.958164437994128,None,None,None,None,None,None,None,None,None,None,None,None,1,[0.06190840498311445],[0.06191711698193103],0,,,,,,,,,,,,,,,,,,649728,001,2024-08-14_18h42.50.567,SenstirEs_warningandinstructions,2024.1.4,None,2024-08-14 18h43.04.654844 +0200,
AFLOJAR,,,,,0,21,21,12,16.084074017999228,,,,,,,,,,,,,,,,15.9593104319938,16.084074017999228,16.084074017999228,16.084074017999228,16.084074017999228,16.084074017999228,16.084074017999228,16.084074017999228,16.084074017999228,16.084074017999228,16.084074017999228,16.084074017999228,16.084074017999228,16.084074017999228,16.084074017999228,16.084074017999228,16.084074017999228,16.174811052012956,None,None,None,None,None,None,None,None,None,None,None,None,1,[0.1291769029921852],[0.12918529598391615],0,,,,,,,,,,,,,,,,,,649728,001,2024-08-14_18h42.50.567,SenstirEs_warningandinstructions,2024.1.4,None,2024-08-14 18h43.04.654844 +0200,
BONITO,,,,,0,22,22,19,16.300493337999796,,,,,,,,,,,,,,,,16.176251772005344,16.300493337999796,16.300493337999796,16.300493337999796,16.300493337999796,16.300493337999796,16.300493337999796,16.300493337999796,16.300493337999796,16.300493337999796,16.300493337999796,16.300493337999796,16.300493337999796,16.300493337999796,16.300493337999796,16.300493337999796,16.300493337999796,16.32535095399362,None,None,None,None,None,None,None,None,None,None,None,None,1,[0.062146116979420185],[0.06215499099926092],0,,,,,,,,,,,,,,,,,,649728,001,2024-08-14_18h42.50.567,SenstirEs_warningandinstructions,2024.1.4,None,2024-08-14 18h43.04.654844 +0200,
GOLPE,,,,,0,23,23,13,16.450892944994848,,,,,,,,,,,,,,,,16.326505843986524,16.450892944994848,16.450892944994848,16.450892944994848,16.450892944994848,16.450892944994848,16.450892944994848,16.450892944994848,16.450892944994848,16.450892944994848,16.450892944994848,16.450892944994848,16.450892944994848,16.450892944994848,16.450892944994848,16.450892944994848,16.450892944994848,16.542764796002302,None,None,None,None,None,None,None,None,None,None,None,None,1,[0.1288151569897309],[0.12882290300331078],0,,,,,,,,,,,,,,,,,,649728,001,2024-08-14_18h42.50.567,SenstirEs_warningandinstructions,2024.1.4,None,2024-08-14 18h43.04.654844 +0200,
COLUMNA VERTEBRAL,,,,,0,24,24,24,16.667372460011393,,,,,,,,,,,,,,,,16.543916474009166,16.667372460011393,16.667372460011393,16.667372460011393,16.667372460011393,16.667372460011393,16.667372460011393,16.667372460011393,16.667372460011393,16.667372460011393,16.667372460011393,16.667372460011393,16.667372460011393,16.667372460011393,16.667372460011393,16.667372460011393,16.667372460011393,16.758545682998374,None,None,None,None,None,None,None,None,None,None,None,None,1,[0.1272357380075846],[0.12724377700942568],0,,,,,,,,,,,,,,,,,,649728,001,2024-08-14_18h42.50.567,SenstirEs_warningandinstructions,2024.1.4,None,2024-08-14 18h43.04.654844 +0200,
MALA PERSONA,,,,,1,0,25,5,16.884435757994652,,,,,,,,,,,,,,,,16.75971285099513,16.884435757994652,16.884435757994652,16.884435757994652,16.884435757994652,16.884435757994652,16.884435757994652,16.884435757994652,16.884435757994652,16.884435757994652,16.884435757994652,16.884435757994652,16.884435757994652,16.884435757994652,16.884435757994652,16.884435757994652,16.884435757994652,16.90922064401093,None,None,None,None,None,None,None,None,None,None,None,None,1,[0.06406416001846083],[0.06410104501992464],0,,,,,,,,,,,,,,,,,,649728,001,2024-08-14_18h42.50.567,SenstirEs_warningandinstructions,2024.1.4,None,2024-08-14 18h43.04.654844 +0200,
PODRÍA,,,,,1,1,26,14,17.034021306986688,,,,,,,,,,,,,,,,16.910517415002687,17.034021306986688,17.034021306986688,17.034021306986688,17.034021306986688,17.034021306986688,17.034021306986688,17.034021306986688,17.034021306986688,17.034021306986688,17.034021306986688,17.034021306986688,17.034021306986688,17.034021306986688,17.034021306986688,17.034021306986688,17.034021306986688,17.125951716996497,None,None,None,None,None,None,None,None,None,None,None,None,1,[0.12801173800835386],[0.12802110801567324],0,,,,,,,,,,,,,,,,,,649728,001,2024-08-14_18h42.50.567,SenstirEs_warningandinstructions,2024.1.4,None,2024-08-14 18h43.04.654844 +0200,
VISIBLE,,,,,1,2,27,16,17.25072980701225,,,,,,,,,,,,,,,,17.12713630500366,17.25072980701225,17.25072980701225,17.25072980701225,17.25072980701225,17.25072980701225,17.25072980701225,17.25072980701225,17.25072980701225,17.25072980701225,17.25072980701225,17.25072980701225,17.25072980701225,17.25072980701225,17.25072980701225,17.25072980701225,17.25072980701225,17.341598586994223,None,None,None,None,None,None,None,None,None,None,None,None,1,[0.12992528697941452],[0.12993364699650556],0,,,,,,,,,,,,,,,,,,649728,001,2024-08-14_18h42.50.567,SenstirEs_warningandinstructions,2024.1.4,None,2024-08-14 18h43.04.654844 +0200,
NO COMESTIBLE,,,,,1,3,28,17,17.467471698008012,,,,,,,,,,,,,,,,17.34274449700024,17.467471698008012,17.467471698008012,17.467471698008012,17.467471698008012,17.467471698008012,17.467471698008012,17.467471698008012,17.467471698008012,17.467471698008012,17.467471698008012,17.467471698008012,17.467471698008012,17.467471698008012,17.467471698008012,17.467471698008012,17.467471698008012,17.49353710899595,None,None,None,None,None,None,None,None,None,None,None,None,1,[0.06396620097802952],[0.06397501099854708],0,,,,,,,,,,,,,,,,,,649728,001,2024-08-14_18h42.50.567,SenstirEs_warningandinstructions,2024.1.4,None,2024-08-14 18h43.04.654844 +0200,
ALÉRGICO,,,,,1,4,29,18,17.617438988992944,,,,,,,,,,,,,,,,17.49468721001176,17.617438988992944,17.617438988992944,17.617438988992944,17.617438988992944,17.617438988992944,17.617438988992944,17.617438988992944,17.617438988992944,17.617438988992944,17.617438988992944,17.617438988992944,17.617438988992944,17.617438988992944,17.617438988992944,17.617438988992944,17.617438988992944,17.842949607002083,None,None,None,None,None,None,None,None,None,None,None,None,1,[0.2610679930076003],[0.2610773460182827],0,,,,,,,,,,,,,,,,,,649728,001,2024-08-14_18h42.50.567,SenstirEs_warningandinstructions,2024.1.4,None,2024-08-14 18h43.04.654844 +0200,
PICAPORTE,,,,,1,5,30,4,17.967350330000045,,,,,,,,,,,,,,,,17.844327470986173,17.967350330000045,17.967350330000045,17.967350330000045,17.967350330000045,17.967350330000045,17.967350330000045,17.967350330000045,17.967350330000045,17.967350330000045,17.967350330000045,17.967350330000045,17.967350330000045,17.967350330000045,17.967350330000045,17.967350330000045,17.967350330000045,17.99182418399141,None,None,None,None,None,None,None,None,None,None,None,None,1,[0.061652364005567506],[0.061662374006118625],0,,,,,,,,,,,,,,,,,,649728,001,2024-08-14_18h42.50.567,SenstirEs_warningandinstructions,2024.1.4,None,2024-08-14 18h43.04.654844 +0200,
SEDOSO,,,,,1,6,31,20,18.117203803994926,,,,,,,,,,,,,,,,17.993162486003712,18.117203803994926,18.117203803994926,18.117203803994926,18.117203803994926,18.117203803994926,18.117203803994926,18.117203803994926,18.117203803994926,18.117203803994926,18.117203803994926,18.117203803994926,18.117203803994926,18.117203803994926,18.117203803994926,18.117203803994926,18.117203803994926,18.207725760003086,None,None,None,None,None,None,None,None,None,None,None,None,1,[0.12984454398974776],[0.12985365799977444],0,,,,,,,,,,,,,,,,,,649728,001,2024-08-14_18h42.50.567,SenstirEs_warningandinstructions,2024.1.4,None,2024-08-14 18h43.04.654844 +0200,
TELEVISION,,,,,1,7,32,15,18.334168884990504,,,,,,,,,,,,,,,,18.208992947009392,18.334168884990504,18.334168884990504,18.334168884990504,18.334168884990504,18.334168884990504,18.334168884990504,18.334168884990504,18.334168884990504,18.334168884990504,18.334168884990504,18.334168884990504,18.334168884990504,18.334168884990504,18.334168884990504,18.334168884990504,18.334168884990504,18.425843297998654,None,None,None,None,None,None,None,None,None,None,None,None,1,[0.1308554210118018],[0.1308647810074035],0,,,,,,,,,,,,,,,,,,649728,001,2024-08-14_18h42.50.567,SenstirEs_warningandinstructions,2024.1.4,None,2024-08-14 18h43.04.654844 +0200,
INCOMUNICABILIDAD,,,,,1,8,33,10,18.550942497997312,,,,,,,,,,,,,,,,18.42698419498629,18.550942497997312,18.550942497997312,18.550942497997312,18.550942497997312,18.550942497997312,18.550942497997312,18.550942497997312,18.550942497997312,18.550942497997312,18.550942497997312,18.550942497997312,18.550942497997312,18.550942497997312,18.550942497997312,18.550942497997312,18.550942497997312,18.709243615012383,None,None,None,None,None,None,None,None,None,None,None,None,1,[0.1950249900110066],[0.19503497402183712],0,,,,,,,,,,,,,,,,,,649728,001,2024-08-14_18h42.50.567,SenstirEs_warningandinstructions,2024.1.4,None,2024-08-14 18h43.04.654844 +0200,
BONITO,,,,,1,9,34,19,18.834020565001993,,,,,,,,,,,,,,,,18.710377551993588,18.834020565001993,18.834020565001993,18.834020565001993,18.834020565001993,18.834020565001993,18.834020565001993,18.834020565001993,18.834020565001993,18.834020565001993,18.834020565001993,18.834020565001993,18.834020565001993,18.834020565001993,18.834020565001993,18.834020565001993,18.834020565001993,18.99238180500106,None,None,None,None,None,None,None,None,None,None,None,None,1,[0.19674727899837308],[0.19675675898906775],0,,,,,,,,,,,,,,,,,,649728,001,2024-08-14_18h42.50.567,SenstirEs_warningandinstructions,2024.1.4,None,2024-08-14 18h43.04.654844 +0200,
PESIMISTA,,,,,1,10,35,3,19.11738522601081,,,,,,,,,,,,,,,,18.993537570990156,19.11738522601081,19.11738522601081,19.11738522601081,19.11738522601081,19.11738522601081,19.11738522601081,19.11738522601081,19.11738522601081,19.11738522601081,19.11738522601081,19.11738522601081,19.11738522601081,19.11738522601081,19.11738522601081,19.11738522601081,19.11738522601081,19.27521486999467,None,None,None,None,None,None,None,None,None,None,None,None,1,[0.1960831719916314],[0.19609138200758025],0,,,,,,,,,,,,,,,,,,649728,001,2024-08-14_18h42.50.567,SenstirEs_warningandinstructions,2024.1.4,None,2024-08-14 18h43.04.654844 +0200,
DIESTRO,,,,,1,11,36,2,19.400667123991298,,,,,,,,,,,,,,,,19.276358933013398,19.400667123991298,19.400667123991298,19.400667123991298,19.400667123991298,19.400667123991298,19.400667123991298,19.400667123991298,19.400667123991298,19.400667123991298,19.400667123991298,19.400667123991298,19.400667123991298,19.400667123991298,19.400667123991298,19.400667123991298,19.400667123991298,19.55746587199974,None,None,None,None,None,None,None,None,None,None,None,None,1,[0.19665576901752502],[0.1966626550129149],0,,,,,,,,,,,,,,,,,,649728,001,2024-08-14_18h42.50.567,SenstirEs_warningandinstructions,2024.1.4,None,2024-08-14 18h43.04.654844 +0200,
TIRADO,,,,,1,12,37,0,19.684225303994026,,,,,,,,,,,,,,,,19.55860135500552,19.684225303994026,19.684225303994026,19.684225303994026,19.684225303994026,19.684225303994026,19.684225303994026,19.684225303994026,19.684225303994026,19.684225303994026,19.684225303994026,19.684225303994026,19.684225303994026,19.684225303994026,19.684225303994026,19.684225303994026,19.684225303994026,19.842257431999315,None,None,None,None,None,None,None,None,None,None,None,None,1,[0.19756459101336077],[0.19757398299407214],0,,,,,,,,,,,,,,,,,,649728,001,2024-08-14_18h42.50.567,SenstirEs_warningandinstructions,2024.1.4,None,2024-08-14 18h43.04.654844 +0200,
CIELOS,,,,,1,13,38,6,19.98346592800226,,,,,,,,,,,,,,,,19.843698476004647,19.98346592800226,19.98346592800226,19.98346592800226,19.98346592800226,19.98346592800226,19.98346592800226,19.98346592800226,19.98346592800226,19.98346592800226,19.98346592800226,19.98346592800226,19.98346592800226,19.98346592800226,19.98346592800226,19.98346592800226,19.98346592800226,20.141733928991016,None,None,None,None,None,None,None,None,None,None,None,None,1,[0.19755014299880713],[0.1975587600027211],0,,,,,,,,,,,,,,,,,,649728,001,2024-08-14_18h42.50.567,SenstirEs_warningandinstructions,2024.1.4,None,2024-08-14 18h43.04.654844 +0200,
ENROSCARSE,,,,,1,14,39,23,20.267391556990333,,,,,,,,,,,,,,,,20.142879610008094,20.267391556990333,20.267391556990333,20.267391556990333,20.267391556990333,20.267391556990333,20.267391556990333,20.267391556990333,20.267391556990333,20.267391556990333,20.267391556990333,20.267391556990333,20.267391556990333,20.267391556990333,20.267391556990333,20.267391556990333,20.267391556990333,20.426677481009392,None,None,None,None,None,None,None,None,None,None,None,None,1,[0.19658309902297333],[0.19659174300613813],0,,,,,,,,,,,,,,,,,,649728,001,2024-08-14_18h42.50.567,SenstirEs_warningandinstructions,2024.1.4,None,2024-08-14 18h43.04.654844 +0200,
PARAPSICOLOGÍA,,,,,1,15,40,1,20.550600682996446,,,,,,,,,,,,,,,,20.42781653799466,20.550600682996446,20.550600682996446,20.550600682996446,20.550600682996446,20.550600682996446,20.550600682996446,20.550600682996446,20.550600682996446,20.550600682996446,20.550600682996446,20.550600682996446,20.550600682996446,20.550600682996446,20.550600682996446,20.550600682996446,20.550600682996446,20.64256199199008,None,None,None,None,None,None,None,None,None,None,None,None,1,[0.12869717998546548],[0.12870588499936275],0,,,,,,,,,,,,,,,,,,649728,001,2024-08-14_18h42.50.567,SenstirEs_warningandinstructions,2024.1.4,None,2024-08-14 18h43.04.654844 +0200,
VISTA,,,,,1,16,41,7,20.767648726003245,,,,,,,,,,,,,,,,20.64374413699261,20.767648726003245,20.767648726003245,20.767648726003245,20.767648726003245,20.767648726003245,20.767648726003245,20.767648726003245,20.767648726003245,20.767648726003245,20.767648726003245,20.767648726003245,20.767648726003245,20.767648726003245,20.767648726003245,20.767648726003245,20.767648726003245,20.99123822399997,None,None,None,None,None,None,None,None,None,None,None,None,1,[0.2612704889907036],[0.2612787839898374],0,,,,,,,,,,,,,,,,,,649728,001,2024-08-14_18h42.50.567,SenstirEs_warningandinstructions,2024.1.4,None,2024-08-14 18h43.04.654844 +0200,
PELIGRO,,,,,1,17,42,8,21.11760432898882,,,,,,,,,,,,,,,,20.992467987991404,21.11760432898882,21.11760432898882,21.11760432898882,21.11760432898882,21.11760432898882,21.11760432898882,21.11760432898882,21.11760432898882,21.11760432898882,21.11760432898882,21.11760432898882,21.11760432898882,21.11760432898882,21.11760432898882,21.11760432898882,21.11760432898882,21.275493641005596,None,None,None,None,None,None,None,None,None,None,None,None,1,[0.19671294200816192],[0.19672126902150922],0,,,,,,,,,,,,,,,,,,649728,001,2024-08-14_18h42.50.567,SenstirEs_warningandinstructions,2024.1.4,None,2024-08-14 18h43.04.654844 +0200,
AFLOJAR,,,,,1,18,43,12,21.400808187987423,,,,,,,,,,,,,,,,21.27663044599467,21.400808187987423,21.400808187987423,21.400808187987423,21.400808187987423,21.400808187987423,21.400808187987423,21.400808187987423,21.400808187987423,21.400808187987423,21.400808187987423,21.400808187987423,21.400808187987423,21.400808187987423,21.400808187987423,21.400808187987423,21.400808187987423,21.49210751100327,None,None,None,None,None,None,None,None,None,None,None,None,1,[0.13058159599313512],[0.13058886901126243],0,,,,,,,,,,,,,,,,,,649728,001,2024-08-14_18h42.50.567,SenstirEs_warningandinstructions,2024.1.4,None,2024-08-14 18h43.04.654844 +0200,
AGARRE,,,,,1,19,44,9,21.61740726599237,,,,,,,,,,,,,,,,21.493235595989972,21.61740726599237,21.61740726599237,21.61740726599237,21.61740726599237,21.61740726599237,21.61740726599237,21.61740726599237,21.61740726599237,21.61740726599237,21.61740726599237,21.61740726599237,21.61740726599237,21.61740726599237,21.61740726599237,21.61740726599237,21.61740726599237,21.70871745698969,None,None,None,None,None,None,None,None,None,None,None,None,1,[0.13050732301780954],[0.13051720999646932],0,,,,,,,,,,,,,,,,,,649728,001,2024-08-14_18h42.50.567,SenstirEs_warningandinstructions,2024.1.4,None,2024-08-14 18h43.04.654844 +0200,
YOUTUBE,,,,,1,20,45,11,21.83417362900218,,,,,,,,,,,,,,,,21.710121123003773,21.83417362900218,21.83417362900218,21.83417362900218,21.83417362900218,21.83417362900218,21.83417362900218,21.83417362900218,21.83417362900218,21.83417362900218,21.83417362900218,21.83417362900218,21.83417362900218,21.83417362900218,21.83417362900218,21.83417362900218,21.83417362900218,21.992625365994172,None,None,None,None,None,None,None,None,None,None,None,None,1,[0.19621978999930434],[0.19622822297969833],0,,,,,,,,,,,,,,,,,,649728,001,2024-08-14_18h42.50.567,SenstirEs_warningandinstructions,2024.1.4,None,2024-08-14 18h43.04.654844 +0200,
GOLPE,,,,,1,21,46,13,22.117516288009938,,,,,,,,,,,,,,,,21.993760240002302,22.117516288009938,22.117516288009938,22.117516288009938,22.117516288009938,22.117516288009938,22.117516288009938,22.117516288009938,22.117516288009938,22.117516288009938,22.117516288009938,22.117516288009938,22.117516288009938,22.117516288009938,22.117516288009938,22.117516288009938,22.117516288009938,22.142872330005048,None,None,None,None,None,None,None,None,None,None,None,None,1,[0.06335663498612121],[0.06336512599955313],0,,,,,,,,,,,,,,,,,,649728,001,2024-08-14_18h42.50.567,SenstirEs_warningandinstructions,2024.1.4,None,2024-08-14 18h43.04.654844 +0200,
VISTA,,,,,1,22,47,21,22.26743954999256,,,,,,,,,,,,,,,,22.144008366012713,22.26743954999256,22.26743954999256,22.26743954999256,22.26743954999256,22.26743954999256,22.26743954999256,22.26743954999256,22.26743954999256,22.26743954999256,22.26743954999256,22.26743954999256,22.26743954999256,22.26743954999256,22.26743954999256,22.26743954999256,22.26743954999256,22.35988672100939,None,None,None,None,None,None,None,None,None,None,None,None,1,[0.12855184098589234],[0.1285607699828688],0,,,,,,,,,,,,,,,,,,649728,001,2024-08-14_18h42.50.567,SenstirEs_warningandinstructions,2024.1.4,None,2024-08-14 18h43.04.654844 +0200,
COLUMNA VERTEBRAL,,,,,1,23,48,24,22.484076916007325,,,,,,,,,,,,,,,,22.361007456987863,22.484076916007325,22.484076916007325,22.484076916007325,22.484076916007325,22.484076916007325,22.484076916007325,22.484076916007325,22.484076916007325,22.484076916007325,22.484076916007325,22.484076916007325,22.484076916007325,22.484076916007325,22.484076916007325,22.484076916007325,22.484076916007325,22.641459589009173,None,None,None,None,None,None,None,None,None,None,None,None,1,[0.19346330099506304],[0.19347534101689234],0,,,,,,,,,,,,,,,,,,649728,001,2024-08-14_18h42.50.567,SenstirEs_warningandinstructions,2024.1.4,None,2024-08-14 18h43.04.654844 +0200,
ETIQUETA,,,,,1,24,49,22,22.767254272999708,,,,,,,,,,,,,,,,22.642585293011507,22.767254272999708,22.767254272999708,22.767254272999708,22.767254272999708,22.767254272999708,22.767254272999708,22.767254272999708,22.767254272999708,22.767254272999708,22.767254272999708,22.767254272999708,22.767254272999708,22.767254272999708,22.767254272999708,22.767254272999708,22.767254272999708,23.259444678988075,None,None,None,None,None,None,None,None,None,None,None,None,1,[0.53009954400477],[0.5301082740188576],0,,,,,,,,,,,,,,,,,,649728,001,2024-08-14_18h42.50.567,SenstirEs_warningandinstructions,2024.1.4,None,2024-08-14 18h43.04.654844 +0200,
,,,,,,,,,23.384082923992537,,,,,,,,,,,,,,,,23.260572797997156,23.384082923992537,23.384082923992537,23.384082923992537,23.384082923992537,23.384082923992537,23.384082923992537,23.384082923992537,23.384082923992537,23.384082923992537,23.384082923992537,23.384082923992537,23.384082923992537,23.384082923992537,23.384082923992537,23.384082923992537,23.384082923992537,,,,,,,,,,,,,,,,,,,,,,,,,,,,,,,,,,,,,,,,,,
