﻿Word,SentirEs_19.thisRepN,SentirEs_19.thisTrialN,SentirEs_19.thisN,SentirEs_19.thisIndex,thisRow.t,notes,warning_span.started,warning_SentirEs.started,Siguente.started,warning_span.stopped,Siguente.numClicks,Siguente.timesOn,Siguente.timesOff,SentirEs_intructions_Span.started,intructions.started,Siguente_instructions.started,SentirEs_intructions_Span.stopped,Siguente_instructions.numClicks,Siguente_instructions.timesOn,Siguente_instructions.timesOff,SentirEs_likert_span.started,text.started,stimuli.started,perceptual_audition.started,perceptual_gustatory.started,perceptual_haptic.started,perceptual_interocepticve.started,perceptual_olfaction.started,perceptual_visual.started,Audition.started,Gustatory.started,Haptic.started,Interoception.started,Olfaction.started,Vision.started,Siguente_stim.started,No_se.started,SentirEs_likert_span.stopped,Audition.response,Audition.rt,Gustatory.response,Gustatory.rt,Haptic.response,Haptic.rt,Interoception.response,Interoception.rt,Olfaction.response,Olfaction.rt,Vision.response,Vision.rt,Siguente_stim.numClicks,Siguente_stim.timesOn,Siguente_stim.timesOff,No_se.numClicks,No_se.timesOn,No_se.timesOff,SenstirEs_catch_Span_1.started,catch_1.started,Oso.started,Ave.started,Pez.started,participant,session,date,expName,psychopyVersion,frameRate,expStart,
,,,,,,,0.025312726000265684,0.07459911700061639,0.07459911700061639,2.3484124010001324,1,[2.321179972000209],[2.3211902740004007],,,,,,,,,,,,,,,,,,,,,,,,,,,,,,,,,,,,,,,,,,,,,,,,,991053,001,2024-07-17_19h50.35.208,SenstirEs_warningandinstructions,2024.1.4,None,2024-07-17 19h50.43.789178 +0200,
,,,,,,,,,,,,,,2.3485501619998104,2.3785586499998317,2.3785586499998317,2.8802678390002256,1,[0.5290007769999647],[0.5290104960004101],,,,,,,,,,,,,,,,,,,,,,,,,,,,,,,,,,,,,,,,,,991053,001,2024-07-17_19h50.35.208,SenstirEs_warningandinstructions,2024.1.4,None,2024-07-17 19h50.43.789178 +0200,
EMOCIONANTE,0,0,0,0,3.1125514770001246,,,,,,,,,,,,,,,,2.887338595000074,3.1125514770001246,3.1125514770001246,3.1125514770001246,3.1125514770001246,3.1125514770001246,3.1125514770001246,3.1125514770001246,3.1125514770001246,3.1125514770001246,3.1125514770001246,3.1125514770001246,3.1125514770001246,3.1125514770001246,3.1125514770001246,3.1125514770001246,3.1125514770001246,4.883190030000151,None,None,None,None,None,None,None,None,None,None,None,None,1,[1.901467796000361],[1.9014783630000238],0,,,,,,,,991053,001,2024-07-17_19h50.35.208,SenstirEs_warningandinstructions,2024.1.4,None,2024-07-17 19h50.43.789178 +0200,
CUAJAR,0,1,1,1,5.009843331999946,,,,,,,,,,,,,,,,4.885184194999965,5.009843331999946,5.009843331999946,5.009843331999946,5.009843331999946,5.009843331999946,5.009843331999946,5.009843331999946,5.009843331999946,5.009843331999946,5.009843331999946,5.009843331999946,5.009843331999946,5.009843331999946,5.009843331999946,5.009843331999946,5.009843331999946,5.500385950000236,None,None,None,None,None,None,None,None,None,None,None,None,1,[0.5261461190002592],[0.5261597090002397],0,,,,,,,,991053,001,2024-07-17_19h50.35.208,SenstirEs_warningandinstructions,2024.1.4,None,2024-07-17 19h50.43.789178 +0200,
DIA,0,2,2,2,5.624508580000111,,,,,,,,,,,,,,,,5.501484112000071,5.624508580000111,5.624508580000111,5.624508580000111,5.624508580000111,5.624508580000111,5.624508580000111,5.624508580000111,5.624508580000111,5.624508580000111,5.624508580000111,5.624508580000111,5.624508580000111,5.624508580000111,5.624508580000111,5.624508580000111,5.624508580000111,5.783385929999895,None,None,None,None,None,None,None,None,None,None,None,None,1,[0.19399184900066757],[0.19400431100075366],0,,,,,,,,991053,001,2024-07-17_19h50.35.208,SenstirEs_warningandinstructions,2024.1.4,None,2024-07-17 19h50.43.789178 +0200,
A LA VISTA,0,3,3,3,5.908080103999964,,,,,,,,,,,,,,,,5.784521219999988,5.908080103999964,5.908080103999964,5.908080103999964,5.908080103999964,5.908080103999964,5.908080103999964,5.908080103999964,5.908080103999964,5.908080103999964,5.908080103999964,5.908080103999964,5.908080103999964,5.908080103999964,5.908080103999964,5.908080103999964,5.908080103999964,5.998758603000169,None,None,None,None,None,None,None,None,None,None,None,None,1,[0.1252572350003902],[0.12526623500070855],0,,,,,,,,991053,001,2024-07-17_19h50.35.208,SenstirEs_warningandinstructions,2024.1.4,None,2024-07-17 19h50.43.789178 +0200,
SOBRESCRIBIR,0,4,4,4,6.124509004000174,,,,,,,,,,,,,,,,5.9997928960001445,6.124509004000174,6.124509004000174,6.124509004000174,6.124509004000174,6.124509004000174,6.124509004000174,6.124509004000174,6.124509004000174,6.124509004000174,6.124509004000174,6.124509004000174,6.124509004000174,6.124509004000174,6.124509004000174,6.124509004000174,6.124509004000174,6.1493889020002825,None,None,None,None,None,None,None,None,None,None,None,None,1,[0.06149856600040948],[0.06150712199996633],0,,,,,,,,991053,001,2024-07-17_19h50.35.208,SenstirEs_warningandinstructions,2024.1.4,None,2024-07-17 19h50.43.789178 +0200,
TOCAR,0,5,5,5,6.274516180000319,,,,,,,,,,,,,,,,6.150425835000533,6.274516180000319,6.274516180000319,6.274516180000319,6.274516180000319,6.274516180000319,6.274516180000319,6.274516180000319,6.274516180000319,6.274516180000319,6.274516180000319,6.274516180000319,6.274516180000319,6.274516180000319,6.274516180000319,6.274516180000319,6.274516180000319,6.366115052000168,None,None,None,None,None,None,None,None,None,None,None,None,1,[0.12905549600054655],[0.1290646329998708],0,,,,,,,,991053,001,2024-07-17_19h50.35.208,SenstirEs_warningandinstructions,2024.1.4,None,2024-07-17 19h50.43.789178 +0200,
SUAVIDAD,0,6,6,6,6.4912008940000305,,,,,,,,,,,,,,,,6.367390649999834,6.4912008940000305,6.4912008940000305,6.4912008940000305,6.4912008940000305,6.4912008940000305,6.4912008940000305,6.4912008940000305,6.4912008940000305,6.4912008940000305,6.4912008940000305,6.4912008940000305,6.4912008940000305,6.4912008940000305,6.4912008940000305,6.4912008940000305,6.4912008940000305,6.582352985000398,None,None,None,None,None,None,None,None,None,None,None,None,1,[0.12790435300030367],[0.12791348600057972],0,,,,,,,,991053,001,2024-07-17_19h50.35.208,SenstirEs_warningandinstructions,2024.1.4,None,2024-07-17 19h50.43.789178 +0200,
INTUITIVAMENTE,0,7,7,7,6.707747853000001,,,,,,,,,,,,,,,,6.583535290000327,6.707747853000001,6.707747853000001,6.707747853000001,6.707747853000001,6.707747853000001,6.707747853000001,6.707747853000001,6.707747853000001,6.707747853000001,6.707747853000001,6.707747853000001,6.707747853000001,6.707747853000001,6.707747853000001,6.707747853000001,6.707747853000001,6.73251162500037,None,None,None,None,None,None,None,None,None,None,None,None,1,[0.06097552199935308],[0.06098377899979823],0,,,,,,,,991053,001,2024-07-17_19h50.35.208,SenstirEs_warningandinstructions,2024.1.4,None,2024-07-17 19h50.43.789178 +0200,
FÉMUR,0,8,8,8,6.857538942999781,,,,,,,,,,,,,,,,6.733550943999944,6.857538942999781,6.857538942999781,6.857538942999781,6.857538942999781,6.857538942999781,6.857538942999781,6.857538942999781,6.857538942999781,6.857538942999781,6.857538942999781,6.857538942999781,6.857538942999781,6.857538942999781,6.857538942999781,6.857538942999781,6.857538942999781,6.948865760999979,None,None,None,None,None,None,None,None,None,None,None,None,1,[0.12745336800071527],[0.12746217900075862],0,,,,,,,,991053,001,2024-07-17_19h50.35.208,SenstirEs_warningandinstructions,2024.1.4,None,2024-07-17 19h50.43.789178 +0200,
ACARICIADO,0,9,9,9,7.0745549180001035,,,,,,,,,,,,,,,,6.949902606000251,7.0745549180001035,7.0745549180001035,7.0745549180001035,7.0745549180001035,7.0745549180001035,7.0745549180001035,7.0745549180001035,7.0745549180001035,7.0745549180001035,7.0745549180001035,7.0745549180001035,7.0745549180001035,7.0745549180001035,7.0745549180001035,7.0745549180001035,7.0745549180001035,7.100462164000419,None,None,None,None,None,None,None,None,None,None,None,None,1,[0.06321679200027575],[0.06322659100078454],0,,,,,,,,991053,001,2024-07-17_19h50.35.208,SenstirEs_warningandinstructions,2024.1.4,None,2024-07-17 19h50.43.789178 +0200,
ACARICIAR,0,10,10,10,7.224296749000132,,,,,,,,,,,,,,,,7.101504735000162,7.224296749000132,7.224296749000132,7.224296749000132,7.224296749000132,7.224296749000132,7.224296749000132,7.224296749000132,7.224296749000132,7.224296749000132,7.224296749000132,7.224296749000132,7.224296749000132,7.224296749000132,7.224296749000132,7.224296749000132,7.224296749000132,7.315125154999805,None,None,None,None,None,None,None,None,None,None,None,None,1,[0.1263729610000155],[0.12638195599993196],0,,,,,,,,991053,001,2024-07-17_19h50.35.208,SenstirEs_warningandinstructions,2024.1.4,None,2024-07-17 19h50.43.789178 +0200,
PELUDO,0,11,11,11,7.441352304999782,,,,,,,,,,,,,,,,7.3161402929999895,7.441352304999782,7.441352304999782,7.441352304999782,7.441352304999782,7.441352304999782,7.441352304999782,7.441352304999782,7.441352304999782,7.441352304999782,7.441352304999782,7.441352304999782,7.441352304999782,7.441352304999782,7.441352304999782,7.441352304999782,7.441352304999782,7.533176679999997,None,None,None,None,None,None,None,None,None,None,None,None,1,[0.1284971979994225],[0.12850617299955047],0,,,,,,,,991053,001,2024-07-17_19h50.35.208,SenstirEs_warningandinstructions,2024.1.4,None,2024-07-17 19h50.43.789178 +0200,
INDESTRUCTIBILIDAD,0,12,12,12,7.65776474500035,,,,,,,,,,,,,,,,7.534215114999824,7.65776474500035,7.65776474500035,7.65776474500035,7.65776474500035,7.65776474500035,7.65776474500035,7.65776474500035,7.65776474500035,7.65776474500035,7.65776474500035,7.65776474500035,7.65776474500035,7.65776474500035,7.65776474500035,7.65776474500035,7.65776474500035,7.747934975000135,None,None,None,None,None,None,None,None,None,None,None,None,1,[0.12859764299992094],[0.1286058529994989],0,,,,,,,,991053,001,2024-07-17_19h50.35.208,SenstirEs_warningandinstructions,2024.1.4,None,2024-07-17 19h50.43.789178 +0200,
MASILLOSO,0,13,13,13,7.874564818000181,,,,,,,,,,,,,,,,7.748988535000535,7.874564818000181,7.874564818000181,7.874564818000181,7.874564818000181,7.874564818000181,7.874564818000181,7.874564818000181,7.874564818000181,7.874564818000181,7.874564818000181,7.874564818000181,7.874564818000181,7.874564818000181,7.874564818000181,7.874564818000181,7.874564818000181,8.033046841000214,None,None,None,None,None,None,None,None,None,None,None,None,1,[0.19745593100014958],[0.1974650450001718],0,,,,,,,,991053,001,2024-07-17_19h50.35.208,SenstirEs_warningandinstructions,2024.1.4,None,2024-07-17 19h50.43.789178 +0200,
AULLIDO,0,14,14,14,8.157664178999767,,,,,,,,,,,,,,,,8.034067074000632,8.157664178999767,8.157664178999767,8.157664178999767,8.157664178999767,8.157664178999767,8.157664178999767,8.157664178999767,8.157664178999767,8.157664178999767,8.157664178999767,8.157664178999767,8.157664178999767,8.157664178999767,8.157664178999767,8.157664178999767,8.157664178999767,8.516218026000388,None,None,None,None,None,None,None,None,None,None,None,None,1,[0.39626497399967775],[0.39627458099948853],0,,,,,,,,991053,001,2024-07-17_19h50.35.208,SenstirEs_warningandinstructions,2024.1.4,None,2024-07-17 19h50.43.789178 +0200,
TACTILMENTE,0,15,15,15,8.641030149000471,,,,,,,,,,,,,,,,8.517245130999981,8.641030149000471,8.641030149000471,8.641030149000471,8.641030149000471,8.641030149000471,8.641030149000471,8.641030149000471,8.641030149000471,8.641030149000471,8.641030149000471,8.641030149000471,8.641030149000471,8.641030149000471,8.641030149000471,8.641030149000471,8.641030149000471,8.867236439999942,None,None,None,None,None,None,None,None,None,None,None,None,1,[0.26200660100039386],[0.26201533500079677],0,,,,,,,,991053,001,2024-07-17_19h50.35.208,SenstirEs_warningandinstructions,2024.1.4,None,2024-07-17 19h50.43.789178 +0200,
CARA,0,16,16,16,8.991067384000416,,,,,,,,,,,,,,,,8.868249668000317,8.991067384000416,8.991067384000416,8.991067384000416,8.991067384000416,8.991067384000416,8.991067384000416,8.991067384000416,8.991067384000416,8.991067384000416,8.991067384000416,8.991067384000416,8.991067384000416,8.991067384000416,8.991067384000416,8.991067384000416,8.991067384000416,9.082511016000353,None,None,None,None,None,None,None,None,None,None,None,None,1,[0.1273050649997458],[0.12731408400031796],0,,,,,,,,991053,001,2024-07-17_19h50.35.208,SenstirEs_warningandinstructions,2024.1.4,None,2024-07-17 19h50.43.789178 +0200,
DEPLORAR,0,17,17,17,9.207992424000622,,,,,,,,,,,,,,,,9.083554851000372,9.207992424000622,9.207992424000622,9.207992424000622,9.207992424000622,9.207992424000622,9.207992424000622,9.207992424000622,9.207992424000622,9.207992424000622,9.207992424000622,9.207992424000622,9.207992424000622,9.207992424000622,9.207992424000622,9.207992424000622,9.207992424000622,9.30012899600024,None,None,None,None,None,None,None,None,None,None,None,None,1,[0.12976009500016517],[0.12976961900039896],0,,,,,,,,991053,001,2024-07-17_19h50.35.208,SenstirEs_warningandinstructions,2024.1.4,None,2024-07-17 19h50.43.789178 +0200,
TORRINO ,0,18,18,18,9.42457602200011,,,,,,,,,,,,,,,,9.301146943999811,9.42457602200011,9.42457602200011,9.42457602200011,9.42457602200011,9.42457602200011,9.42457602200011,9.42457602200011,9.42457602200011,9.42457602200011,9.42457602200011,9.42457602200011,9.42457602200011,9.42457602200011,9.42457602200011,9.42457602200011,9.42457602200011,9.583686605000366,None,None,None,None,None,None,None,None,None,None,None,None,1,[0.1966079699996044],[0.19661795599949983],0,,,,,,,,991053,001,2024-07-17_19h50.35.208,SenstirEs_warningandinstructions,2024.1.4,None,2024-07-17 19h50.43.789178 +0200,
,,,,,,,,,,,,,,,,,,,,,,,,,,,,,,,,,,,,,,,,,,,,,,,,,,,,,,,,,9.584626679999928,9.641132229000505,9.641132229000505,9.641132229000505,9.641132229000505,,,,,,,,
