﻿Word,SentirEs_19.thisRepN,SentirEs_19.thisTrialN,SentirEs_19.thisN,SentirEs_19.thisIndex,thisRow.t,notes,warning_Eng.started,warning_SentirEs.started,next_warning.started,warning_Eng.stopped,next_warning.numClicks,next_warning.timesOn,next_warning.timesOff,SentirEs_intructions_Eng.started,intructions.started,next_instructions.started,SentirEs_intructions_Eng.stopped,next_instructions.numClicks,next_instructions.timesOn,next_instructions.timesOff,SentirEs_likert_Eng.started,text.started,stimuli.started,perceptual_audition.started,perceptual_gustatory.started,perceptual_haptic.started,perceptual_interocepticve.started,perceptual_olfaction.started,perceptual_visual.started,Audition.started,Gustatory.started,Haptic.started,Interoception.started,Olfaction.started,Vision.started,next.started,Dont_know.started,SentirEs_likert_Eng.stopped,Audition.response,Audition.rt,Gustatory.response,Gustatory.rt,Haptic.response,Haptic.rt,Interoception.response,Interoception.rt,Olfaction.response,Olfaction.rt,Vision.response,Vision.rt,next.numClicks,next.timesOn,next.timesOff,Dont_know.numClicks,Dont_know.timesOn,Dont_know.timesOff,participant,session,date,expName,psychopyVersion,frameRate,expStart,
,,,,,,,0.03543380400003571,0.09072372800005724,0.09072372800005724,5.212449693000053,1,[5.174698200999956],[5.174709354000015],,,,,,,,,,,,,,,,,,,,,,,,,,,,,,,,,,,,,,,,,,,,071298',001,2024-07-29_18h11.31.102,SenstirEs_warningandinstructions,2024.1.4,None,2024-07-29 18h11.44.281414 +0200,
,,,,,,,,,,,,,,5.212618650000081,5.25565701000005,5.25565701000005,12.312311713999975,1,[7.097698353999931],[7.097709924000014],,,,,,,,,,,,,,,,,,,,,,,,,,,,,,,,,,,,,071298',001,2024-07-29_18h11.31.102,SenstirEs_warningandinstructions,2024.1.4,None,2024-07-29 18h11.44.281414 +0200,
TOUCHING,0,0,0,0,12.624914876000048,,,,,,,,,,,,,,,,12.32359937700005,12.624914876000048,12.624914876000048,12.624914876000048,12.624914876000048,12.624914876000048,12.624914876000048,12.624914876000048,12.624914876000048,12.624914876000048,12.624914876000048,12.624914876000048,12.624914876000048,12.624914876000048,12.624914876000048,12.624914876000048,12.624914876000048,12.748107625999978,None,None,None,None,None,None,None,None,None,None,None,None,1,[0.3008502000000135],[0.30087009999999736],0,,,071298',001,2024-07-29_18h11.31.102,SenstirEs_warningandinstructions,2024.1.4,None,2024-07-29 18h11.44.281414 +0200,
,,,,,12.921611510000048,,,,,,,,,,,,,,,,12.75250715300001,12.921611510000048,12.921611510000048,12.921611510000048,12.921611510000048,12.921611510000048,12.921611510000048,12.921611510000048,12.921611510000048,12.921611510000048,12.921611510000048,12.921611510000048,12.921611510000048,12.921611510000048,12.921611510000048,12.921611510000048,12.921611510000048,,,,,,,,,,,,,,,,,,,,,,,,,,,
