﻿Word,SentirEs_19.thisRepN,SentirEs_19.thisTrialN,SentirEs_19.thisN,SentirEs_19.thisIndex,SentirEs_45.thisRepN,SentirEs_45.thisTrialN,SentirEs_45.thisN,SentirEs_45.thisIndex,SentirEs_78.thisRepN,SentirEs_78.thisTrialN,SentirEs_78.thisN,SentirEs_78.thisIndex,thisRow.t,notes,warning_Eng.started,warning_SentirEs.started,next_warning.started,warning_Eng.stopped,next_warning.numClicks,next_warning.timesOn,next_warning.timesOff,SentirEs_intructions_Eng.started,intructions.started,next_instructions.started,SentirEs_intructions_Eng.stopped,next_instructions.numClicks,next_instructions.timesOn,next_instructions.timesOff,SentirEs_likert_Eng.started,text.started,stimuli.started,perceptual_audition.started,perceptual_gustatory.started,perceptual_haptic.started,perceptual_interocepticve.started,perceptual_olfaction.started,perceptual_visual.started,Audition.started,Gustatory.started,Haptic.started,Interoception.started,Olfaction.started,Vision.started,next.started,Dont_know.started,SentirEs_likert_Eng.stopped,Audition.response,Audition.rt,Gustatory.response,Gustatory.rt,Haptic.response,Haptic.rt,Interoception.response,Interoception.rt,Olfaction.response,Olfaction.rt,Vision.response,Vision.rt,next.numClicks,next.timesOn,next.timesOff,Dont_know.numClicks,Dont_know.timesOn,Dont_know.timesOff,SenstirEs_catch_Eng_1.started,catch_1.started,bear.started,bird.started,fish.started,SenstirEs_catch_Eng_1.stopped,bear.numClicks,bear.timesOn,bear.timesOff,bird.numClicks,bird.timesOn,bird.timesOff,fish.numClicks,fish.timesOn,fish.timesOff,SenstirEs_catch_Eng_2.started,catch_2.started,fifteen.started,one_hundred.started,seventy_two.started,SenstirEs_catch_Eng_2.stopped,fifteen.numClicks,fifteen.timesOn,fifteen.timesOff,one_hundred.numClicks,one_hundred.timesOn,one_hundred.timesOff,seventy_two.numClicks,seventy_two.timesOn,seventy_two.timesOff,SenstirEs_catch_Eng_3.started,catch_3.started,sandwitch.started,apple.started,cauliflower.started,participant,session,date,expName,psychopyVersion,frameRate,expStart,
,,,,,,,,,,,,,,,0.03286469401791692,0.08117814201978035,0.08117814201978035,1.6536726990016177,1,[1.6186324300069828],[1.6186418969882652],,,,,,,,,,,,,,,,,,,,,,,,,,,,,,,,,,,,,,,,,,,,,,,,,,,,,,,,,,,,,,,,,,,,,,,,,,,,,,,455885,001,2024-08-14_18h20.51.599,SenstirEs_warningandinstructions,2024.1.4,None,2024-08-14 18h21.04.742897 +0200,
,,,,,,,,,,,,,,,,,,,,,,1.6538108510139864,1.6821484460087959,1.6821484460087959,2.1041181170148775,1,[0.44840019900584593],[0.4484083940042183],,,,,,,,,,,,,,,,,,,,,,,,,,,,,,,,,,,,,,,,,,,,,,,,,,,,,,,,,,,,,,,,,,,,,,,,455885,001,2024-08-14_18h20.51.599,SenstirEs_warningandinstructions,2024.1.4,None,2024-08-14 18h21.04.742897 +0200,
TOUCHING,0,0,0,0,,,,,,,,,2.3469212990021333,,,,,,,,,,,,,,,,2.1127229790145066,2.3469212990021333,2.3469212990021333,2.3469212990021333,2.3469212990021333,2.3469212990021333,2.3469212990021333,2.3469212990021333,2.3469212990021333,2.3469212990021333,2.3469212990021333,2.3469212990021333,2.3469212990021333,2.3469212990021333,2.3469212990021333,2.3469212990021333,2.3469212990021333,2.7057329160161316,None,None,None,None,None,None,None,None,None,None,None,None,1,[0.5003453999815974],[0.5003543279890437],0,,,,,,,,,,,,,,,,,,,,,,,,,,,,,,,,,,,,,,455885,001,2024-08-14_18h20.51.599,SenstirEs_warningandinstructions,2024.1.4,None,2024-08-14 18h21.04.742897 +0200,
JELL,0,1,1,1,,,,,,,,,2.8338219370052684,,,,,,,,,,,,,,,,2.7074997940217145,2.8338219370052684,2.8338219370052684,2.8338219370052684,2.8338219370052684,2.8338219370052684,2.8338219370052684,2.8338219370052684,2.8338219370052684,2.8338219370052684,2.8338219370052684,2.8338219370052684,2.8338219370052684,2.8338219370052684,2.8338219370052684,2.8338219370052684,2.8338219370052684,2.8586484160041437,None,None,None,None,None,None,None,None,None,None,None,None,1,[0.06245934698381461],[0.06246899499092251],0,,,,,,,,,,,,,,,,,,,,,,,,,,,,,,,,,,,,,,455885,001,2024-08-14_18h20.51.599,SenstirEs_warningandinstructions,2024.1.4,None,2024-08-14 18h21.04.742897 +0200,
DAYTIME,0,2,2,2,,,,,,,,,2.9817176340147853,,,,,,,,,,,,,,,,2.8596607250219677,2.9817176340147853,2.9817176340147853,2.9817176340147853,2.9817176340147853,2.9817176340147853,2.9817176340147853,2.9817176340147853,2.9817176340147853,2.9817176340147853,2.9817176340147853,2.9817176340147853,2.9817176340147853,2.9817176340147853,2.9817176340147853,2.9817176340147853,2.9817176340147853,3.0074608360009734,None,None,None,None,None,None,None,None,None,None,None,None,1,[0.059377526020398363],[0.059389667003415525],0,,,,,,,,,,,,,,,,,,,,,,,,,,,,,,,,,,,,,,455885,001,2024-08-14_18h20.51.599,SenstirEs_warningandinstructions,2024.1.4,None,2024-08-14 18h21.04.742897 +0200,
IN SIGHT,0,3,3,3,,,,,,,,,3.2195170420163777,,,,,,,,,,,,,,,,3.0085062090074643,3.2195170420163777,3.2195170420163777,3.2195170420163777,3.2195170420163777,3.2195170420163777,3.2195170420163777,3.2195170420163777,3.2195170420163777,3.2195170420163777,3.2195170420163777,3.2195170420163777,3.2195170420163777,3.2195170420163777,3.2195170420163777,3.2195170420163777,3.2195170420163777,3.0951044270186685,None,None,None,None,None,None,None,None,None,None,None,None,1,[0.001059764006640762],[0.0010682629945222288],0,,,,,,,,,,,,,,,,,,,,,,,,,,,,,,,,,,,,,,455885,001,2024-08-14_18h20.51.599,SenstirEs_warningandinstructions,2024.1.4,None,2024-08-14 18h21.04.742897 +0200,
OVERRIDE,0,4,4,4,,,,,,,,,3.2195170420163777,,,,,,,,,,,,,,,,3.0961191189999226,3.2195170420163777,3.2195170420163777,3.2195170420163777,3.2195170420163777,3.2195170420163777,3.2195170420163777,3.2195170420163777,3.2195170420163777,3.2195170420163777,3.2195170420163777,3.2195170420163777,3.2195170420163777,3.2195170420163777,3.2195170420163777,3.2195170420163777,3.2195170420163777,3.2444029720209073,None,None,None,None,None,None,None,None,None,None,None,None,1,[0.05939177199616097],[0.05940002400893718],0,,,,,,,,,,,,,,,,,,,,,,,,,,,,,,,,,,,,,,455885,001,2024-08-14_18h20.51.599,SenstirEs_warningandinstructions,2024.1.4,None,2024-08-14 18h21.04.742897 +0200,
TOUCH,0,5,5,5,,,,,,,,,3.367157208995195,,,,,,,,,,,,,,,,3.245410036004614,3.367157208995195,3.367157208995195,3.367157208995195,3.367157208995195,3.367157208995195,3.367157208995195,3.367157208995195,3.367157208995195,3.367157208995195,3.367157208995195,3.367157208995195,3.367157208995195,3.367157208995195,3.367157208995195,3.367157208995195,3.367157208995195,3.390163811011007,None,None,None,None,None,None,None,None,None,None,None,None,1,[0.05971599998883903],[0.05972255099914037],0,,,,,,,,,,,,,,,,,,,,,,,,,,,,,,,,,,,,,,455885,001,2024-08-14_18h20.51.599,SenstirEs_warningandinstructions,2024.1.4,None,2024-08-14 18h21.04.742897 +0200,
SOFTNESS,0,6,6,6,,,,,,,,,3.5138401779986452,,,,,,,,,,,,,,,,3.391196276003029,3.5138401779986452,3.5138401779986452,3.5138401779986452,3.5138401779986452,3.5138401779986452,3.5138401779986452,3.5138401779986452,3.5138401779986452,3.5138401779986452,3.5138401779986452,3.5138401779986452,3.5138401779986452,3.5138401779986452,3.5138401779986452,3.5138401779986452,3.5138401779986452,3.53895817900775,None,None,None,None,None,None,None,None,None,None,None,None,1,[0.0603714500030037],[0.060380981012713164],0,,,,,,,,,,,,,,,,,,,,,,,,,,,,,,,,,,,,,,455885,001,2024-08-14_18h20.51.599,SenstirEs_warningandinstructions,2024.1.4,None,2024-08-14 18h21.04.742897 +0200,
INTUITIONALLY,0,7,7,7,,,,,,,,,3.663625070010312,,,,,,,,,,,,,,,,3.539961628994206,3.663625070010312,3.663625070010312,3.663625070010312,3.663625070010312,3.663625070010312,3.663625070010312,3.663625070010312,3.663625070010312,3.663625070010312,3.663625070010312,3.663625070010312,3.663625070010312,3.663625070010312,3.663625070010312,3.663625070010312,3.663625070010312,3.6892204960167874,None,None,None,None,None,None,None,None,None,None,None,None,1,[0.06181778298923746],[0.06182606899528764],0,,,,,,,,,,,,,,,,,,,,,,,,,,,,,,,,,,,,,,455885,001,2024-08-14_18h20.51.599,SenstirEs_warningandinstructions,2024.1.4,None,2024-08-14 18h21.04.742897 +0200,
THIGHBONE,0,8,8,8,,,,,,,,,3.8137629980046768,,,,,,,,,,,,,,,,3.6902209630061407,3.8137629980046768,3.8137629980046768,3.8137629980046768,3.8137629980046768,3.8137629980046768,3.8137629980046768,3.8137629980046768,3.8137629980046768,3.8137629980046768,3.8137629980046768,3.8137629980046768,3.8137629980046768,3.8137629980046768,3.8137629980046768,3.8137629980046768,3.8137629980046768,3.8394568620133214,None,None,None,None,None,None,None,None,None,None,None,None,1,[0.06119383199256845],[0.06120264300261624],0,,,,,,,,,,,,,,,,,,,,,,,,,,,,,,,,,,,,,,455885,001,2024-08-14_18h20.51.599,SenstirEs_warningandinstructions,2024.1.4,None,2024-08-14 18h21.04.742897 +0200,
PETTED,0,9,9,9,,,,,,,,,3.9641398490057327,,,,,,,,,,,,,,,,3.840464653010713,3.9641398490057327,3.9641398490057327,3.9641398490057327,3.9641398490057327,3.9641398490057327,3.9641398490057327,3.9641398490057327,3.9641398490057327,3.9641398490057327,3.9641398490057327,3.9641398490057327,3.9641398490057327,3.9641398490057327,3.9641398490057327,3.9641398490057327,3.9641398490057327,3.989974690019153,None,None,None,None,None,None,None,None,None,None,None,None,1,[0.062496445985743776],[0.06250697799259797],0,,,,,,,,,,,,,,,,,,,,,,,,,,,,,,,,,,,,,,455885,001,2024-08-14_18h20.51.599,SenstirEs_warningandinstructions,2024.1.4,None,2024-08-14 18h21.04.742897 +0200,
FONDLE,0,10,10,10,,,,,,,,,4.113606185012031,,,,,,,,,,,,,,,,3.991019152017543,4.113606185012031,4.113606185012031,4.113606185012031,4.113606185012031,4.113606185012031,4.113606185012031,4.113606185012031,4.113606185012031,4.113606185012031,4.113606185012031,4.113606185012031,4.113606185012031,4.113606185012031,4.113606185012031,4.113606185012031,4.113606185012031,4.139335692016175,None,None,None,None,None,None,None,None,None,None,None,None,1,[0.06194667299860157],[0.0619564639928285],0,,,,,,,,,,,,,,,,,,,,,,,,,,,,,,,,,,,,,,455885,001,2024-08-14_18h20.51.599,SenstirEs_warningandinstructions,2024.1.4,None,2024-08-14 18h21.04.742897 +0200,
FURRINESS,0,11,11,11,,,,,,,,,4.263759896013653,,,,,,,,,,,,,,,,4.14035272601177,4.263759896013653,4.263759896013653,4.263759896013653,4.263759896013653,4.263759896013653,4.263759896013653,4.263759896013653,4.263759896013653,4.263759896013653,4.263759896013653,4.263759896013653,4.263759896013653,4.263759896013653,4.263759896013653,4.263759896013653,4.263759896013653,4.3551438490103465,None,None,None,None,None,None,None,None,None,None,None,None,1,[0.1276031029992737],[0.12761155198677443],0,,,,,,,,,,,,,,,,,,,,,,,,,,,,,,,,,,,,,,455885,001,2024-08-14_18h20.51.599,SenstirEs_warningandinstructions,2024.1.4,None,2024-08-14 18h21.04.742897 +0200,
INDESTRUCTIBILITY,0,12,12,12,,,,,,,,,4.481191875995137,,,,,,,,,,,,,,,,4.356152488995576,4.481191875995137,4.481191875995137,4.481191875995137,4.481191875995137,4.481191875995137,4.481191875995137,4.481191875995137,4.481191875995137,4.481191875995137,4.481191875995137,4.481191875995137,4.481191875995137,4.481191875995137,4.481191875995137,4.481191875995137,4.481191875995137,4.506679066020297,None,None,None,None,None,None,None,None,None,None,None,None,1,[0.060055164009099826],[0.0600630349945277],0,,,,,,,,,,,,,,,,,,,,,,,,,,,,,,,,,,,,,,455885,001,2024-08-14_18h20.51.599,SenstirEs_warningandinstructions,2024.1.4,None,2024-08-14 18h21.04.742897 +0200,
PUTTYLIKE,0,13,13,13,,,,,,,,,4.6303420060139615,,,,,,,,,,,,,,,,4.5077468380040955,4.6303420060139615,4.6303420060139615,4.6303420060139615,4.6303420060139615,4.6303420060139615,4.6303420060139615,4.6303420060139615,4.6303420060139615,4.6303420060139615,4.6303420060139615,4.6303420060139615,4.6303420060139615,4.6303420060139615,4.6303420060139615,4.6303420060139615,4.6303420060139615,4.655751471000258,None,None,None,None,None,None,None,None,None,None,None,None,1,[0.060473296005511656],[0.06048193201422691],0,,,,,,,,,,,,,,,,,,,,,,,,,,,,,,,,,,,,,,455885,001,2024-08-14_18h20.51.599,SenstirEs_warningandinstructions,2024.1.4,None,2024-08-14 18h21.04.742897 +0200,
HOWL,0,14,14,14,,,,,,,,,4.785277543996926,,,,,,,,,,,,,,,,4.656754021998495,4.785277543996926,4.785277543996926,4.785277543996926,4.785277543996926,4.785277543996926,4.785277543996926,4.785277543996926,4.785277543996926,4.785277543996926,4.785277543996926,4.785277543996926,4.785277543996926,4.785277543996926,4.785277543996926,4.785277543996926,4.785277543996926,4.8120958960207645,None,None,None,None,None,None,None,None,None,None,None,None,1,[0.06477280499530025],[0.06477962699136697],0,,,,,,,,,,,,,,,,,,,,,,,,,,,,,,,,,,,,,,455885,001,2024-08-14_18h20.51.599,SenstirEs_warningandinstructions,2024.1.4,None,2024-08-14 18h21.04.742897 +0200,
TOUCHINGLY,0,15,15,15,,,,,,,,,4.9317298240202945,,,,,,,,,,,,,,,,4.813103498017881,4.9317298240202945,4.9317298240202945,4.9317298240202945,4.9317298240202945,4.9317298240202945,4.9317298240202945,4.9317298240202945,4.9317298240202945,4.9317298240202945,4.9317298240202945,4.9317298240202945,4.9317298240202945,4.9317298240202945,4.9317298240202945,4.9317298240202945,4.9317298240202945,4.95587172100204,None,None,None,None,None,None,None,None,None,None,None,None,1,[0.058187382004689425],[0.05819600200629793],0,,,,,,,,,,,,,,,,,,,,,,,,,,,,,,,,,,,,,,455885,001,2024-08-14_18h20.51.599,SenstirEs_warningandinstructions,2024.1.4,None,2024-08-14 18h21.04.742897 +0200,
FACE,0,16,16,16,,,,,,,,,5.082277297013206,,,,,,,,,,,,,,,,4.9571424100140575,5.082277297013206,5.082277297013206,5.082277297013206,5.082277297013206,5.082277297013206,5.082277297013206,5.082277297013206,5.082277297013206,5.082277297013206,5.082277297013206,5.082277297013206,5.082277297013206,5.082277297013206,5.082277297013206,5.082277297013206,5.082277297013206,5.10539723400143,None,None,None,None,None,None,None,None,None,None,None,None,1,[0.06401228500180878],[0.0640210109995678],0,,,,,,,,,,,,,,,,,,,,,,,,,,,,,,,,,,,,,,455885,001,2024-08-14_18h20.51.599,SenstirEs_warningandinstructions,2024.1.4,None,2024-08-14 18h21.04.742897 +0200,
DEPLORED,0,17,17,17,,,,,,,,,5.230642951995833,,,,,,,,,,,,,,,,5.106413660018006,5.230642951995833,5.230642951995833,5.230642951995833,5.230642951995833,5.230642951995833,5.230642951995833,5.230642951995833,5.230642951995833,5.230642951995833,5.230642951995833,5.230642951995833,5.230642951995833,5.230642951995833,5.230642951995833,5.230642951995833,5.230642951995833,5.256192244007252,None,None,None,None,None,None,None,None,None,None,None,None,1,[0.06334826498641632],[0.06335865997243673],0,,,,,,,,,,,,,,,,,,,,,,,,,,,,,,,,,,,,,,455885,001,2024-08-14_18h20.51.599,SenstirEs_warningandinstructions,2024.1.4,None,2024-08-14 18h21.04.742897 +0200,
KNOB,0,18,18,18,,,,,,,,,5.380337998998584,,,,,,,,,,,,,,,,5.25719962400035,5.380337998998584,5.380337998998584,5.380337998998584,5.380337998998584,5.380337998998584,5.380337998998584,5.380337998998584,5.380337998998584,5.380337998998584,5.380337998998584,5.380337998998584,5.380337998998584,5.380337998998584,5.380337998998584,5.380337998998584,5.380337998998584,5.404180779994931,None,None,None,None,None,None,None,None,None,None,None,None,1,[0.06191588001092896],[0.0619231500022579],0,,,,,,,,,,,,,,,,,,,,,,,,,,,,,,,,,,,,,,455885,001,2024-08-14_18h20.51.599,SenstirEs_warningandinstructions,2024.1.4,None,2024-08-14 18h21.04.742897 +0200,
,,,,,,,,,,,,,,,,,,,,,,,,,,,,,,,,,,,,,,,,,,,,,,,,,,,,,,,,,,,,,,,,,5.405091263994109,5.451685637002811,5.451685637002811,5.451685637002811,5.451685637002811,6.150566180993337,0,,,1,[0.741388199996436],[0.7413979269913398],0,,,,,,,,,,,,,,,,,,,,,,,455885,001,2024-08-14_18h20.51.599,SenstirEs_warningandinstructions,2024.1.4,None,2024-08-14 18h21.04.742897 +0200,
FLUNG,,,,,0,0,0,0,,,,,6.280383953009732,,,,,,,,,,,,,,,,6.156896114000119,6.280383953009732,6.280383953009732,6.280383953009732,6.280383953009732,6.280383953009732,6.280383953009732,6.280383953009732,6.280383953009732,6.280383953009732,6.280383953009732,6.280383953009732,6.280383953009732,6.280383953009732,6.280383953009732,6.280383953009732,6.280383953009732,6.837962474004598,None,None,None,None,None,None,None,None,None,None,None,None,1,[0.5951130040048156],[0.595122964004986],0,,,,,,,,,,,,,,,,,,,,,,,,,,,,,,,,,,,,,,455885,001,2024-08-14_18h20.51.599,SenstirEs_warningandinstructions,2024.1.4,None,2024-08-14 18h21.04.742897 +0200,
PARAPSYCHOLOGY,,,,,0,1,1,1,,,,,6.96358341400628,,,,,,,,,,,,,,,,6.83982879499672,6.96358341400628,6.96358341400628,6.96358341400628,6.96358341400628,6.96358341400628,6.96358341400628,6.96358341400628,6.96358341400628,6.96358341400628,6.96358341400628,6.96358341400628,6.96358341400628,6.96358341400628,6.96358341400628,6.96358341400628,6.96358341400628,6.988077993009938,None,None,None,None,None,None,None,None,None,None,None,None,1,[0.061803946999134496],[0.061811755993403494],0,,,,,,,,,,,,,,,,,,,,,,,,,,,,,,,,,,,,,,455885,001,2024-08-14_18h20.51.599,SenstirEs_warningandinstructions,2024.1.4,None,2024-08-14 18h21.04.742897 +0200,
DEXTEROUS,,,,,0,2,2,2,,,,,7.146897408994846,,,,,,,,,,,,,,,,6.989083804015536,7.146897408994846,7.146897408994846,7.146897408994846,7.146897408994846,7.146897408994846,7.146897408994846,7.146897408994846,7.146897408994846,7.146897408994846,7.146897408994846,7.146897408994846,7.146897408994846,7.146897408994846,7.146897408994846,7.146897408994846,7.146897408994846,7.305590441013919,None,None,None,None,None,None,None,None,None,None,None,None,1,[0.19642330601345748],[0.19643182001891546],0,,,,,,,,,,,,,,,,,,,,,,,,,,,,,,,,,,,,,,455885,001,2024-08-14_18h20.51.599,SenstirEs_warningandinstructions,2024.1.4,None,2024-08-14 18h21.04.742897 +0200,
PESSIMISTIC,,,,,0,3,3,3,,,,,7.430358867015457,,,,,,,,,,,,,,,,7.306592848995933,7.430358867015457,7.430358867015457,7.430358867015457,7.430358867015457,7.430358867015457,7.430358867015457,7.430358867015457,7.430358867015457,7.430358867015457,7.430358867015457,7.430358867015457,7.430358867015457,7.430358867015457,7.430358867015457,7.430358867015457,7.430358867015457,7.4562128570105415,None,None,None,None,None,None,None,None,None,None,None,None,1,[0.06190783399506472],[0.061916878999909386],0,,,,,,,,,,,,,,,,,,,,,,,,,,,,,,,,,,,,,,455885,001,2024-08-14_18h20.51.599,SenstirEs_warningandinstructions,2024.1.4,None,2024-08-14 18h21.04.742897 +0200,
KNOCKER,,,,,0,4,4,4,,,,,7.5801230700162705,,,,,,,,,,,,,,,,7.45748470100807,7.5801230700162705,7.5801230700162705,7.5801230700162705,7.5801230700162705,7.5801230700162705,7.5801230700162705,7.5801230700162705,7.5801230700162705,7.5801230700162705,7.5801230700162705,7.5801230700162705,7.5801230700162705,7.5801230700162705,7.5801230700162705,7.5801230700162705,7.5801230700162705,7.6049645240127575,None,None,None,None,None,None,None,None,None,None,None,None,1,[0.06178481999086216],[0.06179777401848696],0,,,,,,,,,,,,,,,,,,,,,,,,,,,,,,,,,,,,,,455885,001,2024-08-14_18h20.51.599,SenstirEs_warningandinstructions,2024.1.4,None,2024-08-14 18h21.04.742897 +0200,
BLACKHEART,,,,,0,5,5,5,,,,,7.730349323013797,,,,,,,,,,,,,,,,7.606372990994714,7.730349323013797,7.730349323013797,7.730349323013797,7.730349323013797,7.730349323013797,7.730349323013797,7.730349323013797,7.730349323013797,7.730349323013797,7.730349323013797,7.730349323013797,7.730349323013797,7.730349323013797,7.730349323013797,7.730349323013797,7.730349323013797,7.755767913011368,None,None,None,None,None,None,None,None,None,None,None,None,1,[0.06303690301137976],[0.06304482399718836],0,,,,,,,,,,,,,,,,,,,,,,,,,,,,,,,,,,,,,,455885,001,2024-08-14_18h20.51.599,SenstirEs_warningandinstructions,2024.1.4,None,2024-08-14 18h21.04.742897 +0200,
SKIES,,,,,0,6,6,6,,,,,7.880341445008526,,,,,,,,,,,,,,,,7.756774212000892,7.880341445008526,7.880341445008526,7.880341445008526,7.880341445008526,7.880341445008526,7.880341445008526,7.880341445008526,7.880341445008526,7.880341445008526,7.880341445008526,7.880341445008526,7.880341445008526,7.880341445008526,7.880341445008526,7.880341445008526,7.880341445008526,7.904917566018412,None,None,None,None,None,None,None,None,None,None,None,None,1,[0.06240644500940107],[0.062415353022515774],0,,,,,,,,,,,,,,,,,,,,,,,,,,,,,,,,,,,,,,455885,001,2024-08-14_18h20.51.599,SenstirEs_warningandinstructions,2024.1.4,None,2024-08-14 18h21.04.742897 +0200,
VIEW,,,,,0,7,7,7,,,,,8.03043512700242,,,,,,,,,,,,,,,,7.906062276015291,8.03043512700242,8.03043512700242,8.03043512700242,8.03043512700242,8.03043512700242,8.03043512700242,8.03043512700242,8.03043512700242,8.03043512700242,8.03043512700242,8.03043512700242,8.03043512700242,8.03043512700242,8.03043512700242,8.03043512700242,8.03043512700242,8.055058671016013,None,None,None,None,None,None,None,None,None,None,None,None,1,[0.06266636800137348],[0.06267436902271584],0,,,,,,,,,,,,,,,,,,,,,,,,,,,,,,,,,,,,,,455885,001,2024-08-14_18h20.51.599,SenstirEs_warningandinstructions,2024.1.4,None,2024-08-14 18h21.04.742897 +0200,
JEOPARDY,,,,,0,8,8,8,,,,,8.180207943019923,,,,,,,,,,,,,,,,8.056061075010803,8.180207943019923,8.180207943019923,8.180207943019923,8.180207943019923,8.180207943019923,8.180207943019923,8.180207943019923,8.180207943019923,8.180207943019923,8.180207943019923,8.180207943019923,8.180207943019923,8.180207943019923,8.180207943019923,8.180207943019923,8.180207943019923,8.205676909012254,None,None,None,None,None,None,None,None,None,None,None,None,1,[0.061353728000540286],[0.061362228996586055],0,,,,,,,,,,,,,,,,,,,,,,,,,,,,,,,,,,,,,,455885,001,2024-08-14_18h20.51.599,SenstirEs_warningandinstructions,2024.1.4,None,2024-08-14 18h21.04.742897 +0200,
GRIP,,,,,0,9,9,9,,,,,8.330177816009382,,,,,,,,,,,,,,,,8.206670337996911,8.330177816009382,8.330177816009382,8.330177816009382,8.330177816009382,8.330177816009382,8.330177816009382,8.330177816009382,8.330177816009382,8.330177816009382,8.330177816009382,8.330177816009382,8.330177816009382,8.330177816009382,8.330177816009382,8.330177816009382,8.330177816009382,8.355511778005166,None,None,None,None,None,None,None,None,None,None,None,None,1,[0.06116027099778876],[0.061170864006271586],0,,,,,,,,,,,,,,,,,,,,,,,,,,,,,,,,,,,,,,455885,001,2024-08-14_18h20.51.599,SenstirEs_warningandinstructions,2024.1.4,None,2024-08-14 18h21.04.742897 +0200,
INCOMMUNICATIVENESS,,,,,0,10,10,10,,,,,8.480419536994305,,,,,,,,,,,,,,,,8.356530456017936,8.480419536994305,8.480419536994305,8.480419536994305,8.480419536994305,8.480419536994305,8.480419536994305,8.480419536994305,8.480419536994305,8.480419536994305,8.480419536994305,8.480419536994305,8.480419536994305,8.480419536994305,8.480419536994305,8.480419536994305,8.480419536994305,8.572296027006814,None,None,None,None,None,None,None,None,None,None,None,None,1,[0.12838365300558507],[0.128393702005269],0,,,,,,,,,,,,,,,,,,,,,,,,,,,,,,,,,,,,,,455885,001,2024-08-14_18h20.51.599,SenstirEs_warningandinstructions,2024.1.4,None,2024-08-14 18h21.04.742897 +0200,
YOUTUBE,,,,,0,11,11,11,,,,,8.696976467006607,,,,,,,,,,,,,,,,8.573301210009959,8.696976467006607,8.696976467006607,8.696976467006607,8.696976467006607,8.696976467006607,8.696976467006607,8.696976467006607,8.696976467006607,8.696976467006607,8.696976467006607,8.696976467006607,8.696976467006607,8.696976467006607,8.696976467006607,8.696976467006607,8.696976467006607,8.721869077009615,None,None,None,None,None,None,None,None,None,None,None,None,1,[0.06339547300012782],[0.06340398598695174],0,,,,,,,,,,,,,,,,,,,,,,,,,,,,,,,,,,,,,,455885,001,2024-08-14_18h20.51.599,SenstirEs_warningandinstructions,2024.1.4,None,2024-08-14 18h21.04.742897 +0200,
UNLOOSE,,,,,0,12,12,12,,,,,8.846875079994788,,,,,,,,,,,,,,,,8.722864951996598,8.846875079994788,8.846875079994788,8.846875079994788,8.846875079994788,8.846875079994788,8.846875079994788,8.846875079994788,8.846875079994788,8.846875079994788,8.846875079994788,8.846875079994788,8.846875079994788,8.846875079994788,8.846875079994788,8.846875079994788,8.846875079994788,8.871688164013904,None,None,None,None,None,None,None,None,None,None,None,None,1,[0.061329080985160545],[0.061337362974882126],0,,,,,,,,,,,,,,,,,,,,,,,,,,,,,,,,,,,,,,455885,001,2024-08-14_18h20.51.599,SenstirEs_warningandinstructions,2024.1.4,None,2024-08-14 18h21.04.742897 +0200,
JAB,,,,,0,13,13,13,,,,,8.996918624005048,,,,,,,,,,,,,,,,8.872698873019544,8.996918624005048,8.996918624005048,8.996918624005048,8.996918624005048,8.996918624005048,8.996918624005048,8.996918624005048,8.996918624005048,8.996918624005048,8.996918624005048,8.996918624005048,8.996918624005048,8.996918624005048,8.996918624005048,8.996918624005048,8.996918624005048,9.088843919016654,None,None,None,None,None,None,None,None,None,None,None,None,1,[0.12933996299398132],[0.1293480680033099],0,,,,,,,,,,,,,,,,,,,,,,,,,,,,,,,,,,,,,,455885,001,2024-08-14_18h20.51.599,SenstirEs_warningandinstructions,2024.1.4,None,2024-08-14 18h21.04.742897 +0200,
COULD,,,,,0,14,14,14,,,,,9.213446342007956,,,,,,,,,,,,,,,,9.089828607015079,9.213446342007956,9.213446342007956,9.213446342007956,9.213446342007956,9.213446342007956,9.213446342007956,9.213446342007956,9.213446342007956,9.213446342007956,9.213446342007956,9.213446342007956,9.213446342007956,9.213446342007956,9.213446342007956,9.213446342007956,9.213446342007956,9.238987343007466,None,None,None,None,None,None,None,None,None,None,None,None,1,[0.0634452129888814],[0.06345692099421285],0,,,,,,,,,,,,,,,,,,,,,,,,,,,,,,,,,,,,,,455885,001,2024-08-14_18h20.51.599,SenstirEs_warningandinstructions,2024.1.4,None,2024-08-14 18h21.04.742897 +0200,
TV,,,,,0,15,15,15,,,,,9.363565320993075,,,,,,,,,,,,,,,,9.23998245500843,9.363565320993075,9.363565320993075,9.363565320993075,9.363565320993075,9.363565320993075,9.363565320993075,9.363565320993075,9.363565320993075,9.363565320993075,9.363565320993075,9.363565320993075,9.363565320993075,9.363565320993075,9.363565320993075,9.363565320993075,9.363565320993075,9.455477348994464,None,None,None,None,None,None,None,None,None,None,None,None,1,[0.12798968199058436],[0.12800428399350494],0,,,,,,,,,,,,,,,,,,,,,,,,,,,,,,,,,,,,,,455885,001,2024-08-14_18h20.51.599,SenstirEs_warningandinstructions,2024.1.4,None,2024-08-14 18h21.04.742897 +0200,
VISIBLE,,,,,0,16,16,16,,,,,9.580171709996648,,,,,,,,,,,,,,,,9.45648173801601,9.580171709996648,9.580171709996648,9.580171709996648,9.580171709996648,9.580171709996648,9.580171709996648,9.580171709996648,9.580171709996648,9.580171709996648,9.580171709996648,9.580171709996648,9.580171709996648,9.580171709996648,9.580171709996648,9.580171709996648,9.580171709996648,9.604474834020948,None,None,None,None,None,None,None,None,None,None,None,None,1,[0.06272167401039042],[0.06272972299484536],0,,,,,,,,,,,,,,,,,,,,,,,,,,,,,,,,,,,,,,455885,001,2024-08-14_18h20.51.599,SenstirEs_warningandinstructions,2024.1.4,None,2024-08-14 18h21.04.742897 +0200,
NONFOOD,,,,,0,17,17,17,,,,,9.730378887004917,,,,,,,,,,,,,,,,9.605490678019123,9.730378887004917,9.730378887004917,9.730378887004917,9.730378887004917,9.730378887004917,9.730378887004917,9.730378887004917,9.730378887004917,9.730378887004917,9.730378887004917,9.730378887004917,9.730378887004917,9.730378887004917,9.730378887004917,9.730378887004917,9.730378887004917,9.755715249018976,None,None,None,None,None,None,None,None,None,None,None,None,1,[0.06353593300445937],[0.06354486697819084],0,,,,,,,,,,,,,,,,,,,,,,,,,,,,,,,,,,,,,,455885,001,2024-08-14_18h20.51.599,SenstirEs_warningandinstructions,2024.1.4,None,2024-08-14 18h21.04.742897 +0200,
ALLERGIC,,,,,0,18,18,18,,,,,9.880321052012732,,,,,,,,,,,,,,,,9.756709135021083,9.880321052012732,9.880321052012732,9.880321052012732,9.880321052012732,9.880321052012732,9.880321052012732,9.880321052012732,9.880321052012732,9.880321052012732,9.880321052012732,9.880321052012732,9.880321052012732,9.880321052012732,9.880321052012732,9.880321052012732,9.880321052012732,9.972020322020398,None,None,None,None,None,None,None,None,None,None,None,None,1,[0.12804885799414478],[0.12805830800789408],0,,,,,,,,,,,,,,,,,,,,,,,,,,,,,,,,,,,,,,455885,001,2024-08-14_18h20.51.599,SenstirEs_warningandinstructions,2024.1.4,None,2024-08-14 18h21.04.742897 +0200,
PRETTY,,,,,0,19,19,19,,,,,10.097614343016176,,,,,,,,,,,,,,,,9.973046519997297,10.097614343016176,10.097614343016176,10.097614343016176,10.097614343016176,10.097614343016176,10.097614343016176,10.097614343016176,10.097614343016176,10.097614343016176,10.097614343016176,10.097614343016176,10.097614343016176,10.097614343016176,10.097614343016176,10.097614343016176,10.097614343016176,10.122788314998616,None,None,None,None,None,None,None,None,None,None,None,None,1,[0.06032767900614999],[0.060338842013152316],0,,,,,,,,,,,,,,,,,,,,,,,,,,,,,,,,,,,,,,455885,001,2024-08-14_18h20.51.599,SenstirEs_warningandinstructions,2024.1.4,None,2024-08-14 18h21.04.742897 +0200,
SILKY,,,,,0,20,20,20,,,,,10.246908667002572,,,,,,,,,,,,,,,,10.123928520013578,10.246908667002572,10.246908667002572,10.246908667002572,10.246908667002572,10.246908667002572,10.246908667002572,10.246908667002572,10.246908667002572,10.246908667002572,10.246908667002572,10.246908667002572,10.246908667002572,10.246908667002572,10.246908667002572,10.246908667002572,10.246908667002572,10.338142950000474,None,None,None,None,None,None,None,None,None,None,None,None,1,[0.12869350498658605],[0.12870798900257796],0,,,,,,,,,,,,,,,,,,,,,,,,,,,,,,,,,,,,,,455885,001,2024-08-14_18h20.51.599,SenstirEs_warningandinstructions,2024.1.4,None,2024-08-14 18h21.04.742897 +0200,
SIGHT,,,,,0,21,21,21,,,,,10.463507328997366,,,,,,,,,,,,,,,,10.339452624000842,10.463507328997366,10.463507328997366,10.463507328997366,10.463507328997366,10.463507328997366,10.463507328997366,10.463507328997366,10.463507328997366,10.463507328997366,10.463507328997366,10.463507328997366,10.463507328997366,10.463507328997366,10.463507328997366,10.463507328997366,10.463507328997366,10.488141219015233,None,None,None,None,None,None,None,None,None,None,None,None,1,[0.06163895700592548],[0.06164722499670461],0,,,,,,,,,,,,,,,,,,,,,,,,,,,,,,,,,,,,,,455885,001,2024-08-14_18h20.51.599,SenstirEs_warningandinstructions,2024.1.4,None,2024-08-14 18h21.04.742897 +0200,
TAG,,,,,0,22,22,22,,,,,10.613717041997006,,,,,,,,,,,,,,,,10.489139086013893,10.613717041997006,10.613717041997006,10.613717041997006,10.613717041997006,10.613717041997006,10.613717041997006,10.613717041997006,10.613717041997006,10.613717041997006,10.613717041997006,10.613717041997006,10.613717041997006,10.613717041997006,10.613717041997006,10.613717041997006,10.613717041997006,10.83887277499889,None,None,None,None,None,None,None,None,None,None,None,None,1,[0.2625669040135108],[0.26257466201786883],0,,,,,,,,,,,,,,,,,,,,,,,,,,,,,,,,,,,,,,455885,001,2024-08-14_18h20.51.599,SenstirEs_warningandinstructions,2024.1.4,None,2024-08-14 18h21.04.742897 +0200,
CURL UP,,,,,0,23,23,23,,,,,10.963691809010925,,,,,,,,,,,,,,,,10.839871806994779,10.963691809010925,10.963691809010925,10.963691809010925,10.963691809010925,10.963691809010925,10.963691809010925,10.963691809010925,10.963691809010925,10.963691809010925,10.963691809010925,10.963691809010925,10.963691809010925,10.963691809010925,10.963691809010925,10.963691809010925,10.963691809010925,10.988977332017384,None,None,None,None,None,None,None,None,None,None,None,None,1,[0.06262907802010886],[0.06263841601321474],0,,,,,,,,,,,,,,,,,,,,,,,,,,,,,,,,,,,,,,455885,001,2024-08-14_18h20.51.599,SenstirEs_warningandinstructions,2024.1.4,None,2024-08-14 18h21.04.742897 +0200,
SPINAL,,,,,0,24,24,24,,,,,11.113864075014135,,,,,,,,,,,,,,,,10.98997463300475,11.113864075014135,11.113864075014135,11.113864075014135,11.113864075014135,11.113864075014135,11.113864075014135,11.113864075014135,11.113864075014135,11.113864075014135,11.113864075014135,11.113864075014135,11.113864075014135,11.113864075014135,11.113864075014135,11.113864075014135,11.113864075014135,11.13878761001979,None,None,None,None,None,None,None,None,None,None,None,None,1,[0.06152515098801814],[0.061535796005045995],0,,,,,,,,,,,,,,,,,,,,,,,,,,,,,,,,,,,,,,455885,001,2024-08-14_18h20.51.599,SenstirEs_warningandinstructions,2024.1.4,None,2024-08-14 18h21.04.742897 +0200,
,,,,,,,,,,,,,,,,,,,,,,,,,,,,,,,,,,,,,,,,,,,,,,,,,,,,,,,,,,,,,,,,,,,,,,,,,,,,,,,,11.140018434001831,11.196943357004784,11.196943357004784,11.196943357004784,11.196943357004784,12.13330239302013,0,,,0,,,1,[0.9892464550212026],[0.9892547740018927],,,,,,455885,001,2024-08-14_18h20.51.599,SenstirEs_warningandinstructions,2024.1.4,None,2024-08-14 18h21.04.742897 +0200,
VISTA LATERAL,,,,,,,,,0,0,0,0,12.263224852009444,,,,,,,,,,,,,,,,12.137794509006198,12.263224852009444,12.263224852009444,12.263224852009444,12.263224852009444,12.263224852009444,12.263224852009444,12.263224852009444,12.263224852009444,12.263224852009444,12.263224852009444,12.263224852009444,12.263224852009444,12.263224852009444,12.263224852009444,12.263224852009444,12.263224852009444,12.805976149014896,None,None,None,None,None,None,None,None,None,None,None,None,1,[0.5746873749885708],[0.5747010149934795],0,,,,,,,,,,,,,,,,,,,,,,,,,,,,,,,,,,,,,,455885,001,2024-08-14_18h20.51.599,SenstirEs_warningandinstructions,2024.1.4,None,2024-08-14 18h21.04.742897 +0200,
LISO,,,,,,,,,0,1,1,1,12.93030199999339,,,,,,,,,,,,,,,,12.808078657020815,12.93030199999339,12.93030199999339,12.93030199999339,12.93030199999339,12.93030199999339,12.93030199999339,12.93030199999339,12.93030199999339,12.93030199999339,12.93030199999339,12.93030199999339,12.93030199999339,12.93030199999339,12.93030199999339,12.93030199999339,12.93030199999339,13.021460470015882,None,None,None,None,None,None,None,None,None,None,None,None,1,[0.1282537359802518],[0.12826433099689893],0,,,,,,,,,,,,,,,,,,,,,,,,,,,,,,,,,,,,,,455885,001,2024-08-14_18h20.51.599,SenstirEs_warningandinstructions,2024.1.4,None,2024-08-14 18h21.04.742897 +0200,
DOLOROSO,,,,,,,,,0,2,2,2,13.146960959013086,,,,,,,,,,,,,,,,13.022683057002723,13.146960959013086,13.146960959013086,13.146960959013086,13.146960959013086,13.146960959013086,13.146960959013086,13.146960959013086,13.146960959013086,13.146960959013086,13.146960959013086,13.146960959013086,13.146960959013086,13.146960959013086,13.146960959013086,13.146960959013086,13.146960959013086,13.171411684015766,None,None,None,None,None,None,None,None,None,None,None,None,1,[0.06222233801963739],[0.062231648014858365],0,,,,,,,,,,,,,,,,,,,,,,,,,,,,,,,,,,,,,,455885,001,2024-08-14_18h20.51.599,SenstirEs_warningandinstructions,2024.1.4,None,2024-08-14 18h21.04.742897 +0200,
WIKIPEDIA,,,,,,,,,0,3,3,3,13.297002788021928,,,,,,,,,,,,,,,,13.172415538021596,13.297002788021928,13.297002788021928,13.297002788021928,13.297002788021928,13.297002788021928,13.297002788021928,13.297002788021928,13.297002788021928,13.297002788021928,13.297002788021928,13.297002788021928,13.297002788021928,13.297002788021928,13.297002788021928,13.297002788021928,13.297002788021928,13.321549742016941,None,None,None,None,None,None,None,None,None,None,None,None,1,[0.06297624501166865],[0.06298480500117876],0,,,,,,,,,,,,,,,,,,,,,,,,,,,,,,,,,,,,,,455885,001,2024-08-14_18h20.51.599,SenstirEs_warningandinstructions,2024.1.4,None,2024-08-14 18h21.04.742897 +0200,
TOMILLO,,,,,,,,,0,4,4,4,13.446847181010526,,,,,,,,,,,,,,,,13.322544986993307,13.446847181010526,13.446847181010526,13.446847181010526,13.446847181010526,13.446847181010526,13.446847181010526,13.446847181010526,13.446847181010526,13.446847181010526,13.446847181010526,13.446847181010526,13.446847181010526,13.446847181010526,13.446847181010526,13.446847181010526,13.446847181010526,13.470109381014481,None,None,None,None,None,None,None,None,None,None,None,None,1,[0.062201334978453815],[0.06220859699533321],0,,,,,,,,,,,,,,,,,,,,,,,,,,,,,,,,,,,,,,455885,001,2024-08-14_18h20.51.599,SenstirEs_warningandinstructions,2024.1.4,None,2024-08-14 18h21.04.742897 +0200,
CONSIGUIENTE ,,,,,,,,,0,5,5,5,13.596861118014203,,,,,,,,,,,,,,,,13.47110080299899,13.596861118014203,13.596861118014203,13.596861118014203,13.596861118014203,13.596861118014203,13.596861118014203,13.596861118014203,13.596861118014203,13.596861118014203,13.596861118014203,13.596861118014203,13.596861118014203,13.596861118014203,13.596861118014203,13.596861118014203,13.596861118014203,13.62264576801681,None,None,None,None,None,None,None,None,None,None,None,None,1,[0.06319414399331436],[0.06320346001302823],0,,,,,,,,,,,,,,,,,,,,,,,,,,,,,,,,,,,,,,455885,001,2024-08-14_18h20.51.599,SenstirEs_warningandinstructions,2024.1.4,None,2024-08-14 18h21.04.742897 +0200,
EXCRETOR,,,,,,,,,0,6,6,6,13.746888192021288,,,,,,,,,,,,,,,,13.623641734011471,13.746888192021288,13.746888192021288,13.746888192021288,13.746888192021288,13.746888192021288,13.746888192021288,13.746888192021288,13.746888192021288,13.746888192021288,13.746888192021288,13.746888192021288,13.746888192021288,13.746888192021288,13.746888192021288,13.746888192021288,13.746888192021288,13.772394939995138,None,None,None,None,None,None,None,None,None,None,None,None,1,[0.06195554599980824],[0.061970186012331396],0,,,,,,,,,,,,,,,,,,,,,,,,,,,,,,,,,,,,,,455885,001,2024-08-14_18h20.51.599,SenstirEs_warningandinstructions,2024.1.4,None,2024-08-14 18h21.04.742897 +0200,
MASAJE,,,,,,,,,0,7,7,7,13.897270276007475,,,,,,,,,,,,,,,,13.773660527018365,13.897270276007475,13.897270276007475,13.897270276007475,13.897270276007475,13.897270276007475,13.897270276007475,13.897270276007475,13.897270276007475,13.897270276007475,13.897270276007475,13.897270276007475,13.897270276007475,13.897270276007475,13.897270276007475,13.897270276007475,13.897270276007475,13.922723074996611,None,None,None,None,None,None,None,None,None,None,None,None,1,[0.061375110992230475],[0.061384131986415014],0,,,,,,,,,,,,,,,,,,,,,,,,,,,,,,,,,,,,,,455885,001,2024-08-14_18h20.51.599,SenstirEs_warningandinstructions,2024.1.4,None,2024-08-14 18h21.04.742897 +0200,
ABRIGARSE,,,,,,,,,0,8,8,8,14.046938017010689,,,,,,,,,,,,,,,,13.923725938017014,14.046938017010689,14.046938017010689,14.046938017010689,14.046938017010689,14.046938017010689,14.046938017010689,14.046938017010689,14.046938017010689,14.046938017010689,14.046938017010689,14.046938017010689,14.046938017010689,14.046938017010689,14.046938017010689,14.046938017010689,14.046938017010689,14.138801712018903,None,None,None,None,None,None,None,None,None,None,None,None,1,[0.12815445198793896],[0.12816331497742794],0,,,,,,,,,,,,,,,,,,,,,,,,,,,,,,,,,,,,,,455885,001,2024-08-14_18h20.51.599,SenstirEs_warningandinstructions,2024.1.4,None,2024-08-14 18h21.04.742897 +0200,
COXIS,,,,,,,,,0,9,9,9,14.26354651901056,,,,,,,,,,,,,,,,14.13978796399897,14.26354651901056,14.26354651901056,14.26354651901056,14.26354651901056,14.26354651901056,14.26354651901056,14.26354651901056,14.26354651901056,14.26354651901056,14.26354651901056,14.26354651901056,14.26354651901056,14.26354651901056,14.26354651901056,14.26354651901056,14.26354651901056,14.289391692000208,None,None,None,None,None,None,None,None,None,None,None,None,1,[0.06351381298736669],[0.06352468699333258],0,,,,,,,,,,,,,,,,,,,,,,,,,,,,,,,,,,,,,,455885,001,2024-08-14_18h20.51.599,SenstirEs_warningandinstructions,2024.1.4,None,2024-08-14 18h21.04.742897 +0200,
FROTAR,,,,,,,,,0,10,10,10,14.413669341010973,,,,,,,,,,,,,,,,14.290378605015576,14.413669341010973,14.413669341010973,14.413669341010973,14.413669341010973,14.413669341010973,14.413669341010973,14.413669341010973,14.413669341010973,14.413669341010973,14.413669341010973,14.413669341010973,14.413669341010973,14.413669341010973,14.413669341010973,14.413669341010973,14.413669341010973,14.438398010010133,None,None,None,None,None,None,None,None,None,None,None,None,1,[0.06102424598066136],[0.0610332109790761],0,,,,,,,,,,,,,,,,,,,,,,,,,,,,,,,,,,,,,,455885,001,2024-08-14_18h20.51.599,SenstirEs_warningandinstructions,2024.1.4,None,2024-08-14 18h21.04.742897 +0200,
NO,,,,,,,,,0,11,11,11,14.563484380021691,,,,,,,,,,,,,,,,14.439380262017949,14.563484380021691,14.563484380021691,14.563484380021691,14.563484380021691,14.563484380021691,14.563484380021691,14.563484380021691,14.563484380021691,14.563484380021691,14.563484380021691,14.563484380021691,14.563484380021691,14.563484380021691,14.563484380021691,14.563484380021691,14.563484380021691,14.588961082015885,None,None,None,None,None,None,None,None,None,None,None,None,1,[0.0626274740207009],[0.06263617501826957],0,,,,,,,,,,,,,,,,,,,,,,,,,,,,,,,,,,,,,,455885,001,2024-08-14_18h20.51.599,SenstirEs_warningandinstructions,2024.1.4,None,2024-08-14 18h21.04.742897 +0200,
ESPINOSO,,,,,,,,,0,12,12,12,14.713599395996425,,,,,,,,,,,,,,,,14.59006170599605,14.713599395996425,14.713599395996425,14.713599395996425,14.713599395996425,14.713599395996425,14.713599395996425,14.713599395996425,14.713599395996425,14.713599395996425,14.713599395996425,14.713599395996425,14.713599395996425,14.713599395996425,14.713599395996425,14.713599395996425,14.713599395996425,14.805112332018325,None,None,None,None,None,None,None,None,None,None,None,None,1,[0.12740137599757873],[0.12741655900026672],0,,,,,,,,,,,,,,,,,,,,,,,,,,,,,,,,,,,,,,455885,001,2024-08-14_18h20.51.599,SenstirEs_warningandinstructions,2024.1.4,None,2024-08-14 18h21.04.742897 +0200,
ÁNGEL GUARDIAN,,,,,,,,,0,13,13,13,14.92972092400305,,,,,,,,,,,,,,,,14.806516526994528,14.92972092400305,14.92972092400305,14.92972092400305,14.92972092400305,14.92972092400305,14.92972092400305,14.92972092400305,14.92972092400305,14.92972092400305,14.92972092400305,14.92972092400305,14.92972092400305,14.92972092400305,14.92972092400305,14.92972092400305,14.92972092400305,14.954623349010944,None,None,None,None,None,None,None,None,None,None,None,None,1,[0.060685423988616094],[0.060695819003740326],0,,,,,,,,,,,,,,,,,,,,,,,,,,,,,,,,,,,,,,455885,001,2024-08-14_18h20.51.599,SenstirEs_warningandinstructions,2024.1.4,None,2024-08-14 18h21.04.742897 +0200,
JURAR,,,,,,,,,0,14,14,14,15.083636850002222,,,,,,,,,,,,,,,,14.955624838999938,15.083636850002222,15.083636850002222,15.083636850002222,15.083636850002222,15.083636850002222,15.083636850002222,15.083636850002222,15.083636850002222,15.083636850002222,15.083636850002222,15.083636850002222,15.083636850002222,15.083636850002222,15.083636850002222,15.083636850002222,15.083636850002222,15.172252309013857,None,None,None,None,None,None,None,None,None,None,None,None,1,[0.12134275797870941],[0.12135079698055051],0,,,,,,,,,,,,,,,,,,,,,,,,,,,,,,,,,,,,,,455885,001,2024-08-14_18h20.51.599,SenstirEs_warningandinstructions,2024.1.4,None,2024-08-14 18h21.04.742897 +0200,
RETOMAR,,,,,,,,,0,15,15,15,15.296972042007837,,,,,,,,,,,,,,,,15.173235880996799,15.296972042007837,15.296972042007837,15.296972042007837,15.296972042007837,15.296972042007837,15.296972042007837,15.296972042007837,15.296972042007837,15.296972042007837,15.296972042007837,15.296972042007837,15.296972042007837,15.296972042007837,15.296972042007837,15.296972042007837,15.296972042007837,15.322073503019055,None,None,None,None,None,None,None,None,None,None,None,None,1,[0.0629355669952929],[0.06294492399320006],0,,,,,,,,,,,,,,,,,,,,,,,,,,,,,,,,,,,,,,455885,001,2024-08-14_18h20.51.599,SenstirEs_warningandinstructions,2024.1.4,None,2024-08-14 18h21.04.742897 +0200,
CÓDIGO DE BARRAS,,,,,,,,,0,16,16,16,15.447101135010598,,,,,,,,,,,,,,,,15.323055809014477,15.447101135010598,15.447101135010598,15.447101135010598,15.447101135010598,15.447101135010598,15.447101135010598,15.447101135010598,15.447101135010598,15.447101135010598,15.447101135010598,15.447101135010598,15.447101135010598,15.447101135010598,15.447101135010598,15.447101135010598,15.447101135010598,15.538720420008758,None,None,None,None,None,None,None,None,None,None,None,None,1,[0.12623674198403023],[0.12624720999156125],0,,,,,,,,,,,,,,,,,,,,,,,,,,,,,,,,,,,,,,455885,001,2024-08-14_18h20.51.599,SenstirEs_warningandinstructions,2024.1.4,None,2024-08-14 18h21.04.742897 +0200,
GOLPECITO,,,,,,,,,0,17,17,17,15.66335100500146,,,,,,,,,,,,,,,,15.539746813010424,15.66335100500146,15.66335100500146,15.66335100500146,15.66335100500146,15.66335100500146,15.66335100500146,15.66335100500146,15.66335100500146,15.66335100500146,15.66335100500146,15.66335100500146,15.66335100500146,15.66335100500146,15.66335100500146,15.66335100500146,15.66335100500146,15.755439085012767,None,None,None,None,None,None,None,None,None,None,None,None,1,[0.12717171999975108],[0.12718173299799673],0,,,,,,,,,,,,,,,,,,,,,,,,,,,,,,,,,,,,,,455885,001,2024-08-14_18h20.51.599,SenstirEs_warningandinstructions,2024.1.4,None,2024-08-14 18h21.04.742897 +0200,
VER,,,,,,,,,0,18,18,18,15.880317252012901,,,,,,,,,,,,,,,,15.756420545018045,15.880317252012901,15.880317252012901,15.880317252012901,15.880317252012901,15.880317252012901,15.880317252012901,15.880317252012901,15.880317252012901,15.880317252012901,15.880317252012901,15.880317252012901,15.880317252012901,15.880317252012901,15.880317252012901,15.880317252012901,15.880317252012901,15.905790032004006,None,None,None,None,None,None,None,None,None,None,None,None,1,[0.0627382039965596],[0.06274712600861676],0,,,,,,,,,,,,,,,,,,,,,,,,,,,,,,,,,,,,,,455885,001,2024-08-14_18h20.51.599,SenstirEs_warningandinstructions,2024.1.4,None,2024-08-14 18h21.04.742897 +0200,
APRETÓN DE MANOS,,,,,,,,,0,19,19,19,16.030265912006143,,,,,,,,,,,,,,,,15.906776554009411,16.030265912006143,16.030265912006143,16.030265912006143,16.030265912006143,16.030265912006143,16.030265912006143,16.030265912006143,16.030265912006143,16.030265912006143,16.030265912006143,16.030265912006143,16.030265912006143,16.030265912006143,16.030265912006143,16.030265912006143,16.030265912006143,16.121274659002665,None,None,None,None,None,None,None,None,None,None,None,None,1,[0.12753919200622477],[0.12754773799679242],0,,,,,,,,,,,,,,,,,,,,,,,,,,,,,,,,,,,,,,455885,001,2024-08-14_18h20.51.599,SenstirEs_warningandinstructions,2024.1.4,None,2024-08-14 18h21.04.742897 +0200,
CERNIR,,,,,,,,,0,20,20,20,16.246925992018078,,,,,,,,,,,,,,,,16.12225260800915,16.246925992018078,16.246925992018078,16.246925992018078,16.246925992018078,16.246925992018078,16.246925992018078,16.246925992018078,16.246925992018078,16.246925992018078,16.246925992018078,16.246925992018078,16.246925992018078,16.246925992018078,16.246925992018078,16.246925992018078,16.246925992018078,16.403485365008237,None,None,None,None,None,None,None,None,None,None,None,None,1,[0.19615469899144955],[0.19616110698552802],0,,,,,,,,,,,,,,,,,,,,,,,,,,,,,,,,,,,,,,455885,001,2024-08-14_18h20.51.599,SenstirEs_warningandinstructions,2024.1.4,None,2024-08-14 18h21.04.742897 +0200,
ASEGURAR,,,,,,,,,0,21,21,21,16.530119008006295,,,,,,,,,,,,,,,,16.40447513401159,16.530119008006295,16.530119008006295,16.530119008006295,16.530119008006295,16.530119008006295,16.530119008006295,16.530119008006295,16.530119008006295,16.530119008006295,16.530119008006295,16.530119008006295,16.530119008006295,16.530119008006295,16.530119008006295,16.530119008006295,16.530119008006295,16.556017715018243,None,None,None,None,None,None,None,None,None,None,None,None,1,[0.06562167601077817],[0.06563165300758556],0,,,,,,,,,,,,,,,,,,,,,,,,,,,,,,,,,,,,,,455885,001,2024-08-14_18h20.51.599,SenstirEs_warningandinstructions,2024.1.4,None,2024-08-14 18h21.04.742897 +0200,
CARIÑOSO,,,,,,,,,0,22,22,22,16.681053386011627,,,,,,,,,,,,,,,,16.557011505006813,16.681053386011627,16.681053386011627,16.681053386011627,16.681053386011627,16.681053386011627,16.681053386011627,16.681053386011627,16.681053386011627,16.681053386011627,16.681053386011627,16.681053386011627,16.681053386011627,16.681053386011627,16.681053386011627,16.681053386011627,16.681053386011627,16.83859901400865,None,None,None,None,None,None,None,None,None,None,None,None,1,[0.19455256598303095],[0.19456187699688599],0,,,,,,,,,,,,,,,,,,,,,,,,,,,,,,,,,,,,,,455885,001,2024-08-14_18h20.51.599,SenstirEs_warningandinstructions,2024.1.4,None,2024-08-14 18h21.04.742897 +0200,
PICAR,,,,,,,,,0,23,23,23,16.96345458799624,,,,,,,,,,,,,,,,16.839591496012872,16.96345458799624,16.96345458799624,16.96345458799624,16.96345458799624,16.96345458799624,16.96345458799624,16.96345458799624,16.96345458799624,16.96345458799624,16.96345458799624,16.96345458799624,16.96345458799624,16.96345458799624,16.96345458799624,16.96345458799624,16.96345458799624,17.12089324500994,None,None,None,None,None,None,None,None,None,None,None,None,1,[0.19646889800787903],[0.1964800969872158],0,,,,,,,,,,,,,,,,,,,,,,,,,,,,,,,,,,,,,,455885,001,2024-08-14_18h20.51.599,SenstirEs_warningandinstructions,2024.1.4,None,2024-08-14 18h21.04.742897 +0200,
COLORES,,,,,,,,,0,24,24,24,17.24706784801674,,,,,,,,,,,,,,,,17.12187938002171,17.24706784801674,17.24706784801674,17.24706784801674,17.24706784801674,17.24706784801674,17.24706784801674,17.24706784801674,17.24706784801674,17.24706784801674,17.24706784801674,17.24706784801674,17.24706784801674,17.24706784801674,17.24706784801674,17.24706784801674,17.24706784801674,17.409673732006922,None,None,None,None,None,None,None,None,None,None,None,None,1,[0.20111849802196957],[0.20113135300925933],0,,,,,,,,,,,,,,,,,,,,,,,,,,,,,,,,,,,,,,455885,001,2024-08-14_18h20.51.599,SenstirEs_warningandinstructions,2024.1.4,None,2024-08-14 18h21.04.742897 +0200,
SENTIR,,,,,,,,,0,25,25,25,17.533518587006256,,,,,,,,,,,,,,,,17.410659237008076,17.533518587006256,17.533518587006256,17.533518587006256,17.533518587006256,17.533518587006256,17.533518587006256,17.533518587006256,17.533518587006256,17.533518587006256,17.533518587006256,17.533518587006256,17.533518587006256,17.533518587006256,17.533518587006256,17.533518587006256,17.533518587006256,17.688359609019244,None,None,None,None,None,None,None,None,None,None,None,None,1,[0.19052295002620667],[0.19053145000361837],0,,,,,,,,,,,,,,,,,,,,,,,,,,,,,,,,,,,,,,455885,001,2024-08-14_18h20.51.599,SenstirEs_warningandinstructions,2024.1.4,None,2024-08-14 18h21.04.742897 +0200,
DURA,,,,,,,,,0,26,26,26,17.813618662999943,,,,,,,,,,,,,,,,17.68934151099529,17.813618662999943,17.813618662999943,17.813618662999943,17.813618662999943,17.813618662999943,17.813618662999943,17.813618662999943,17.813618662999943,17.813618662999943,17.813618662999943,17.813618662999943,17.813618662999943,17.813618662999943,17.813618662999943,17.813618662999943,17.813618662999943,17.905683131015394,None,None,None,None,None,None,None,None,None,None,None,None,1,[0.1292998639983125],[0.12930846799281426],0,,,,,,,,,,,,,,,,,,,,,,,,,,,,,,,,,,,,,,455885,001,2024-08-14_18h20.51.599,SenstirEs_warningandinstructions,2024.1.4,None,2024-08-14 18h21.04.742897 +0200,
HIPERCINÉTICO,,,,,,,,,0,27,27,27,18.030210883996915,,,,,,,,,,,,,,,,17.906656481995014,18.030210883996915,18.030210883996915,18.030210883996915,18.030210883996915,18.030210883996915,18.030210883996915,18.030210883996915,18.030210883996915,18.030210883996915,18.030210883996915,18.030210883996915,18.030210883996915,18.030210883996915,18.030210883996915,18.030210883996915,18.030210883996915,18.12154110200936,None,None,None,None,None,None,None,None,None,None,None,None,1,[0.1275520290073473],[0.12756114400690421],0,,,,,,,,,,,,,,,,,,,,,,,,,,,,,,,,,,,,,,455885,001,2024-08-14_18h20.51.599,SenstirEs_warningandinstructions,2024.1.4,None,2024-08-14 18h21.04.742897 +0200,
ATERCIOPELADO,,,,,,,,,0,28,28,28,18.24674715800211,,,,,,,,,,,,,,,,18.122522621008102,18.24674715800211,18.24674715800211,18.24674715800211,18.24674715800211,18.24674715800211,18.24674715800211,18.24674715800211,18.24674715800211,18.24674715800211,18.24674715800211,18.24674715800211,18.24674715800211,18.24674715800211,18.24674715800211,18.24674715800211,18.24674715800211,18.404332658014027,None,None,None,None,None,None,None,None,None,None,None,None,1,[0.19572648598114029],[0.19574054799159057],0,,,,,,,,,,,,,,,,,,,,,,,,,,,,,,,,,,,,,,455885,001,2024-08-14_18h20.51.599,SenstirEs_warningandinstructions,2024.1.4,None,2024-08-14 18h21.04.742897 +0200,
SUBLIMACIÓN,,,,,,,,,0,29,29,29,18.530227957002353,,,,,,,,,,,,,,,,18.40567750800983,18.530227957002353,18.530227957002353,18.530227957002353,18.530227957002353,18.530227957002353,18.530227957002353,18.530227957002353,18.530227957002353,18.530227957002353,18.530227957002353,18.530227957002353,18.530227957002353,18.530227957002353,18.530227957002353,18.530227957002353,18.530227957002353,18.955402010004036,None,None,None,None,None,None,None,None,None,None,None,None,1,[0.4620447279885411],[0.4620540699979756],0,,,,,,,,,,,,,,,,,,,,,,,,,,,,,,,,,,,,,,455885,001,2024-08-14_18h20.51.599,SenstirEs_warningandinstructions,2024.1.4,None,2024-08-14 18h21.04.742897 +0200,
SITIO WEB,,,,,,,,,0,30,30,30,19.0801395449962,,,,,,,,,,,,,,,,18.956382442993345,19.0801395449962,19.0801395449962,19.0801395449962,19.0801395449962,19.0801395449962,19.0801395449962,19.0801395449962,19.0801395449962,19.0801395449962,19.0801395449962,19.0801395449962,19.0801395449962,19.0801395449962,19.0801395449962,19.0801395449962,19.0801395449962,19.43796558000031,None,None,None,None,None,None,None,None,None,None,None,None,1,[0.3949155579903163],[0.39492379897274077],0,,,,,,,,,,,,,,,,,,,,,,,,,,,,,,,,,,,,,,455885,001,2024-08-14_18h20.51.599,SenstirEs_warningandinstructions,2024.1.4,None,2024-08-14 18h21.04.742897 +0200,
IMÁGENES,,,,,,,,,0,31,31,31,19.563463024998782,,,,,,,,,,,,,,,,19.438957389007555,19.563463024998782,19.563463024998782,19.563463024998782,19.563463024998782,19.563463024998782,19.563463024998782,19.563463024998782,19.563463024998782,19.563463024998782,19.563463024998782,19.563463024998782,19.563463024998782,19.563463024998782,19.563463024998782,19.563463024998782,19.563463024998782,19.589214476000052,None,None,None,None,None,None,None,None,None,None,None,None,1,[0.06419978899066336],[0.06420914098271169],0,,,,,,,,,,,,,,,,,,,,,,,,,,,,,,,,,,,,,,455885,001,2024-08-14_18h20.51.599,SenstirEs_warningandinstructions,2024.1.4,None,2024-08-14 18h21.04.742897 +0200,
CONDUCTOR DE AUTOBÚS,,,,,,,,,0,32,32,32,19.714072066999506,,,,,,,,,,,,,,,,19.59019529001671,19.714072066999506,19.714072066999506,19.714072066999506,19.714072066999506,19.714072066999506,19.714072066999506,19.714072066999506,19.714072066999506,19.714072066999506,19.714072066999506,19.714072066999506,19.714072066999506,19.714072066999506,19.714072066999506,19.714072066999506,19.714072066999506,19.805529628996737,None,None,None,None,None,None,None,None,None,None,None,None,1,[0.1262657849874813],[0.12627407599939033],0,,,,,,,,,,,,,,,,,,,,,,,,,,,,,,,,,,,,,,455885,001,2024-08-14_18h20.51.599,SenstirEs_warningandinstructions,2024.1.4,None,2024-08-14 18h21.04.742897 +0200,
,,,,,,,,,,,,,,,,,,,,,,,,,,,,,,,,,,,,,,,,,,,,,,,,,,,,,,,,,,,,,,,,,,,,,,,,,,,,,,,,,,,,,,,,,,,,,,,19.806428028008668,19.852492094010813,19.852492094010813,19.852492094010813,19.852492094010813,,,,,,,,
