﻿Word,trials.thisRepN,trials.thisTrialN,trials.thisN,trials.thisIndex,thisRow.t,notes,warning.started,warning_SentirEs.started,next_warning.started,warning.stopped,next_warning.numClicks,next_warning.timesOn,next_warning.timesOff,SentirEs_intructions.started,intructions.started,next_instructions.started,SentirEs_intructions.stopped,next_instructions.numClicks,next_instructions.timesOn,next_instructions.timesOff,SentirEs_likert.started,text.started,stimuli.started,perceptual_audition.started,perceptual_gustatory.started,perceptual_haptic.started,perceptual_interocepticve.started,perceptual_olfaction.started,perceptual_visual.started,Audition.started,Gustatory.started,Haptic.started,Interoception.started,Olfaction.started,Vision.started,next.started,SentirEs_likert.stopped,Audition.response,Audition.rt,Gustatory.response,Gustatory.rt,Haptic.response,Haptic.rt,Interoception.response,Interoception.rt,Olfaction.response,Olfaction.rt,Vision.response,Vision.rt,next.numClicks,next.timesOn,next.timesOff,trial.started,readingtext.started,key_resp.started,participant,session,date,expName,psychopyVersion,frameRate,expStart,
,,,,,,,0.023110053967684507,0.06827709602657706,0.06827709602657706,1.0689007579348981,1,[1.0440550949424505],[1.0440651579992846],,,,,,,,,,,,,,,,,,,,,,,,,,,,,,,,,,,,,,,,,,,663208,001,2024-07-16_12h09.57.420,SenstirEs_warningandinstructions,2024.1.4,None,2024-07-16 12h10.04.480251 +0200,
,,,,,,,,,,,,,,1.0690357569837943,1.100779631990008,1.100779631990008,1.4532681329874322,1,[0.38223838806152344],[0.382248618057929],,,,,,,,,,,,,,,,,,,,,,,,,,,,,,,,,,,,663208,001,2024-07-16_12h09.57.420,SenstirEs_warningandinstructions,2024.1.4,None,2024-07-16 12h10.04.480251 +0200,
highly visual,0,0,0,0,1.6848521209321916,,,,,,,,,,,,,,,,1.458961845957674,1.6848521209321916,1.6848521209321916,1.6848521209321916,1.6848521209321916,1.6848521209321916,1.6848521209321916,1.6848521209321916,1.6848521209321916,1.6848521209321916,1.6848521209321916,1.6848521209321916,1.6848521209321916,1.6848521209321916,1.6848521209321916,1.6848521209321916,2.8765507739735767,None,None,None,None,None,None,None,None,None,None,None,None,1,[1.326276150997728],[1.326286064926535],,,,663208,001,2024-07-16_12h09.57.420,SenstirEs_warningandinstructions,2024.1.4,None,2024-07-16 12h10.04.480251 +0200,
,,,,,,,,,,,,,,,,,,,,,,,,,,,,,,,,,,,,,,,,,,,,,,,,,,,,,2.877955842996016,2.901311683934182,2.901311683934182,,,,,,,,
