﻿Word,trials.thisRepN,trials.thisTrialN,trials.thisN,trials.thisIndex,thisRow.t,notes,warning.started,warning_SentirEs.started,next_warning.started,warning.stopped,next_warning.numClicks,next_warning.timesOn,next_warning.timesOff,SentirEs_intructions.started,intructions.started,next_instructions.started,SentirEs_intructions.stopped,next_instructions.numClicks,next_instructions.timesOn,next_instructions.timesOff,SentirEs_likert.started,text.started,stimuli.started,perceptual_audition.started,perceptual_gustatory.started,perceptual_haptic.started,perceptual_interocepticve.started,perceptual_olfaction.started,perceptual_visual.started,Audition.started,Gustatory.started,Haptic.started,Interoception.started,Olfaction.started,Vision.started,next.started,SentirEs_likert.stopped,Audition.response,Audition.rt,Gustatory.response,Gustatory.rt,Haptic.response,Haptic.rt,Interoception.response,Interoception.rt,Olfaction.response,Olfaction.rt,Vision.response,Vision.rt,next.numClicks,next.timesOn,next.timesOff,participant,session,date,expName,psychopyVersion,frameRate,expStart,
,,,,,,,0.0225073000183329,0.07086198800243437,0.07086198800243437,1.0436398109886795,1,[1.0193583010695875],[1.0193674420006573],,,,,,,,,,,,,,,,,,,,,,,,,,,,,,,,,,,,,,,,709272,001,2024-07-16_12h42.56.331,SenstirEs_warningandinstructions,2024.1.4,None,2024-07-16 12h43.03.119122 +0200,
,,,,,,,,,,,,,,1.0437721039634198,1.0724711599759758,1.0724711599759758,1.8939309029374272,1,[0.8479839130304754],[0.8480006100144237],,,,,,,,,,,,,,,,,,,,,,,,,,,,,,,,,709272,001,2024-07-16_12h42.56.331,SenstirEs_warningandinstructions,2024.1.4,None,2024-07-16 12h43.03.119122 +0200,
EMOCIONANTE,0,0,0,0,2.1212843499379233,,,,,,,,,,,,,,,,1.9005264330189675,2.1212843499379233,2.1212843499379233,2.1212843499379233,2.1212843499379233,2.1212843499379233,2.1212843499379233,2.1212843499379233,2.1212843499379233,2.1212843499379233,2.1212843499379233,2.1212843499379233,2.1212843499379233,2.1212843499379233,2.1212843499379233,2.1212843499379233,10.095072353957221,2.0,3.2050289059989154,3.0,3.9853518119780347,1.0,4.785977208986878,4.0,5.821829866967164,2.0,6.599311130004935,4.0,7.515462892013602,1,[8.102995964931324],[8.103005575947464],709272,001,2024-07-16_12h42.56.331,SenstirEs_warningandinstructions,2024.1.4,None,2024-07-16 12h43.03.119122 +0200,
,,,,,10.221148431999609,,,,,,,,,,,,,,,,10.096594825969078,10.221148431999609,10.221148431999609,10.221148431999609,10.221148431999609,10.221148431999609,10.221148431999609,10.221148431999609,10.221148431999609,10.221148431999609,10.221148431999609,10.221148431999609,10.221148431999609,10.221148431999609,10.221148431999609,10.221148431999609,,,,,,,,,,,,,,,,,,,,,,,,
