﻿Word,SentirEs_19.thisRepN,SentirEs_19.thisTrialN,SentirEs_19.thisN,SentirEs_19.thisIndex,SentirEs_45.thisRepN,SentirEs_45.thisTrialN,SentirEs_45.thisN,SentirEs_45.thisIndex,thisRow.t,notes,warning_span.started,warning_SentirEs.started,next_warning.started,warning_span.stopped,next_warning.numClicks,next_warning.timesOn,next_warning.timesOff,SentirEs_intructions_Span.started,intructions.started,next_instructions.started,SentirEs_intructions_Span.stopped,next_instructions.numClicks,next_instructions.timesOn,next_instructions.timesOff,SentirEs_likert_span.started,text.started,stimuli.started,perceptual_audition.started,perceptual_gustatory.started,perceptual_haptic.started,perceptual_interocepticve.started,perceptual_olfaction.started,perceptual_visual.started,Audition.started,Gustatory.started,Haptic.started,Interoception.started,Olfaction.started,Vision.started,next.started,SentirEs_likert_span.stopped,Audition.response,Audition.rt,Gustatory.response,Gustatory.rt,Haptic.response,Haptic.rt,Interoception.response,Interoception.rt,Olfaction.response,Olfaction.rt,Vision.response,Vision.rt,next.numClicks,next.timesOn,next.timesOff,catch_1_span.started,catch_1.started,Oso.started,Ave.started,Pez.started,catch_1_span.stopped,Oso.numClicks,Oso.timesOn,Oso.timesOff,Ave.numClicks,Ave.timesOn,Ave.timesOff,Pez.numClicks,Pez.timesOn,Pez.timesOff,participant,session,date,expName,psychopyVersion,frameRate,expStart,
,,,,,,,,,,,0.04001545801293105,0.06963897903915495,0.06963897903915495,1.8579627519939095,1,[1.8164131579687819],[1.8164218129822984],,,,,,,,,,,,,,,,,,,,,,,,,,,,,,,,,,,,,,,,,,,,,,,,,,,,,,,720113,001,2024-07-16_21h45.49.424,SenstirEs_warningandinstructions,2024.1.4,None,2024-07-16 21h45.55.087103 +0200,
,,,,,,,,,,,,,,,,,,1.8581194339785725,1.885793428053148,1.885793428053148,2.4072993600275367,1,[0.5475455289706588],[0.5475518989842385],,,,,,,,,,,,,,,,,,,,,,,,,,,,,,,,,,,,,,,,,,,,,,,,720113,001,2024-07-16_21h45.49.424,SenstirEs_warningandinstructions,2024.1.4,None,2024-07-16 21h45.55.087103 +0200,
EMOCIONANTE,0,0,0,0,,,,,2.6194083540467545,,,,,,,,,,,,,,,,2.412550067063421,2.6194083540467545,2.6194083540467545,2.6194083540467545,2.6194083540467545,2.6194083540467545,2.6194083540467545,2.6194083540467545,2.6194083540467545,2.6194083540467545,2.6194083540467545,2.6194083540467545,2.6194083540467545,2.6194083540467545,2.6194083540467545,2.6194083540467545,3.4154210169799626,None,None,None,None,None,None,None,None,None,None,None,None,1,[0.912602937896736],[0.9126110199140385],,,,,,,,,,,,,,,,720113,001,2024-07-16_21h45.49.424,SenstirEs_warningandinstructions,2024.1.4,None,2024-07-16 21h45.55.087103 +0200,
CUAJAR,0,1,1,1,,,,,3.536166051053442,,,,,,,,,,,,,,,,3.416995911975391,3.536166051053442,3.536166051053442,3.536166051053442,3.536166051053442,3.536166051053442,3.536166051053442,3.536166051053442,3.536166051053442,3.536166051053442,3.536166051053442,3.536166051053442,3.536166051053442,3.536166051053442,3.536166051053442,3.536166051053442,3.6305564229842275,None,None,None,None,None,None,None,None,None,None,None,None,1,[0.12224352092016488],[0.12225176894571632],,,,,,,,,,,,,,,,720113,001,2024-07-16_21h45.49.424,SenstirEs_warningandinstructions,2024.1.4,None,2024-07-16 21h45.55.087103 +0200,
DIA,0,2,2,2,,,,,3.7555690080625936,,,,,,,,,,,,,,,,3.6314677230548114,3.7555690080625936,3.7555690080625936,3.7555690080625936,3.7555690080625936,3.7555690080625936,3.7555690080625936,3.7555690080625936,3.7555690080625936,3.7555690080625936,3.7555690080625936,3.7555690080625936,3.7555690080625936,3.7555690080625936,3.7555690080625936,3.7555690080625936,3.782642388017848,None,None,None,None,None,None,None,None,None,None,None,None,1,[0.06359660089947283],[0.0636053029447794],,,,,,,,,,,,,,,,720113,001,2024-07-16_21h45.49.424,SenstirEs_warningandinstructions,2024.1.4,None,2024-07-16 21h45.55.087103 +0200,
A LA VISTA,0,3,3,3,,,,,3.9053608370013535,,,,,,,,,,,,,,,,3.7835535740014166,3.9053608370013535,3.9053608370013535,3.9053608370013535,3.9053608370013535,3.9053608370013535,3.9053608370013535,3.9053608370013535,3.9053608370013535,3.9053608370013535,3.9053608370013535,3.9053608370013535,3.9053608370013535,3.9053608370013535,3.9053608370013535,3.9053608370013535,3.9323749439790845,None,None,None,None,None,None,None,None,None,None,None,None,1,[0.05896008503623307],[0.0589678370160982],,,,,,,,,,,,,,,,720113,001,2024-07-16_21h45.49.424,SenstirEs_warningandinstructions,2024.1.4,None,2024-07-16 21h45.55.087103 +0200,
SOBRESCRIBIR,0,4,4,4,,,,,4.055529152974486,,,,,,,,,,,,,,,,3.933293209061958,4.055529152974486,4.055529152974486,4.055529152974486,4.055529152974486,4.055529152974486,4.055529152974486,4.055529152974486,4.055529152974486,4.055529152974486,4.055529152974486,4.055529152974486,4.055529152974486,4.055529152974486,4.055529152974486,4.055529152974486,4.1378314920002595,None,None,None,None,None,None,None,None,None,None,None,None,1,[0.11417576007079333],[0.1141835980815813],,,,,,,,,,,,,,,,720113,001,2024-07-16_21h45.49.424,SenstirEs_warningandinstructions,2024.1.4,None,2024-07-16 21h45.55.087103 +0200,
TOCAR,0,5,5,5,,,,,4.255549706984311,,,,,,,,,,,,,,,,4.138737763045356,4.255549706984311,4.255549706984311,4.255549706984311,4.255549706984311,4.255549706984311,4.255549706984311,4.255549706984311,4.255549706984311,4.255549706984311,4.255549706984311,4.255549706984311,4.255549706984311,4.255549706984311,4.255549706984311,4.255549706984311,4.282237584004179,None,None,None,None,None,None,None,None,None,None,None,None,1,[0.05808657093439251],[0.05809312092605978],,,,,,,,,,,,,,,,720113,001,2024-07-16_21h45.49.424,SenstirEs_warningandinstructions,2024.1.4,None,2024-07-16 21h45.55.087103 +0200,
SUAVIDAD,0,6,6,6,,,,,4.4055126489838585,,,,,,,,,,,,,,,,4.28316694998648,4.4055126489838585,4.4055126489838585,4.4055126489838585,4.4055126489838585,4.4055126489838585,4.4055126489838585,4.4055126489838585,4.4055126489838585,4.4055126489838585,4.4055126489838585,4.4055126489838585,4.4055126489838585,4.4055126489838585,4.4055126489838585,4.4055126489838585,4.432934210984968,None,None,None,None,None,None,None,None,None,None,None,None,1,[0.06484750099480152],[0.06485460407566279],,,,,,,,,,,,,,,,720113,001,2024-07-16_21h45.49.424,SenstirEs_warningandinstructions,2024.1.4,None,2024-07-16 21h45.55.087103 +0200,
INTUITIVAMENTE,0,7,7,7,,,,,4.555401219055057,,,,,,,,,,,,,,,,4.4338359030662104,4.555401219055057,4.555401219055057,4.555401219055057,4.555401219055057,4.555401219055057,4.555401219055057,4.555401219055057,4.555401219055057,4.555401219055057,4.555401219055057,4.555401219055057,4.555401219055057,4.555401219055057,4.555401219055057,4.555401219055057,4.6494583850726485,None,None,None,None,None,None,None,None,None,None,None,None,1,[0.13000508805271238],[0.130013087997213],,,,,,,,,,,,,,,,720113,001,2024-07-16_21h45.49.424,SenstirEs_warningandinstructions,2024.1.4,None,2024-07-16 21h45.55.087103 +0200,
FÉMUR,0,8,8,8,,,,,4.772039567003958,,,,,,,,,,,,,,,,4.650357127073221,4.772039567003958,4.772039567003958,4.772039567003958,4.772039567003958,4.772039567003958,4.772039567003958,4.772039567003958,4.772039567003958,4.772039567003958,4.772039567003958,4.772039567003958,4.772039567003958,4.772039567003958,4.772039567003958,4.772039567003958,4.7973125809803605,None,None,None,None,None,None,None,None,None,None,None,None,1,[0.05904988304246217],[0.05905682104639709],,,,,,,,,,,,,,,,720113,001,2024-07-16_21h45.49.424,SenstirEs_warningandinstructions,2024.1.4,None,2024-07-16 21h45.55.087103 +0200,
ACARICIADO,0,9,9,9,,,,,4.909807501011528,,,,,,,,,,,,,,,,4.798217625007965,4.909807501011528,4.909807501011528,4.909807501011528,4.909807501011528,4.909807501011528,4.909807501011528,4.909807501011528,4.909807501011528,4.909807501011528,4.909807501011528,4.909807501011528,4.909807501011528,4.909807501011528,4.909807501011528,4.909807501011528,4.936374059994705,None,None,None,None,None,None,None,None,None,None,None,None,1,[0.05478121305350214],[0.05478917702566832],,,,,,,,,,,,,,,,720113,001,2024-07-16_21h45.49.424,SenstirEs_warningandinstructions,2024.1.4,None,2024-07-16 21h45.55.087103 +0200,
ACARICIAR,0,10,10,10,,,,,5.055651072994806,,,,,,,,,,,,,,,,4.937324305996299,5.055651072994806,5.055651072994806,5.055651072994806,5.055651072994806,5.055651072994806,5.055651072994806,5.055651072994806,5.055651072994806,5.055651072994806,5.055651072994806,5.055651072994806,5.055651072994806,5.055651072994806,5.055651072994806,5.055651072994806,5.365967411082238,None,None,None,None,None,None,None,None,None,None,None,None,1,[0.34140023100189865],[0.3414090840378776],,,,,,,,,,,,,,,,720113,001,2024-07-16_21h45.49.424,SenstirEs_warningandinstructions,2024.1.4,None,2024-07-16 21h45.55.087103 +0200,
PELUDO,0,11,11,11,,,,,5.488702593022026,,,,,,,,,,,,,,,,5.36687663604971,5.488702593022026,5.488702593022026,5.488702593022026,5.488702593022026,5.488702593022026,5.488702593022026,5.488702593022026,5.488702593022026,5.488702593022026,5.488702593022026,5.488702593022026,5.488702593022026,5.488702593022026,5.488702593022026,5.488702593022026,5.732840850017965,None,None,None,None,None,None,None,None,None,None,None,None,1,[0.2768832880537957],[0.2768912570318207],,,,,,,,,,,,,,,,720113,001,2024-07-16_21h45.49.424,SenstirEs_warningandinstructions,2024.1.4,None,2024-07-16 21h45.55.087103 +0200,
INDESTRUCTIBILIDAD,0,12,12,12,,,,,5.855582004063763,,,,,,,,,,,,,,,,5.733747640042566,5.855582004063763,5.855582004063763,5.855582004063763,5.855582004063763,5.855582004063763,5.855582004063763,5.855582004063763,5.855582004063763,5.855582004063763,5.855582004063763,5.855582004063763,5.855582004063763,5.855582004063763,5.855582004063763,5.855582004063763,5.999577919021249,None,None,None,None,None,None,None,None,None,None,None,None,1,[0.1797801109496504],[0.17978814395610243],,,,,,,,,,,,,,,,720113,001,2024-07-16_21h45.49.424,SenstirEs_warningandinstructions,2024.1.4,None,2024-07-16 21h45.55.087103 +0200,
MASILLOSO,0,13,13,13,,,,,6.122588754049502,,,,,,,,,,,,,,,,6.000526395975612,6.122588754049502,6.122588754049502,6.122588754049502,6.122588754049502,6.122588754049502,6.122588754049502,6.122588754049502,6.122588754049502,6.122588754049502,6.122588754049502,6.122588754049502,6.122588754049502,6.122588754049502,6.122588754049502,6.122588754049502,6.1495259230723605,None,None,None,None,None,None,None,None,None,None,None,None,1,[0.0637058150023222],[0.06371215893886983],,,,,,,,,,,,,,,,720113,001,2024-07-16_21h45.49.424,SenstirEs_warningandinstructions,2024.1.4,None,2024-07-16 21h45.55.087103 +0200,
AULLIDO,0,14,14,14,,,,,6.272113556973636,,,,,,,,,,,,,,,,6.150454245973378,6.272113556973636,6.272113556973636,6.272113556973636,6.272113556973636,6.272113556973636,6.272113556973636,6.272113556973636,6.272113556973636,6.272113556973636,6.272113556973636,6.272113556973636,6.272113556973636,6.272113556973636,6.272113556973636,6.272113556973636,6.517034488031641,None,None,None,None,None,None,None,None,None,None,None,None,1,[0.28147592896129936],[0.28148267895448953],,,,,,,,,,,,,,,,720113,001,2024-07-16_21h45.49.424,SenstirEs_warningandinstructions,2024.1.4,None,2024-07-16 21h45.55.087103 +0200,
TACTILMENTE,0,15,15,15,,,,,6.639019084046595,,,,,,,,,,,,,,,,6.51793859899044,6.639019084046595,6.639019084046595,6.639019084046595,6.639019084046595,6.639019084046595,6.639019084046595,6.639019084046595,6.639019084046595,6.639019084046595,6.639019084046595,6.639019084046595,6.639019084046595,6.639019084046595,6.639019084046595,6.639019084046595,6.998782447073609,None,None,None,None,None,None,None,None,None,None,None,None,1,[0.3966899929801002],[0.3966989549808204],,,,,,,,,,,,,,,,720113,001,2024-07-16_21h45.49.424,SenstirEs_warningandinstructions,2024.1.4,None,2024-07-16 21h45.55.087103 +0200,
CARA,0,16,16,16,,,,,7.122366847004741,,,,,,,,,,,,,,,,6.99968860601075,7.122366847004741,7.122366847004741,7.122366847004741,7.122366847004741,7.122366847004741,7.122366847004741,7.122366847004741,7.122366847004741,7.122366847004741,7.122366847004741,7.122366847004741,7.122366847004741,7.122366847004741,7.122366847004741,7.122366847004741,7.483196916989982,None,None,None,None,None,None,None,None,None,None,None,None,1,[0.3976846799487248],[0.39769321493804455],,,,,,,,,,,,,,,,720113,001,2024-07-16_21h45.49.424,SenstirEs_warningandinstructions,2024.1.4,None,2024-07-16 21h45.55.087103 +0200,
DEPLORAR,0,17,17,17,,,,,7.60566673707217,,,,,,,,,,,,,,,,7.4841019690502435,7.60566673707217,7.60566673707217,7.60566673707217,7.60566673707217,7.60566673707217,7.60566673707217,7.60566673707217,7.60566673707217,7.60566673707217,7.60566673707217,7.60566673707217,7.60566673707217,7.60566673707217,7.60566673707217,7.60566673707217,8.015893228002824,None,None,None,None,None,None,None,None,None,None,None,None,1,[0.44599810999352485],[0.44600637699477375],,,,,,,,,,,,,,,,720113,001,2024-07-16_21h45.49.424,SenstirEs_warningandinstructions,2024.1.4,None,2024-07-16 21h45.55.087103 +0200,
TORRINO ,0,18,18,18,,,,,8.138862879015505,,,,,,,,,,,,,,,,8.01680306403432,8.138862879015505,8.138862879015505,8.138862879015505,8.138862879015505,8.138862879015505,8.138862879015505,8.138862879015505,8.138862879015505,8.138862879015505,8.138862879015505,8.138862879015505,8.138862879015505,8.138862879015505,8.138862879015505,8.138862879015505,8.485758966999128,None,None,None,None,None,None,None,None,None,None,None,None,1,[0.38397163804620504],[0.383978134021163],,,,,,,,,,,,,,,,720113,001,2024-07-16_21h45.49.424,SenstirEs_warningandinstructions,2024.1.4,None,2024-07-16 21h45.55.087103 +0200,
,,,,,,,,,,,,,,,,,,,,,,,,,,,,,,,,,,,,,,,,,,,,,,,,,,,,,,,,,8.486558584030718,8.538569431053475,8.538569431053475,8.538569431053475,8.538569431053475,10.648574730032124,0,,,0,,,1,[2.1582644269801676],[2.158272126922384],720113,001,2024-07-16_21h45.49.424,SenstirEs_warningandinstructions,2024.1.4,None,2024-07-16 21h45.55.087103 +0200,
,,,,,,,,,10.774656594032422,,,,,,,,,,,,,,,,10.652176878065802,10.774656594032422,10.774656594032422,10.774656594032422,10.774656594032422,10.774656594032422,10.774656594032422,10.774656594032422,10.774656594032422,10.774656594032422,10.774656594032422,10.774656594032422,10.774656594032422,10.774656594032422,10.774656594032422,10.774656594032422,,,,,,,,,,,,,,,,,,,,,,,,,,,,,,,,,,,,,,,
