﻿Word,SentirEs_19.thisRepN,SentirEs_19.thisTrialN,SentirEs_19.thisN,SentirEs_19.thisIndex,SentirEs_45.thisRepN,SentirEs_45.thisTrialN,SentirEs_45.thisN,SentirEs_45.thisIndex,SentirEs_78.thisRepN,SentirEs_78.thisTrialN,SentirEs_78.thisN,SentirEs_78.thisIndex,thisRow.t,notes,warning_Eng.started,warning_SentirEs.started,next_warning.started,warning_Eng.stopped,next_warning.numClicks,next_warning.timesOn,next_warning.timesOff,SentirEs_intructions_Eng.started,intructions.started,next_instructions.started,SentirEs_intructions_Eng.stopped,next_instructions.numClicks,next_instructions.timesOn,next_instructions.timesOff,SentirEs_likert_Eng.started,text.started,stimuli.started,perceptual_audition.started,perceptual_gustatory.started,perceptual_haptic.started,perceptual_interocepticve.started,perceptual_olfaction.started,perceptual_visual.started,Audition.started,Gustatory.started,Haptic.started,Interoception.started,Olfaction.started,Vision.started,next.started,Dont_know.started,SentirEs_likert_Eng.stopped,Audition.response,Audition.rt,Gustatory.response,Gustatory.rt,Haptic.response,Haptic.rt,Interoception.response,Interoception.rt,Olfaction.response,Olfaction.rt,Vision.response,Vision.rt,next.numClicks,next.timesOn,next.timesOff,Dont_know.numClicks,Dont_know.timesOn,Dont_know.timesOff,SenstirEs_catch_Eng_1.started,catch_1.started,bear.started,bird.started,fish.started,SenstirEs_catch_Eng_1.stopped,bear.numClicks,bear.timesOn,bear.timesOff,bird.numClicks,bird.timesOn,bird.timesOff,fish.numClicks,fish.timesOn,fish.timesOff,SenstirEs_catch_Eng_2.started,catch_2.started,fifteen.started,one_hundred.started,seventy_two.started,SenstirEs_catch_Eng_2.stopped,fifteen.numClicks,fifteen.timesOn,fifteen.timesOff,one_hundred.numClicks,one_hundred.timesOn,one_hundred.timesOff,seventy_two.numClicks,seventy_two.timesOn,seventy_two.timesOff,participant,session,date,expName,psychopyVersion,frameRate,expStart,
,,,,,,,,,,,,,,,0.018573806999484077,0.06795138501911424,0.06795138501911424,1.9709996780147776,1,[1.9507432420214172],[1.950754573015729],,,,,,,,,,,,,,,,,,,,,,,,,,,,,,,,,,,,,,,,,,,,,,,,,,,,,,,,,,,,,,,,,,,,,,,,,,782212,001,2024-08-14_18h26.27.035,SenstirEs_warningandinstructions,2024.1.4,None,2024-08-14 18h26.37.061316 +0200,
,,,,,,,,,,,,,,,,,,,,,,1.9711382100067567,2.000920057995245,2.000920057995245,2.5045352290035225,1,[0.5314097520022187],[0.5314208519994281],,,,,,,,,,,,,,,,,,,,,,,,,,,,,,,,,,,,,,,,,,,,,,,,,,,,,,,,,,,,,,,,,,,782212,001,2024-08-14_18h26.27.035,SenstirEs_warningandinstructions,2024.1.4,None,2024-08-14 18h26.37.061316 +0200,
TOUCHING,0,0,0,0,,,,,,,,,2.7516684280126356,,,,,,,,,,,,,,,,2.5125088920176495,2.7516684280126356,2.7516684280126356,2.7516684280126356,2.7516684280126356,2.7516684280126356,2.7516684280126356,2.7516684280126356,2.7516684280126356,2.7516684280126356,2.7516684280126356,2.7516684280126356,2.7516684280126356,2.7516684280126356,2.7516684280126356,2.7516684280126356,2.7516684280126356,3.159269789000973,None,None,None,None,None,None,None,None,None,None,None,None,1,[0.5559650759969372],[0.5559752289846074],0,,,,,,,,,,,,,,,,,,,,,,,,,,,,,,,,,782212,001,2024-08-14_18h26.27.035,SenstirEs_warningandinstructions,2024.1.4,None,2024-08-14 18h26.37.061316 +0200,
JELL,0,1,1,1,,,,,,,,,3.2851040710229427,,,,,,,,,,,,,,,,3.16107341600582,3.2851040710229427,3.2851040710229427,3.2851040710229427,3.2851040710229427,3.2851040710229427,3.2851040710229427,3.2851040710229427,3.2851040710229427,3.2851040710229427,3.2851040710229427,3.2851040710229427,3.2851040710229427,3.2851040710229427,3.2851040710229427,3.2851040710229427,3.2851040710229427,3.376478082005633,None,None,None,None,None,None,None,None,None,None,None,None,1,[0.12720169499516487],[0.12721834500553086],0,,,,,,,,,,,,,,,,,,,,,,,,,,,,,,,,,782212,001,2024-08-14_18h26.27.035,SenstirEs_warningandinstructions,2024.1.4,None,2024-08-14 18h26.37.061316 +0200,
DAYTIME,0,2,2,2,,,,,,,,,3.5015385580190923,,,,,,,,,,,,,,,,3.3774847309978213,3.5015385580190923,3.5015385580190923,3.5015385580190923,3.5015385580190923,3.5015385580190923,3.5015385580190923,3.5015385580190923,3.5015385580190923,3.5015385580190923,3.5015385580190923,3.5015385580190923,3.5015385580190923,3.5015385580190923,3.5015385580190923,3.5015385580190923,3.5015385580190923,3.793409383011749,None,None,None,None,None,None,None,None,None,None,None,None,1,[0.3262586780183483],[0.3262681260239333],0,,,,,,,,,,,,,,,,,,,,,,,,,,,,,,,,,782212,001,2024-08-14_18h26.27.035,SenstirEs_warningandinstructions,2024.1.4,None,2024-08-14 18h26.37.061316 +0200,
IN SIGHT,0,3,3,3,,,,,,,,,3.9183214750082698,,,,,,,,,,,,,,,,3.794432983995648,3.9183214750082698,3.9183214750082698,3.9183214750082698,3.9183214750082698,3.9183214750082698,3.9183214750082698,3.9183214750082698,3.9183214750082698,3.9183214750082698,3.9183214750082698,3.9183214750082698,3.9183214750082698,3.9183214750082698,3.9183214750082698,3.9183214750082698,3.9183214750082698,4.009977494017221,None,None,None,None,None,None,None,None,None,None,None,None,1,[0.12716516401269473],[0.12717577000148594],0,,,,,,,,,,,,,,,,,,,,,,,,,,,,,,,,,782212,001,2024-08-14_18h26.27.035,SenstirEs_warningandinstructions,2024.1.4,None,2024-08-14 18h26.37.061316 +0200,
OVERRIDE,0,4,4,4,,,,,,,,,4.13493565202225,,,,,,,,,,,,,,,,4.010984938999172,4.13493565202225,4.13493565202225,4.13493565202225,4.13493565202225,4.13493565202225,4.13493565202225,4.13493565202225,4.13493565202225,4.13493565202225,4.13493565202225,4.13493565202225,4.13493565202225,4.13493565202225,4.13493565202225,4.13493565202225,4.13493565202225,4.293165962008061,None,None,None,None,None,None,None,None,None,None,None,None,1,[0.19327267599874176],[0.1932823680108413],0,,,,,,,,,,,,,,,,,,,,,,,,,,,,,,,,,782212,001,2024-08-14_18h26.27.035,SenstirEs_warningandinstructions,2024.1.4,None,2024-08-14 18h26.37.061316 +0200,
TOUCH,0,5,5,5,,,,,,,,,4.418262334016617,,,,,,,,,,,,,,,,4.294168559019454,4.418262334016617,4.418262334016617,4.418262334016617,4.418262334016617,4.418262334016617,4.418262334016617,4.418262334016617,4.418262334016617,4.418262334016617,4.418262334016617,4.418262334016617,4.418262334016617,4.418262334016617,4.418262334016617,4.418262334016617,4.418262334016617,4.509396567009389,None,None,None,None,None,None,None,None,None,None,None,None,1,[0.1287858510040678],[0.12879693799186498],0,,,,,,,,,,,,,,,,,,,,,,,,,,,,,,,,,782212,001,2024-08-14_18h26.27.035,SenstirEs_warningandinstructions,2024.1.4,None,2024-08-14 18h26.37.061316 +0200,
SOFTNESS,0,6,6,6,,,,,,,,,4.6349440310150385,,,,,,,,,,,,,,,,4.510531005013036,4.6349440310150385,4.6349440310150385,4.6349440310150385,4.6349440310150385,4.6349440310150385,4.6349440310150385,4.6349440310150385,4.6349440310150385,4.6349440310150385,4.6349440310150385,4.6349440310150385,4.6349440310150385,4.6349440310150385,4.6349440310150385,4.6349440310150385,4.6349440310150385,4.725696273002541,None,None,None,None,None,None,None,None,None,None,None,None,1,[0.12932846799958497],[0.12933772601536475],0,,,,,,,,,,,,,,,,,,,,,,,,,,,,,,,,,782212,001,2024-08-14_18h26.27.035,SenstirEs_warningandinstructions,2024.1.4,None,2024-08-14 18h26.37.061316 +0200,
INTUITIONALLY,0,7,7,7,,,,,,,,,4.851497559022391,,,,,,,,,,,,,,,,4.726739386009285,4.851497559022391,4.851497559022391,4.851497559022391,4.851497559022391,4.851497559022391,4.851497559022391,4.851497559022391,4.851497559022391,4.851497559022391,4.851497559022391,4.851497559022391,4.851497559022391,4.851497559022391,4.851497559022391,4.851497559022391,4.851497559022391,4.942340904002776,None,None,None,None,None,None,None,None,None,None,None,None,1,[0.1298675519938115],[0.12987692101160064],0,,,,,,,,,,,,,,,,,,,,,,,,,,,,,,,,,782212,001,2024-08-14_18h26.27.035,SenstirEs_warningandinstructions,2024.1.4,None,2024-08-14 18h26.37.061316 +0200,
THIGHBONE,0,8,8,8,,,,,,,,,5.068239926011302,,,,,,,,,,,,,,,,4.943342303013196,5.068239926011302,5.068239926011302,5.068239926011302,5.068239926011302,5.068239926011302,5.068239926011302,5.068239926011302,5.068239926011302,5.068239926011302,5.068239926011302,5.068239926011302,5.068239926011302,5.068239926011302,5.068239926011302,5.068239926011302,5.068239926011302,5.160233611008152,None,None,None,None,None,None,None,None,None,None,None,None,1,[0.12727692900807597],[0.12728829801199026],0,,,,,,,,,,,,,,,,,,,,,,,,,,,,,,,,,782212,001,2024-08-14_18h26.27.035,SenstirEs_warningandinstructions,2024.1.4,None,2024-08-14 18h26.37.061316 +0200,
PETTED,0,9,9,9,,,,,,,,,5.284873540018452,,,,,,,,,,,,,,,,5.161228550015949,5.284873540018452,5.284873540018452,5.284873540018452,5.284873540018452,5.284873540018452,5.284873540018452,5.284873540018452,5.284873540018452,5.284873540018452,5.284873540018452,5.284873540018452,5.284873540018452,5.284873540018452,5.284873540018452,5.284873540018452,5.284873540018452,5.309846899006516,None,None,None,None,None,None,None,None,None,None,None,None,1,[0.06239347500377335],[0.06240455000079237],0,,,,,,,,,,,,,,,,,,,,,,,,,,,,,,,,,782212,001,2024-08-14_18h26.27.035,SenstirEs_warningandinstructions,2024.1.4,None,2024-08-14 18h26.37.061316 +0200,
FONDLE,0,10,10,10,,,,,,,,,5.434872048004763,,,,,,,,,,,,,,,,5.311198656010674,5.434872048004763,5.434872048004763,5.434872048004763,5.434872048004763,5.434872048004763,5.434872048004763,5.434872048004763,5.434872048004763,5.434872048004763,5.434872048004763,5.434872048004763,5.434872048004763,5.434872048004763,5.434872048004763,5.434872048004763,5.434872048004763,5.524759735999396,None,None,None,None,None,None,None,None,None,None,None,None,1,[0.1284124389931094],[0.12842206499772146],0,,,,,,,,,,,,,,,,,,,,,,,,,,,,,,,,,782212,001,2024-08-14_18h26.27.035,SenstirEs_warningandinstructions,2024.1.4,None,2024-08-14 18h26.37.061316 +0200,
FURRINESS,0,11,11,11,,,,,,,,,5.651470865006559,,,,,,,,,,,,,,,,5.526084074022947,5.651470865006559,5.651470865006559,5.651470865006559,5.651470865006559,5.651470865006559,5.651470865006559,5.651470865006559,5.651470865006559,5.651470865006559,5.651470865006559,5.651470865006559,5.651470865006559,5.651470865006559,5.651470865006559,5.651470865006559,5.651470865006559,5.676257044018712,None,None,None,None,None,None,None,None,None,None,None,None,1,[0.06476100801955909],[0.06477091999840923],0,,,,,,,,,,,,,,,,,,,,,,,,,,,,,,,,,782212,001,2024-08-14_18h26.27.035,SenstirEs_warningandinstructions,2024.1.4,None,2024-08-14 18h26.37.061316 +0200,
INDESTRUCTIBILITY,0,12,12,12,,,,,,,,,5.80168083999888,,,,,,,,,,,,,,,,5.6772835699957795,5.80168083999888,5.80168083999888,5.80168083999888,5.80168083999888,5.80168083999888,5.80168083999888,5.80168083999888,5.80168083999888,5.80168083999888,5.80168083999888,5.80168083999888,5.80168083999888,5.80168083999888,5.80168083999888,5.80168083999888,5.80168083999888,5.893188244022895,None,None,None,None,None,None,None,None,None,None,None,None,1,[0.12812604301143438],[0.12813630301388912],0,,,,,,,,,,,,,,,,,,,,,,,,,,,,,,,,,782212,001,2024-08-14_18h26.27.035,SenstirEs_warningandinstructions,2024.1.4,None,2024-08-14 18h26.37.061316 +0200,
PUTTYLIKE,0,13,13,13,,,,,,,,,6.018346288008615,,,,,,,,,,,,,,,,5.894186842022464,6.018346288008615,6.018346288008615,6.018346288008615,6.018346288008615,6.018346288008615,6.018346288008615,6.018346288008615,6.018346288008615,6.018346288008615,6.018346288008615,6.018346288008615,6.018346288008615,6.018346288008615,6.018346288008615,6.018346288008615,6.018346288008615,6.043161392008187,None,None,None,None,None,None,None,None,None,None,None,None,1,[0.0611640409915708],[0.0611738589941524],0,,,,,,,,,,,,,,,,,,,,,,,,,,,,,,,,,782212,001,2024-08-14_18h26.27.035,SenstirEs_warningandinstructions,2024.1.4,None,2024-08-14 18h26.37.061316 +0200,
HOWL,0,14,14,14,,,,,,,,,6.168182114022784,,,,,,,,,,,,,,,,6.044271913007833,6.168182114022784,6.168182114022784,6.168182114022784,6.168182114022784,6.168182114022784,6.168182114022784,6.168182114022784,6.168182114022784,6.168182114022784,6.168182114022784,6.168182114022784,6.168182114022784,6.168182114022784,6.168182114022784,6.168182114022784,6.168182114022784,6.260528679005802,None,None,None,None,None,None,None,None,None,None,None,None,1,[0.12818154899287038],[0.12819152598967776],0,,,,,,,,,,,,,,,,,,,,,,,,,,,,,,,,,782212,001,2024-08-14_18h26.27.035,SenstirEs_warningandinstructions,2024.1.4,None,2024-08-14 18h26.37.061316 +0200,
TOUCHINGLY,0,15,15,15,,,,,,,,,6.384973966021789,,,,,,,,,,,,,,,,6.2615289259993006,6.384973966021789,6.384973966021789,6.384973966021789,6.384973966021789,6.384973966021789,6.384973966021789,6.384973966021789,6.384973966021789,6.384973966021789,6.384973966021789,6.384973966021789,6.384973966021789,6.384973966021789,6.384973966021789,6.384973966021789,6.384973966021789,6.409978414012585,None,None,None,None,None,None,None,None,None,None,None,None,1,[0.06172070201137103],[0.061730374000035226],0,,,,,,,,,,,,,,,,,,,,,,,,,,,,,,,,,782212,001,2024-08-14_18h26.27.035,SenstirEs_warningandinstructions,2024.1.4,None,2024-08-14 18h26.37.061316 +0200,
FACE,0,16,16,16,,,,,,,,,6.534893222007668,,,,,,,,,,,,,,,,6.410998595005367,6.534893222007668,6.534893222007668,6.534893222007668,6.534893222007668,6.534893222007668,6.534893222007668,6.534893222007668,6.534893222007668,6.534893222007668,6.534893222007668,6.534893222007668,6.534893222007668,6.534893222007668,6.534893222007668,6.534893222007668,6.534893222007668,6.6268288520222995,None,None,None,None,None,None,None,None,None,None,None,None,1,[0.12822893500560895],[0.1282383609795943],0,,,,,,,,,,,,,,,,,,,,,,,,,,,,,,,,,782212,001,2024-08-14_18h26.27.035,SenstirEs_warningandinstructions,2024.1.4,None,2024-08-14 18h26.37.061316 +0200,
DEPLORED,0,17,17,17,,,,,,,,,6.751637592999032,,,,,,,,,,,,,,,,6.627849587996025,6.751637592999032,6.751637592999032,6.751637592999032,6.751637592999032,6.751637592999032,6.751637592999032,6.751637592999032,6.751637592999032,6.751637592999032,6.751637592999032,6.751637592999032,6.751637592999032,6.751637592999032,6.751637592999032,6.751637592999032,6.751637592999032,6.777535291999811,None,None,None,None,None,None,None,None,None,None,None,None,1,[0.06247661798261106],[0.06248606398003176],0,,,,,,,,,,,,,,,,,,,,,,,,,,,,,,,,,782212,001,2024-08-14_18h26.27.035,SenstirEs_warningandinstructions,2024.1.4,None,2024-08-14 18h26.37.061316 +0200,
KNOB,0,18,18,18,,,,,,,,,6.901505565998377,,,,,,,,,,,,,,,,6.778537683014292,6.901505565998377,6.901505565998377,6.901505565998377,6.901505565998377,6.901505565998377,6.901505565998377,6.901505565998377,6.901505565998377,6.901505565998377,6.901505565998377,6.901505565998377,6.901505565998377,6.901505565998377,6.901505565998377,6.901505565998377,6.901505565998377,6.9273097540135495,None,None,None,None,None,None,None,None,None,None,None,None,1,[0.06210634799208492],[0.062118544010445476],0,,,,,,,,,,,,,,,,,,,,,,,,,,,,,,,,,782212,001,2024-08-14_18h26.27.035,SenstirEs_warningandinstructions,2024.1.4,None,2024-08-14 18h26.37.061316 +0200,
,,,,,,,,,,,,,,,,,,,,,,,,,,,,,,,,,,,,,,,,,,,,,,,,,,,,,,,,,,,,,,,,,6.9282394040201325,6.985233187995618,6.985233187995618,6.985233187995618,6.985233187995618,7.954753391008126,0,,,0,,,1,[1.0219696759886574],[1.0219818159821443],,,,,,,,,,,,,,,,782212,001,2024-08-14_18h26.27.035,SenstirEs_warningandinstructions,2024.1.4,None,2024-08-14 18h26.37.061316 +0200,
FLUNG,,,,,0,0,0,0,,,,,8.08486048001214,,,,,,,,,,,,,,,,7.961534705013037,8.08486048001214,8.08486048001214,8.08486048001214,8.08486048001214,8.08486048001214,8.08486048001214,8.08486048001214,8.08486048001214,8.08486048001214,8.08486048001214,8.08486048001214,8.08486048001214,8.08486048001214,8.08486048001214,8.08486048001214,8.08486048001214,8.976661918015452,None,None,None,None,None,None,None,None,None,None,None,None,1,[0.9285715260193683],[0.9285821500234306],0,,,,,,,,,,,,,,,,,,,,,,,,,,,,,,,,,782212,001,2024-08-14_18h26.27.035,SenstirEs_warningandinstructions,2024.1.4,None,2024-08-14 18h26.37.061316 +0200,
PARAPSYCHOLOGY,,,,,0,1,1,1,,,,,9.101407645008294,,,,,,,,,,,,,,,,8.978591958002653,9.101407645008294,9.101407645008294,9.101407645008294,9.101407645008294,9.101407645008294,9.101407645008294,9.101407645008294,9.101407645008294,9.101407645008294,9.101407645008294,9.101407645008294,9.101407645008294,9.101407645008294,9.101407645008294,9.101407645008294,9.101407645008294,9.194697755010566,None,None,None,None,None,None,None,None,None,None,None,None,1,[0.12959321797825396],[0.12960263798595406],0,,,,,,,,,,,,,,,,,,,,,,,,,,,,,,,,,782212,001,2024-08-14_18h26.27.035,SenstirEs_warningandinstructions,2024.1.4,None,2024-08-14 18h26.37.061316 +0200,
DEXTEROUS,,,,,0,2,2,2,,,,,9.318886470020516,,,,,,,,,,,,,,,,9.195733210013714,9.318886470020516,9.318886470020516,9.318886470020516,9.318886470020516,9.318886470020516,9.318886470020516,9.318886470020516,9.318886470020516,9.318886470020516,9.318886470020516,9.318886470020516,9.318886470020516,9.318886470020516,9.318886470020516,9.318886470020516,9.318886470020516,9.3431619030016,None,None,None,None,None,None,None,None,None,None,None,None,1,[0.05880861298646778],[0.05881830197176896],0,,,,,,,,,,,,,,,,,,,,,,,,,,,,,,,,,782212,001,2024-08-14_18h26.27.035,SenstirEs_warningandinstructions,2024.1.4,None,2024-08-14 18h26.37.061316 +0200,
PESSIMISTIC,,,,,0,3,3,3,,,,,9.468339595012367,,,,,,,,,,,,,,,,9.3441880060127,9.468339595012367,9.468339595012367,9.468339595012367,9.468339595012367,9.468339595012367,9.468339595012367,9.468339595012367,9.468339595012367,9.468339595012367,9.468339595012367,9.468339595012367,9.468339595012367,9.468339595012367,9.468339595012367,9.468339595012367,9.468339595012367,9.62607264201506,None,None,None,None,None,None,None,None,None,None,None,None,1,[0.193883100990206],[0.19389339099870995],0,,,,,,,,,,,,,,,,,,,,,,,,,,,,,,,,,782212,001,2024-08-14_18h26.27.035,SenstirEs_warningandinstructions,2024.1.4,None,2024-08-14 18h26.37.061316 +0200,
KNOCKER,,,,,0,4,4,4,,,,,9.751620748022106,,,,,,,,,,,,,,,,9.627066612010822,9.751620748022106,9.751620748022106,9.751620748022106,9.751620748022106,9.751620748022106,9.751620748022106,9.751620748022106,9.751620748022106,9.751620748022106,9.751620748022106,9.751620748022106,9.751620748022106,9.751620748022106,9.751620748022106,9.751620748022106,9.751620748022106,9.843338588019833,None,None,None,None,None,None,None,None,None,None,None,None,1,[0.12864705800893717],[0.12865917800809257],0,,,,,,,,,,,,,,,,,,,,,,,,,,,,,,,,,782212,001,2024-08-14_18h26.27.035,SenstirEs_warningandinstructions,2024.1.4,None,2024-08-14 18h26.37.061316 +0200,
BLACKHEART,,,,,0,5,5,5,,,,,9.968089693022193,,,,,,,,,,,,,,,,9.84464300001855,9.968089693022193,9.968089693022193,9.968089693022193,9.968089693022193,9.968089693022193,9.968089693022193,9.968089693022193,9.968089693022193,9.968089693022193,9.968089693022193,9.968089693022193,9.968089693022193,9.968089693022193,9.968089693022193,9.968089693022193,9.968089693022193,9.993891746998997,None,None,None,None,None,None,None,None,None,None,None,None,1,[0.061909223994007334],[0.061919725994812325],0,,,,,,,,,,,,,,,,,,,,,,,,,,,,,,,,,782212,001,2024-08-14_18h26.27.035,SenstirEs_warningandinstructions,2024.1.4,None,2024-08-14 18h26.37.061316 +0200,
SKIES,,,,,0,6,6,6,,,,,10.121095037000487,,,,,,,,,,,,,,,,9.994919901015237,10.121095037000487,10.121095037000487,10.121095037000487,10.121095037000487,10.121095037000487,10.121095037000487,10.121095037000487,10.121095037000487,10.121095037000487,10.121095037000487,10.121095037000487,10.121095037000487,10.121095037000487,10.121095037000487,10.121095037000487,10.121095037000487,10.209736726013944,None,None,None,None,None,None,None,None,None,None,None,None,1,[0.12614552801824175],[0.1261557000107132],0,,,,,,,,,,,,,,,,,,,,,,,,,,,,,,,,,782212,001,2024-08-14_18h26.27.035,SenstirEs_warningandinstructions,2024.1.4,None,2024-08-14 18h26.37.061316 +0200,
VIEW,,,,,0,7,7,7,,,,,10.334772932023043,,,,,,,,,,,,,,,,10.210730310005601,10.334772932023043,10.334772932023043,10.334772932023043,10.334772932023043,10.334772932023043,10.334772932023043,10.334772932023043,10.334772932023043,10.334772932023043,10.334772932023043,10.334772932023043,10.334772932023043,10.334772932023043,10.334772932023043,10.334772932023043,10.334772932023043,10.365925817022799,None,None,None,None,None,None,None,None,None,None,None,None,1,[0.0639176859986037],[0.06392699098796584],0,,,,,,,,,,,,,,,,,,,,,,,,,,,,,,,,,782212,001,2024-08-14_18h26.27.035,SenstirEs_warningandinstructions,2024.1.4,None,2024-08-14 18h26.37.061316 +0200,
JEOPARDY,,,,,0,8,8,8,,,,,10.488440528017236,,,,,,,,,,,,,,,,10.366924204019597,10.488440528017236,10.488440528017236,10.488440528017236,10.488440528017236,10.488440528017236,10.488440528017236,10.488440528017236,10.488440528017236,10.488440528017236,10.488440528017236,10.488440528017236,10.488440528017236,10.488440528017236,10.488440528017236,10.488440528017236,10.488440528017236,10.577444153022952,None,None,None,None,None,None,None,None,None,None,None,None,1,[0.12276726300478913],[0.12277888500830159],0,,,,,,,,,,,,,,,,,,,,,,,,,,,,,,,,,782212,001,2024-08-14_18h26.27.035,SenstirEs_warningandinstructions,2024.1.4,None,2024-08-14 18h26.37.061316 +0200,
GRIP,,,,,0,9,9,9,,,,,10.701519326015841,,,,,,,,,,,,,,,,10.578435700008413,10.701519326015841,10.701519326015841,10.701519326015841,10.701519326015841,10.701519326015841,10.701519326015841,10.701519326015841,10.701519326015841,10.701519326015841,10.701519326015841,10.701519326015841,10.701519326015841,10.701519326015841,10.701519326015841,10.701519326015841,10.701519326015841,10.794291794998571,None,None,None,None,None,None,None,None,None,None,None,None,1,[0.12863716098945588],[0.12864663900109008],0,,,,,,,,,,,,,,,,,,,,,,,,,,,,,,,,,782212,001,2024-08-14_18h26.27.035,SenstirEs_warningandinstructions,2024.1.4,None,2024-08-14 18h26.37.061316 +0200,
INCOMMUNICATIVENESS,,,,,0,10,10,10,,,,,10.919818277005106,,,,,,,,,,,,,,,,10.795287222019397,10.919818277005106,10.919818277005106,10.919818277005106,10.919818277005106,10.919818277005106,10.919818277005106,10.919818277005106,10.919818277005106,10.919818277005106,10.919818277005106,10.919818277005106,10.919818277005106,10.919818277005106,10.919818277005106,10.919818277005106,10.919818277005106,10.94435410402366,None,None,None,None,None,None,None,None,None,None,None,None,1,[0.06407417100854218],[0.06408402501256205],0,,,,,,,,,,,,,,,,,,,,,,,,,,,,,,,,,782212,001,2024-08-14_18h26.27.035,SenstirEs_warningandinstructions,2024.1.4,None,2024-08-14 18h26.37.061316 +0200,
YOUTUBE,,,,,0,11,11,11,,,,,11.068268085015006,,,,,,,,,,,,,,,,10.945350974012399,11.068268085015006,11.068268085015006,11.068268085015006,11.068268085015006,11.068268085015006,11.068268085015006,11.068268085015006,11.068268085015006,11.068268085015006,11.068268085015006,11.068268085015006,11.068268085015006,11.068268085015006,11.068268085015006,11.068268085015006,11.068268085015006,11.160686678020284,None,None,None,None,None,None,None,None,None,None,None,None,1,[0.12816094502341002],[0.12817275401903316],0,,,,,,,,,,,,,,,,,,,,,,,,,,,,,,,,,782212,001,2024-08-14_18h26.27.035,SenstirEs_warningandinstructions,2024.1.4,None,2024-08-14 18h26.37.061316 +0200,
UNLOOSE,,,,,0,12,12,12,,,,,11.284904669999378,,,,,,,,,,,,,,,,11.161675945011666,11.284904669999378,11.284904669999378,11.284904669999378,11.284904669999378,11.284904669999378,11.284904669999378,11.284904669999378,11.284904669999378,11.284904669999378,11.284904669999378,11.284904669999378,11.284904669999378,11.284904669999378,11.284904669999378,11.284904669999378,11.284904669999378,11.442755908996332,None,None,None,None,None,None,None,None,None,None,None,None,1,[0.1951037829858251],[0.19511635700473562],0,,,,,,,,,,,,,,,,,,,,,,,,,,,,,,,,,782212,001,2024-08-14_18h26.27.035,SenstirEs_warningandinstructions,2024.1.4,None,2024-08-14 18h26.37.061316 +0200,
JAB,,,,,0,13,13,13,,,,,11.568470653000986,,,,,,,,,,,,,,,,11.44374802801758,11.568470653000986,11.568470653000986,11.568470653000986,11.568470653000986,11.568470653000986,11.568470653000986,11.568470653000986,11.568470653000986,11.568470653000986,11.568470653000986,11.568470653000986,11.568470653000986,11.568470653000986,11.568470653000986,11.568470653000986,11.568470653000986,11.726416279008845,None,None,None,None,None,None,None,None,None,None,None,None,1,[0.19679475601878949],[0.19680978602264076],0,,,,,,,,,,,,,,,,,,,,,,,,,,,,,,,,,782212,001,2024-08-14_18h26.27.035,SenstirEs_warningandinstructions,2024.1.4,None,2024-08-14 18h26.37.061316 +0200,
COULD,,,,,0,14,14,14,,,,,11.851433764997637,,,,,,,,,,,,,,,,11.72778139699949,11.851433764997637,11.851433764997637,11.851433764997637,11.851433764997637,11.851433764997637,11.851433764997637,11.851433764997637,11.851433764997637,11.851433764997637,11.851433764997637,11.851433764997637,11.851433764997637,11.851433764997637,11.851433764997637,11.851433764997637,11.851433764997637,11.942578736023279,None,None,None,None,None,None,None,None,None,None,None,None,1,[0.128559762990335],[0.12857020000228658],0,,,,,,,,,,,,,,,,,,,,,,,,,,,,,,,,,782212,001,2024-08-14_18h26.27.035,SenstirEs_warningandinstructions,2024.1.4,None,2024-08-14 18h26.37.061316 +0200,
TV,,,,,0,15,15,15,,,,,12.068153230997268,,,,,,,,,,,,,,,,11.943590481008869,12.068153230997268,12.068153230997268,12.068153230997268,12.068153230997268,12.068153230997268,12.068153230997268,12.068153230997268,12.068153230997268,12.068153230997268,12.068153230997268,12.068153230997268,12.068153230997268,12.068153230997268,12.068153230997268,12.068153230997268,12.068153230997268,12.226674434001325,None,None,None,None,None,None,None,None,None,None,None,None,1,[0.19676853099372238],[0.1967784099979326],0,,,,,,,,,,,,,,,,,,,,,,,,,,,,,,,,,782212,001,2024-08-14_18h26.27.035,SenstirEs_warningandinstructions,2024.1.4,None,2024-08-14 18h26.37.061316 +0200,
VISIBLE,,,,,0,16,16,16,,,,,12.351643244997831,,,,,,,,,,,,,,,,12.227756551001221,12.351643244997831,12.351643244997831,12.351643244997831,12.351643244997831,12.351643244997831,12.351643244997831,12.351643244997831,12.351643244997831,12.351643244997831,12.351643244997831,12.351643244997831,12.351643244997831,12.351643244997831,12.351643244997831,12.351643244997831,12.351643244997831,12.442874294996727,None,None,None,None,None,None,None,None,None,None,None,None,1,[0.12736697698710486],[0.12737700398429297],0,,,,,,,,,,,,,,,,,,,,,,,,,,,,,,,,,782212,001,2024-08-14_18h26.27.035,SenstirEs_warningandinstructions,2024.1.4,None,2024-08-14 18h26.37.061316 +0200,
NONFOOD,,,,,0,17,17,17,,,,,12.570991909014992,,,,,,,,,,,,,,,,12.443863952998072,12.570991909014992,12.570991909014992,12.570991909014992,12.570991909014992,12.570991909014992,12.570991909014992,12.570991909014992,12.570991909014992,12.570991909014992,12.570991909014992,12.570991909014992,12.570991909014992,12.570991909014992,12.570991909014992,12.570991909014992,12.570991909014992,12.727121689997148,None,None,None,None,None,None,None,None,None,None,None,None,1,[0.19087208100245334],[0.19088739101425745],0,,,,,,,,,,,,,,,,,,,,,,,,,,,,,,,,,782212,001,2024-08-14_18h26.27.035,SenstirEs_warningandinstructions,2024.1.4,None,2024-08-14 18h26.37.061316 +0200,
ALLERGIC,,,,,0,18,18,18,,,,,12.852886222011875,,,,,,,,,,,,,,,,12.728522759018233,12.852886222011875,12.852886222011875,12.852886222011875,12.852886222011875,12.852886222011875,12.852886222011875,12.852886222011875,12.852886222011875,12.852886222011875,12.852886222011875,12.852886222011875,12.852886222011875,12.852886222011875,12.852886222011875,12.852886222011875,12.852886222011875,12.943411642016144,None,None,None,None,None,None,None,None,None,None,None,None,1,[0.12948581398813985],[0.12949894298799336],0,,,,,,,,,,,,,,,,,,,,,,,,,,,,,,,,,782212,001,2024-08-14_18h26.27.035,SenstirEs_warningandinstructions,2024.1.4,None,2024-08-14 18h26.37.061316 +0200,
PRETTY,,,,,0,19,19,19,,,,,13.068175121006789,,,,,,,,,,,,,,,,12.944439778017113,13.068175121006789,13.068175121006789,13.068175121006789,13.068175121006789,13.068175121006789,13.068175121006789,13.068175121006789,13.068175121006789,13.068175121006789,13.068175121006789,13.068175121006789,13.068175121006789,13.068175121006789,13.068175121006789,13.068175121006789,13.068175121006789,13.161019330000272,None,None,None,None,None,None,None,None,None,None,None,None,1,[0.1288706019986421],[0.12888043498969637],0,,,,,,,,,,,,,,,,,,,,,,,,,,,,,,,,,782212,001,2024-08-14_18h26.27.035,SenstirEs_warningandinstructions,2024.1.4,None,2024-08-14 18h26.37.061316 +0200,
SILKY,,,,,0,20,20,20,,,,,13.284733245003736,,,,,,,,,,,,,,,,13.162012411019532,13.284733245003736,13.284733245003736,13.284733245003736,13.284733245003736,13.284733245003736,13.284733245003736,13.284733245003736,13.284733245003736,13.284733245003736,13.284733245003736,13.284733245003736,13.284733245003736,13.284733245003736,13.284733245003736,13.284733245003736,13.284733245003736,13.376834833004978,None,None,None,None,None,None,None,None,None,None,None,None,1,[0.12955614298698492],[0.12956746699637733],0,,,,,,,,,,,,,,,,,,,,,,,,,,,,,,,,,782212,001,2024-08-14_18h26.27.035,SenstirEs_warningandinstructions,2024.1.4,None,2024-08-14 18h26.37.061316 +0200,
SIGHT,,,,,0,21,21,21,,,,,13.501314559020102,,,,,,,,,,,,,,,,13.377832427999238,13.501314559020102,13.501314559020102,13.501314559020102,13.501314559020102,13.501314559020102,13.501314559020102,13.501314559020102,13.501314559020102,13.501314559020102,13.501314559020102,13.501314559020102,13.501314559020102,13.501314559020102,13.501314559020102,13.501314559020102,13.501314559020102,13.66019590801443,None,None,None,None,None,None,None,None,None,None,None,None,1,[0.19524900600663386],[0.19525949598755687],0,,,,,,,,,,,,,,,,,,,,,,,,,,,,,,,,,782212,001,2024-08-14_18h26.27.035,SenstirEs_warningandinstructions,2024.1.4,None,2024-08-14 18h26.37.061316 +0200,
TAG,,,,,0,22,22,22,,,,,13.784825745999115,,,,,,,,,,,,,,,,13.661466237012064,13.784825745999115,13.784825745999115,13.784825745999115,13.784825745999115,13.784825745999115,13.784825745999115,13.784825745999115,13.784825745999115,13.784825745999115,13.784825745999115,13.784825745999115,13.784825745999115,13.784825745999115,13.784825745999115,13.784825745999115,13.784825745999115,13.875726475002011,None,None,None,None,None,None,None,None,None,None,None,None,1,[0.12787838600343093],[0.12788794102380052],0,,,,,,,,,,,,,,,,,,,,,,,,,,,,,,,,,782212,001,2024-08-14_18h26.27.035,SenstirEs_warningandinstructions,2024.1.4,None,2024-08-14 18h26.37.061316 +0200,
CURL UP,,,,,0,23,23,23,,,,,14.001593613007572,,,,,,,,,,,,,,,,13.87676740300958,14.001593613007572,14.001593613007572,14.001593613007572,14.001593613007572,14.001593613007572,14.001593613007572,14.001593613007572,14.001593613007572,14.001593613007572,14.001593613007572,14.001593613007572,14.001593613007572,14.001593613007572,14.001593613007572,14.001593613007572,14.001593613007572,14.159011349023785,None,None,None,None,None,None,None,None,None,None,None,None,1,[0.1954715280153323],[0.1954810900206212],0,,,,,,,,,,,,,,,,,,,,,,,,,,,,,,,,,782212,001,2024-08-14_18h26.27.035,SenstirEs_warningandinstructions,2024.1.4,None,2024-08-14 18h26.37.061316 +0200,
SPINAL,,,,,0,24,24,24,,,,,14.284780112997396,,,,,,,,,,,,,,,,14.159997050010134,14.284780112997396,14.284780112997396,14.284780112997396,14.284780112997396,14.284780112997396,14.284780112997396,14.284780112997396,14.284780112997396,14.284780112997396,14.284780112997396,14.284780112997396,14.284780112997396,14.284780112997396,14.284780112997396,14.284780112997396,14.284780112997396,14.50951490100124,None,None,None,None,None,None,None,None,None,None,None,None,1,[0.2637950149946846],[0.26380502397660166],0,,,,,,,,,,,,,,,,,,,,,,,,,,,,,,,,,782212,001,2024-08-14_18h26.27.035,SenstirEs_warningandinstructions,2024.1.4,None,2024-08-14 18h26.37.061316 +0200,
,,,,,,,,,,,,,,,,,,,,,,,,,,,,,,,,,,,,,,,,,,,,,,,,,,,,,,,,,,,,,,,,,,,,,,,,,,,,,,,,14.510764250007924,14.558325193997007,14.558325193997007,14.558325193997007,14.558325193997007,15.453791856009047,0,,,1,[0.9387029710051138],[0.9387128950038459],0,,,782212,001,2024-08-14_18h26.27.035,SenstirEs_warningandinstructions,2024.1.4,None,2024-08-14 18h26.37.061316 +0200,
VISTA LATERAL,,,,,,,,,0,0,0,0,15.584673264995217,,,,,,,,,,,,,,,,15.460458664019825,15.584673264995217,15.584673264995217,15.584673264995217,15.584673264995217,15.584673264995217,15.584673264995217,15.584673264995217,15.584673264995217,15.584673264995217,15.584673264995217,15.584673264995217,15.584673264995217,15.584673264995217,15.584673264995217,15.584673264995217,15.584673264995217,16.609103057009634,None,None,None,None,None,None,None,None,None,None,None,None,1,[1.0599108140158933],[1.059920627012616],0,,,,,,,,,,,,,,,,,,,,,,,,,,,,,,,,,782212,001,2024-08-14_18h26.27.035,SenstirEs_warningandinstructions,2024.1.4,None,2024-08-14 18h26.37.061316 +0200,
LISO,,,,,,,,,0,1,1,1,16.735268890013685,,,,,,,,,,,,,,,,16.610915236000437,16.735268890013685,16.735268890013685,16.735268890013685,16.735268890013685,16.735268890013685,16.735268890013685,16.735268890013685,16.735268890013685,16.735268890013685,16.735268890013685,16.735268890013685,16.735268890013685,16.735268890013685,16.735268890013685,16.735268890013685,16.735268890013685,17.02629274802166,None,None,None,None,None,None,None,None,None,None,None,None,1,[0.329138556990074],[0.32914863200858235],0,,,,,,,,,,,,,,,,,,,,,,,,,,,,,,,,,782212,001,2024-08-14_18h26.27.035,SenstirEs_warningandinstructions,2024.1.4,None,2024-08-14 18h26.37.061316 +0200,
DOLOROSO,,,,,,,,,0,2,2,2,17.152501788019435,,,,,,,,,,,,,,,,17.027276781009277,17.152501788019435,17.152501788019435,17.152501788019435,17.152501788019435,17.152501788019435,17.152501788019435,17.152501788019435,17.152501788019435,17.152501788019435,17.152501788019435,17.152501788019435,17.152501788019435,17.152501788019435,17.152501788019435,17.152501788019435,17.152501788019435,17.17798104402027,None,None,None,None,None,None,None,None,None,None,None,None,1,[0.06383859101333655],[0.0638490279961843],0,,,,,,,,,,,,,,,,,,,,,,,,,,,,,,,,,782212,001,2024-08-14_18h26.27.035,SenstirEs_warningandinstructions,2024.1.4,None,2024-08-14 18h26.37.061316 +0200,
WIKIPEDIA,,,,,,,,,0,3,3,3,17.301088839012664,,,,,,,,,,,,,,,,17.17903004901018,17.301088839012664,17.301088839012664,17.301088839012664,17.301088839012664,17.301088839012664,17.301088839012664,17.301088839012664,17.301088839012664,17.301088839012664,17.301088839012664,17.301088839012664,17.301088839012664,17.301088839012664,17.301088839012664,17.301088839012664,17.301088839012664,17.392304453998804,None,None,None,None,None,None,None,None,None,None,None,None,1,[0.127045020024525],[0.12705466200714],0,,,,,,,,,,,,,,,,,,,,,,,,,,,,,,,,,782212,001,2024-08-14_18h26.27.035,SenstirEs_warningandinstructions,2024.1.4,None,2024-08-14 18h26.37.061316 +0200,
TOMILLO,,,,,,,,,0,4,4,4,17.517883341002744,,,,,,,,,,,,,,,,17.393403827998554,17.517883341002744,17.517883341002744,17.517883341002744,17.517883341002744,17.517883341002744,17.517883341002744,17.517883341002744,17.517883341002744,17.517883341002744,17.517883341002744,17.517883341002744,17.517883341002744,17.517883341002744,17.517883341002744,17.517883341002744,17.517883341002744,17.542606333998265,None,None,None,None,None,None,None,None,None,None,None,None,1,[0.06354342398117296],[0.06355311098741367],0,,,,,,,,,,,,,,,,,,,,,,,,,,,,,,,,,782212,001,2024-08-14_18h26.27.035,SenstirEs_warningandinstructions,2024.1.4,None,2024-08-14 18h26.37.061316 +0200,
CONSIGUIENTE ,,,,,,,,,0,5,5,5,17.66793551601586,,,,,,,,,,,,,,,,17.543592355999863,17.66793551601586,17.66793551601586,17.66793551601586,17.66793551601586,17.66793551601586,17.66793551601586,17.66793551601586,17.66793551601586,17.66793551601586,17.66793551601586,17.66793551601586,17.66793551601586,17.66793551601586,17.66793551601586,17.66793551601586,17.66793551601586,17.69309962601983,None,None,None,None,None,None,None,None,None,None,None,None,1,[0.061681069986661896],[0.061691117007285357],0,,,,,,,,,,,,,,,,,,,,,,,,,,,,,,,,,782212,001,2024-08-14_18h26.27.035,SenstirEs_warningandinstructions,2024.1.4,None,2024-08-14 18h26.37.061316 +0200,
EXCRETOR,,,,,,,,,0,6,6,6,17.818381231016247,,,,,,,,,,,,,,,,17.694101240020245,17.818381231016247,17.818381231016247,17.818381231016247,17.818381231016247,17.818381231016247,17.818381231016247,17.818381231016247,17.818381231016247,17.818381231016247,17.818381231016247,17.818381231016247,17.818381231016247,17.818381231016247,17.818381231016247,17.818381231016247,17.818381231016247,17.844616211019456,None,None,None,None,None,None,None,None,None,None,None,None,1,[0.06270237799617462],[0.06271204398944974],0,,,,,,,,,,,,,,,,,,,,,,,,,,,,,,,,,782212,001,2024-08-14_18h26.27.035,SenstirEs_warningandinstructions,2024.1.4,None,2024-08-14 18h26.37.061316 +0200,
MASAJE,,,,,,,,,0,7,7,7,17.96821039399947,,,,,,,,,,,,,,,,17.845598075015005,17.96821039399947,17.96821039399947,17.96821039399947,17.96821039399947,17.96821039399947,17.96821039399947,17.96821039399947,17.96821039399947,17.96821039399947,17.96821039399947,17.96821039399947,17.96821039399947,17.96821039399947,17.96821039399947,17.96821039399947,17.96821039399947,17.993152064009337,None,None,None,None,None,None,None,None,None,None,None,None,1,[0.06181030298466794],[0.06182092198287137],0,,,,,,,,,,,,,,,,,,,,,,,,,,,,,,,,,782212,001,2024-08-14_18h26.27.035,SenstirEs_warningandinstructions,2024.1.4,None,2024-08-14 18h26.37.061316 +0200,
ABRIGARSE,,,,,,,,,0,8,8,8,18.117954657005612,,,,,,,,,,,,,,,,17.994133080006577,18.117954657005612,18.117954657005612,18.117954657005612,18.117954657005612,18.117954657005612,18.117954657005612,18.117954657005612,18.117954657005612,18.117954657005612,18.117954657005612,18.117954657005612,18.117954657005612,18.117954657005612,18.117954657005612,18.117954657005612,18.117954657005612,18.209023722010897,None,None,None,None,None,None,None,None,None,None,None,None,1,[0.12853471099515446],[0.1285525349958334],0,,,,,,,,,,,,,,,,,,,,,,,,,,,,,,,,,782212,001,2024-08-14_18h26.27.035,SenstirEs_warningandinstructions,2024.1.4,None,2024-08-14 18h26.37.061316 +0200,
COXIS,,,,,,,,,0,9,9,9,18.33478358501452,,,,,,,,,,,,,,,,18.210288666014094,18.33478358501452,18.33478358501452,18.33478358501452,18.33478358501452,18.33478358501452,18.33478358501452,18.33478358501452,18.33478358501452,18.33478358501452,18.33478358501452,18.33478358501452,18.33478358501452,18.33478358501452,18.33478358501452,18.33478358501452,18.33478358501452,18.3593714919989,None,None,None,None,None,None,None,None,None,None,None,None,1,[0.06234022998251021],[0.06235102898790501],0,,,,,,,,,,,,,,,,,,,,,,,,,,,,,,,,,782212,001,2024-08-14_18h26.27.035,SenstirEs_warningandinstructions,2024.1.4,None,2024-08-14 18h26.37.061316 +0200,
FROTAR,,,,,,,,,0,10,10,10,18.48463429301046,,,,,,,,,,,,,,,,18.360360635007964,18.48463429301046,18.48463429301046,18.48463429301046,18.48463429301046,18.48463429301046,18.48463429301046,18.48463429301046,18.48463429301046,18.48463429301046,18.48463429301046,18.48463429301046,18.48463429301046,18.48463429301046,18.48463429301046,18.48463429301046,18.48463429301046,18.57599910799763,None,None,None,None,None,None,None,None,None,None,None,None,1,[0.1293543020146899],[0.12936450500274077],0,,,,,,,,,,,,,,,,,,,,,,,,,,,,,,,,,782212,001,2024-08-14_18h26.27.035,SenstirEs_warningandinstructions,2024.1.4,None,2024-08-14 18h26.37.061316 +0200,
NO,,,,,,,,,0,11,11,11,18.701194268011022,,,,,,,,,,,,,,,,18.576999568002066,18.701194268011022,18.701194268011022,18.701194268011022,18.701194268011022,18.701194268011022,18.701194268011022,18.701194268011022,18.701194268011022,18.701194268011022,18.701194268011022,18.701194268011022,18.701194268011022,18.701194268011022,18.701194268011022,18.701194268011022,18.701194268011022,18.79316411400214,None,None,None,None,None,None,None,None,None,None,None,None,1,[0.12842697100131772],[0.1284374340029899],0,,,,,,,,,,,,,,,,,,,,,,,,,,,,,,,,,782212,001,2024-08-14_18h26.27.035,SenstirEs_warningandinstructions,2024.1.4,None,2024-08-14 18h26.37.061316 +0200,
ESPINOSO,,,,,,,,,0,12,12,12,18.91805685000145,,,,,,,,,,,,,,,,18.794136591022834,18.91805685000145,18.91805685000145,18.91805685000145,18.91805685000145,18.91805685000145,18.91805685000145,18.91805685000145,18.91805685000145,18.91805685000145,18.91805685000145,18.91805685000145,18.91805685000145,18.91805685000145,18.91805685000145,18.91805685000145,18.91805685000145,20.209770337009104,None,None,None,None,None,None,None,None,None,None,None,None,1,[1.3283265789796133],[1.3283362810034305],0,,,,,,,,,,,,,,,,,,,,,,,,,,,,,,,,,782212,001,2024-08-14_18h26.27.035,SenstirEs_warningandinstructions,2024.1.4,None,2024-08-14 18h26.37.061316 +0200,
ÁNGEL GUARDIAN,,,,,,,,,0,13,13,13,20.334554911998566,,,,,,,,,,,,,,,,20.210799424006836,20.334554911998566,20.334554911998566,20.334554911998566,20.334554911998566,20.334554911998566,20.334554911998566,20.334554911998566,20.334554911998566,20.334554911998566,20.334554911998566,20.334554911998566,20.334554911998566,20.334554911998566,20.334554911998566,20.334554911998566,20.334554911998566,21.159096203016816,None,None,None,None,None,None,None,None,None,None,None,None,1,[0.8609201769868378],[0.8609304160054307],0,,,,,,,,,,,,,,,,,,,,,,,,,,,,,,,,,782212,001,2024-08-14_18h26.27.035,SenstirEs_warningandinstructions,2024.1.4,None,2024-08-14 18h26.37.061316 +0200,
,,,,,,,,,,,,,21.284578449005494,,,,,,,,,,,,,,,,21.160077346023172,21.284578449005494,21.284578449005494,21.284578449005494,21.284578449005494,21.284578449005494,21.284578449005494,21.284578449005494,21.284578449005494,21.284578449005494,21.284578449005494,21.284578449005494,21.284578449005494,21.284578449005494,21.284578449005494,21.284578449005494,21.284578449005494,,,,,,,,,,,,,,,,,,,,,,,,,,,,,,,,,,,,,,,,,,,,,,,,,,,,,,,,,
