﻿Word,SentirEs_19.thisRepN,SentirEs_19.thisTrialN,SentirEs_19.thisN,SentirEs_19.thisIndex,SentirEs_45.thisRepN,SentirEs_45.thisTrialN,SentirEs_45.thisN,SentirEs_45.thisIndex,SentirEs_78.thisRepN,SentirEs_78.thisTrialN,SentirEs_78.thisN,SentirEs_78.thisIndex,thisRow.t,notes,warning_span.started,warning_SentirEs.started,next_warning.started,warning_span.stopped,next_warning.numClicks,next_warning.timesOn,next_warning.timesOff,SentirEs_intructions_Span.started,intructions.started,next_instructions.started,SentirEs_intructions_Span.stopped,next_instructions.numClicks,next_instructions.timesOn,next_instructions.timesOff,SentirEs_likert_span.started,text.started,stimuli.started,perceptual_audition.started,perceptual_gustatory.started,perceptual_haptic.started,perceptual_interocepticve.started,perceptual_olfaction.started,perceptual_visual.started,Audition.started,Gustatory.started,Haptic.started,Interoception.started,Olfaction.started,Vision.started,next.started,SentirEs_likert_span.stopped,Audition.response,Audition.rt,Gustatory.response,Gustatory.rt,Haptic.response,Haptic.rt,Interoception.response,Interoception.rt,Olfaction.response,Olfaction.rt,Vision.response,Vision.rt,next.numClicks,next.timesOn,next.timesOff,SenstirEs_catch_Span_1.started,catch_1.started,Oso.started,Ave.started,Pez.started,SenstirEs_catch_Span_1.stopped,Oso.numClicks,Oso.timesOn,Oso.timesOff,Ave.numClicks,Ave.timesOn,Ave.timesOff,Pez.numClicks,Pez.timesOn,Pez.timesOff,SenstirEs_catch_Span_2.started,catch_2.started,quinze.started,cien.started,setentaidos.started,SenstirEs_catch_Span_2.stopped,quinze.numClicks,quinze.timesOn,quinze.timesOff,cien.numClicks,cien.timesOn,cien.timesOff,setentaidos.numClicks,setentaidos.timesOn,setentaidos.timesOff,SenstirEs_catch_Span_3.started,catch_3.started,bacadillo.started,manzana.started,coliflor.started,participant,session,date,expName,psychopyVersion,frameRate,expStart,
,,,,,,,,,,,,,,,0.028959759045392275,0.07793566305190325,0.07793566305190325,22.946859055082314,1,[22.915601801942103],[22.915611605974846],,,,,,,,,,,,,,,,,,,,,,,,,,,,,,,,,,,,,,,,,,,,,,,,,,,,,,,,,,,,,,,,,,,,,,,,,,,926139,001,2024-07-16_22h01.51.581,SenstirEs_warningandinstructions,2024.1.4,None,2024-07-16 22h02.06.606639 +0200,
,,,,,,,,,,,,,,,,,,,,,,22.9469964990858,22.977344364044257,22.977344364044257,23.47890659701079,1,[0.529975609970279],[0.5299833060707897],,,,,,,,,,,,,,,,,,,,,,,,,,,,,,,,,,,,,,,,,,,,,,,,,,,,,,,,,,,,,,,,,,,,926139,001,2024-07-16_22h01.51.581,SenstirEs_warningandinstructions,2024.1.4,None,2024-07-16 22h02.06.606639 +0200,
EMOCIONANTE,0,0,0,0,,,,,,,,,23.713799652992748,,,,,,,,,,,,,,,,23.48745112598408,23.713799652992748,23.713799652992748,23.713799652992748,23.713799652992748,23.713799652992748,23.713799652992748,23.713799652992748,23.713799652992748,23.713799652992748,23.713799652992748,23.713799652992748,23.713799652992748,23.713799652992748,23.713799652992748,23.713799652992748,24.36895369400736,None,None,None,None,None,None,None,None,None,None,None,None,1,[0.7871013879776001],[0.7871106789680198],,,,,,,,,,,,,,,,,,,,,,,,,,,,,,,,,,,,926139,001,2024-07-16_22h01.51.581,SenstirEs_warningandinstructions,2024.1.4,None,2024-07-16 22h02.06.606639 +0200,
CUAJAR,0,1,1,1,,,,,,,,,24.494181066052988,,,,,,,,,,,,,,,,24.370528542087413,24.494181066052988,24.494181066052988,24.494181066052988,24.494181066052988,24.494181066052988,24.494181066052988,24.494181066052988,24.494181066052988,24.494181066052988,24.494181066052988,24.494181066052988,24.494181066052988,24.494181066052988,24.494181066052988,24.494181066052988,24.63608678104356,None,None,None,None,None,None,None,None,None,None,None,None,1,[0.17560327402316034],[0.17561151704285294],,,,,,,,,,,,,,,,,,,,,,,,,,,,,,,,,,,,926139,001,2024-07-16_22h01.51.581,SenstirEs_warningandinstructions,2024.1.4,None,2024-07-16 22h02.06.606639 +0200,
DIA,0,2,2,2,,,,,,,,,24.760723309009336,,,,,,,,,,,,,,,,24.636972850072198,24.760723309009336,24.760723309009336,24.760723309009336,24.760723309009336,24.760723309009336,24.760723309009336,24.760723309009336,24.760723309009336,24.760723309009336,24.760723309009336,24.760723309009336,24.760723309009336,24.760723309009336,24.760723309009336,24.760723309009336,24.9593566179974,None,None,None,None,None,None,None,None,None,None,None,None,1,[0.23674738395493478],[0.23675488797016442],,,,,,,,,,,,,,,,,,,,,,,,,,,,,,,,,,,,926139,001,2024-07-16_22h01.51.581,SenstirEs_warningandinstructions,2024.1.4,None,2024-07-16 22h02.06.606639 +0200,
A LA VISTA,0,3,3,3,,,,,,,,,25.094237676006742,,,,,,,,,,,,,,,,24.960245658061467,25.094237676006742,25.094237676006742,25.094237676006742,25.094237676006742,25.094237676006742,25.094237676006742,25.094237676006742,25.094237676006742,25.094237676006742,25.094237676006742,25.094237676006742,25.094237676006742,25.094237676006742,25.094237676006742,25.094237676006742,25.252789432066493,None,None,None,None,None,None,None,None,None,None,None,None,1,[0.1996339790057391],[0.1996476979693398],,,,,,,,,,,,,,,,,,,,,,,,,,,,,,,,,,,,926139,001,2024-07-16_22h01.51.581,SenstirEs_warningandinstructions,2024.1.4,None,2024-07-16 22h02.06.606639 +0200,
SOBRESCRIBIR,0,4,4,4,,,,,,,,,25.377485801000148,,,,,,,,,,,,,,,,25.254026491078548,25.377485801000148,25.377485801000148,25.377485801000148,25.377485801000148,25.377485801000148,25.377485801000148,25.377485801000148,25.377485801000148,25.377485801000148,25.377485801000148,25.377485801000148,25.377485801000148,25.377485801000148,25.377485801000148,25.377485801000148,25.469869822030887,None,None,None,None,None,None,None,None,None,None,None,None,1,[0.1259465259499848],[0.12595562601927668],,,,,,,,,,,,,,,,,,,,,,,,,,,,,,,,,,,,926139,001,2024-07-16_22h01.51.581,SenstirEs_warningandinstructions,2024.1.4,None,2024-07-16 22h02.06.606639 +0200,
TOCAR,0,5,5,5,,,,,,,,,25.594158614054322,,,,,,,,,,,,,,,,25.470759000978433,25.594158614054322,25.594158614054322,25.594158614054322,25.594158614054322,25.594158614054322,25.594158614054322,25.594158614054322,25.594158614054322,25.594158614054322,25.594158614054322,25.594158614054322,25.594158614054322,25.594158614054322,25.594158614054322,25.594158614054322,25.738417932996526,None,None,None,None,None,None,None,None,None,None,None,None,1,[0.18117386603262275],[0.18118194898124784],,,,,,,,,,,,,,,,,,,,,,,,,,,,,,,,,,,,926139,001,2024-07-16_22h01.51.581,SenstirEs_warningandinstructions,2024.1.4,None,2024-07-16 22h02.06.606639 +0200,
SUAVIDAD,0,6,6,6,,,,,,,,,25.860881606000476,,,,,,,,,,,,,,,,25.739306548028253,25.860881606000476,25.860881606000476,25.860881606000476,25.860881606000476,25.860881606000476,25.860881606000476,25.860881606000476,25.860881606000476,25.860881606000476,25.860881606000476,25.860881606000476,25.860881606000476,25.860881606000476,25.860881606000476,25.860881606000476,25.95225421304349,None,None,None,None,None,None,None,None,None,None,None,None,1,[0.12488749204203486],[0.12489599699620157],,,,,,,,,,,,,,,,,,,,,,,,,,,,,,,,,,,,926139,001,2024-07-16_22h01.51.581,SenstirEs_warningandinstructions,2024.1.4,None,2024-07-16 22h02.06.606639 +0200,
INTUITIVAMENTE,0,7,7,7,,,,,,,,,26.077442552079447,,,,,,,,,,,,,,,,25.95315828907769,26.077442552079447,26.077442552079447,26.077442552079447,26.077442552079447,26.077442552079447,26.077442552079447,26.077442552079447,26.077442552079447,26.077442552079447,26.077442552079447,26.077442552079447,26.077442552079447,26.077442552079447,26.077442552079447,26.077442552079447,26.236072044004686,None,None,None,None,None,None,None,None,None,None,None,None,1,[0.19385308702476323],[0.19386093108914793],,,,,,,,,,,,,,,,,,,,,,,,,,,,,,,,,,,,926139,001,2024-07-16_22h01.51.581,SenstirEs_warningandinstructions,2024.1.4,None,2024-07-16 22h02.06.606639 +0200,
FÉMUR,0,8,8,8,,,,,,,,,26.36075642798096,,,,,,,,,,,,,,,,26.236957352026366,26.36075642798096,26.36075642798096,26.36075642798096,26.36075642798096,26.36075642798096,26.36075642798096,26.36075642798096,26.36075642798096,26.36075642798096,26.36075642798096,26.36075642798096,26.36075642798096,26.36075642798096,26.36075642798096,26.36075642798096,26.386116623994894,None,None,None,None,None,None,None,None,None,None,None,None,1,[0.05858165898825973],[0.058591031935065985],,,,,,,,,,,,,,,,,,,,,,,,,,,,,,,,,,,,926139,001,2024-07-16_22h01.51.581,SenstirEs_warningandinstructions,2024.1.4,None,2024-07-16 22h02.06.606639 +0200,
ACARICIADO,0,9,9,9,,,,,,,,,26.510791738983244,,,,,,,,,,,,,,,,26.387063628062606,26.510791738983244,26.510791738983244,26.510791738983244,26.510791738983244,26.510791738983244,26.510791738983244,26.510791738983244,26.510791738983244,26.510791738983244,26.510791738983244,26.510791738983244,26.510791738983244,26.510791738983244,26.510791738983244,26.510791738983244,26.668683620984666,None,None,None,None,None,None,None,None,None,None,None,None,1,[0.19467995106242597],[0.19469067500904202],,,,,,,,,,,,,,,,,,,,,,,,,,,,,,,,,,,,926139,001,2024-07-16_22h01.51.581,SenstirEs_warningandinstructions,2024.1.4,None,2024-07-16 22h02.06.606639 +0200,
ACARICIAR,0,10,10,10,,,,,,,,,26.79402971698437,,,,,,,,,,,,,,,,26.669575414038263,26.79402971698437,26.79402971698437,26.79402971698437,26.79402971698437,26.79402971698437,26.79402971698437,26.79402971698437,26.79402971698437,26.79402971698437,26.79402971698437,26.79402971698437,26.79402971698437,26.79402971698437,26.79402971698437,26.79402971698437,26.886320704012178,None,None,None,None,None,None,None,None,None,None,None,None,1,[0.1287479770835489],[0.1287588740233332],,,,,,,,,,,,,,,,,,,,,,,,,,,,,,,,,,,,926139,001,2024-07-16_22h01.51.581,SenstirEs_warningandinstructions,2024.1.4,None,2024-07-16 22h02.06.606639 +0200,
PELUDO,0,11,11,11,,,,,,,,,27.010769090033136,,,,,,,,,,,,,,,,26.887208405067213,27.010769090033136,27.010769090033136,27.010769090033136,27.010769090033136,27.010769090033136,27.010769090033136,27.010769090033136,27.010769090033136,27.010769090033136,27.010769090033136,27.010769090033136,27.010769090033136,27.010769090033136,27.010769090033136,27.010769090033136,27.102324212086387,None,None,None,None,None,None,None,None,None,None,None,None,1,[0.12700657395180315],[0.12701943598221987],,,,,,,,,,,,,,,,,,,,,,,,,,,,,,,,,,,,926139,001,2024-07-16_22h01.51.581,SenstirEs_warningandinstructions,2024.1.4,None,2024-07-16 22h02.06.606639 +0200,
INDESTRUCTIBILIDAD,0,12,12,12,,,,,,,,,27.22771984199062,,,,,,,,,,,,,,,,27.103413215023465,27.22771984199062,27.22771984199062,27.22771984199062,27.22771984199062,27.22771984199062,27.22771984199062,27.22771984199062,27.22771984199062,27.22771984199062,27.22771984199062,27.22771984199062,27.22771984199062,27.22771984199062,27.22771984199062,27.22771984199062,27.385398455080576,None,None,None,None,None,None,None,None,None,None,None,None,1,[0.1955414740368724],[0.19555144500918686],,,,,,,,,,,,,,,,,,,,,,,,,,,,,,,,,,,,926139,001,2024-07-16_22h01.51.581,SenstirEs_warningandinstructions,2024.1.4,None,2024-07-16 22h02.06.606639 +0200,
MASILLOSO,0,13,13,13,,,,,,,,,27.512391451047733,,,,,,,,,,,,,,,,27.38648823904805,27.512391451047733,27.512391451047733,27.512391451047733,27.512391451047733,27.512391451047733,27.512391451047733,27.512391451047733,27.512391451047733,27.512391451047733,27.512391451047733,27.512391451047733,27.512391451047733,27.512391451047733,27.512391451047733,27.512391451047733,27.769865568028763,None,None,None,None,None,None,None,None,None,None,None,None,1,[0.2950748949078843],[0.2950862409779802],,,,,,,,,,,,,,,,,,,,,,,,,,,,,,,,,,,,926139,001,2024-07-16_22h01.51.581,SenstirEs_warningandinstructions,2024.1.4,None,2024-07-16 22h02.06.606639 +0200,
AULLIDO,0,14,14,14,,,,,,,,,27.8941654820228,,,,,,,,,,,,,,,,27.770771323004737,27.8941654820228,27.8941654820228,27.8941654820228,27.8941654820228,27.8941654820228,27.8941654820228,27.8941654820228,27.8941654820228,27.8941654820228,27.8941654820228,27.8941654820228,27.8941654820228,27.8941654820228,27.8941654820228,27.8941654820228,28.118950593983755,None,None,None,None,None,None,None,None,None,None,None,None,1,[0.2618565410375595],[0.2618647440103814],,,,,,,,,,,,,,,,,,,,,,,,,,,,,,,,,,,,926139,001,2024-07-16_22h01.51.581,SenstirEs_warningandinstructions,2024.1.4,None,2024-07-16 22h02.06.606639 +0200,
TACTILMENTE,0,15,15,15,,,,,,,,,28.244000371079892,,,,,,,,,,,,,,,,28.11994314403273,28.244000371079892,28.244000371079892,28.244000371079892,28.244000371079892,28.244000371079892,28.244000371079892,28.244000371079892,28.244000371079892,28.244000371079892,28.244000371079892,28.244000371079892,28.244000371079892,28.244000371079892,28.244000371079892,28.244000371079892,28.46857122599613,None,None,None,None,None,None,None,None,None,None,None,None,1,[0.2620595149928704],[0.2620675410144031],,,,,,,,,,,,,,,,,,,,,,,,,,,,,,,,,,,,926139,001,2024-07-16_22h01.51.581,SenstirEs_warningandinstructions,2024.1.4,None,2024-07-16 22h02.06.606639 +0200,
CARA,0,16,16,16,,,,,,,,,28.594131721998565,,,,,,,,,,,,,,,,28.46946694003418,28.594131721998565,28.594131721998565,28.594131721998565,28.594131721998565,28.594131721998565,28.594131721998565,28.594131721998565,28.594131721998565,28.594131721998565,28.594131721998565,28.594131721998565,28.594131721998565,28.594131721998565,28.594131721998565,28.594131721998565,28.75289317104034,None,None,None,None,None,None,None,None,None,None,None,None,1,[0.19562430900987238],[0.19563371199183166],,,,,,,,,,,,,,,,,,,,,,,,,,,,,,,,,,,,926139,001,2024-07-16_22h01.51.581,SenstirEs_warningandinstructions,2024.1.4,None,2024-07-16 22h02.06.606639 +0200,
DEPLORAR,0,17,17,17,,,,,,,,,28.877367994049564,,,,,,,,,,,,,,,,28.753781042061746,28.877367994049564,28.877367994049564,28.877367994049564,28.877367994049564,28.877367994049564,28.877367994049564,28.877367994049564,28.877367994049564,28.877367994049564,28.877367994049564,28.877367994049564,28.877367994049564,28.877367994049564,28.877367994049564,28.877367994049564,29.20198083401192,None,None,None,None,None,None,None,None,None,None,None,None,1,[0.3618472770322114],[0.36185647698584944],,,,,,,,,,,,,,,,,,,,,,,,,,,,,,,,,,,,926139,001,2024-07-16_22h01.51.581,SenstirEs_warningandinstructions,2024.1.4,None,2024-07-16 22h02.06.606639 +0200,
TORRINO ,0,18,18,18,,,,,,,,,29.32741936505772,,,,,,,,,,,,,,,,29.20309091801755,29.32741936505772,29.32741936505772,29.32741936505772,29.32741936505772,29.32741936505772,29.32741936505772,29.32741936505772,29.32741936505772,29.32741936505772,29.32741936505772,29.32741936505772,29.32741936505772,29.32741936505772,29.32741936505772,29.32741936505772,29.602446241071448,None,None,None,None,None,None,None,None,None,None,None,None,1,[0.31254617392551154],[0.3125548040261492],,,,,,,,,,,,,,,,,,,,,,,,,,,,,,,,,,,,926139,001,2024-07-16_22h01.51.581,SenstirEs_warningandinstructions,2024.1.4,None,2024-07-16 22h02.06.606639 +0200,
,,,,,,,,,,,,,,,,,,,,,,,,,,,,,,,,,,,,,,,,,,,,,,,,,,,,,,,,,,,,,29.603243328048848,29.651799628976732,29.651799628976732,29.651799628976732,29.651799628976732,34.74765633197967,0,,,1,[5.1402789410203695],[5.140288020018488],0,,,,,,,,,,,,,,,,,,,,,,,926139,001,2024-07-16_22h01.51.581,SenstirEs_warningandinstructions,2024.1.4,None,2024-07-16 22h02.06.606639 +0200,
TIRADO,,,,,0,0,0,0,,,,,34.87753425107803,,,,,,,,,,,,,,,,34.75431836908683,34.87753425107803,34.87753425107803,34.87753425107803,34.87753425107803,34.87753425107803,34.87753425107803,34.87753425107803,34.87753425107803,34.87753425107803,34.87753425107803,34.87753425107803,34.87753425107803,34.87753425107803,34.87753425107803,34.87753425107803,36.16787984408438,None,None,None,None,None,None,None,None,None,None,None,None,1,[1.326913387980312],[1.3269212319282815],,,,,,,,,,,,,,,,,,,,,,,,,,,,,,,,,,,,926139,001,2024-07-16_22h01.51.581,SenstirEs_warningandinstructions,2024.1.4,None,2024-07-16 22h02.06.606639 +0200,
PARAPSICOLOGÍA,,,,,0,1,1,1,,,,,36.29392327798996,,,,,,,,,,,,,,,,36.16946655407082,36.29392327798996,36.29392327798996,36.29392327798996,36.29392327798996,36.29392327798996,36.29392327798996,36.29392327798996,36.29392327798996,36.29392327798996,36.29392327798996,36.29392327798996,36.29392327798996,36.29392327798996,36.29392327798996,36.29392327798996,36.385351542034186,None,None,None,None,None,None,None,None,None,None,None,None,1,[0.12692875496577471],[0.1269406919600442],,,,,,,,,,,,,,,,,,,,,,,,,,,,,,,,,,,,926139,001,2024-07-16_22h01.51.581,SenstirEs_warningandinstructions,2024.1.4,None,2024-07-16 22h02.06.606639 +0200,
DIESTRO,,,,,0,2,2,2,,,,,36.51095821498893,,,,,,,,,,,,,,,,36.3862607460469,36.51095821498893,36.51095821498893,36.51095821498893,36.51095821498893,36.51095821498893,36.51095821498893,36.51095821498893,36.51095821498893,36.51095821498893,36.51095821498893,36.51095821498893,36.51095821498893,36.51095821498893,36.51095821498893,36.51095821498893,36.536812899052165,None,None,None,None,None,None,None,None,None,None,None,None,1,[0.06314131896942854],[0.0631511319661513],,,,,,,,,,,,,,,,,,,,,,,,,,,,,,,,,,,,926139,001,2024-07-16_22h01.51.581,SenstirEs_warningandinstructions,2024.1.4,None,2024-07-16 22h02.06.606639 +0200,
PESIMISTA,,,,,0,3,3,3,,,,,36.66076293902006,,,,,,,,,,,,,,,,36.537761270068586,36.66076293902006,36.66076293902006,36.66076293902006,36.66076293902006,36.66076293902006,36.66076293902006,36.66076293902006,36.66076293902006,36.66076293902006,36.66076293902006,36.66076293902006,36.66076293902006,36.66076293902006,36.66076293902006,36.66076293902006,36.75285089807585,None,None,None,None,None,None,None,None,None,None,None,None,1,[0.12684894702397287],[0.12685947900172323],,,,,,,,,,,,,,,,,,,,,,,,,,,,,,,,,,,,926139,001,2024-07-16_22h01.51.581,SenstirEs_warningandinstructions,2024.1.4,None,2024-07-16 22h02.06.606639 +0200,
PICAPORTE,,,,,0,4,4,4,,,,,36.87721208902076,,,,,,,,,,,,,,,,36.7537567979889,36.87721208902076,36.87721208902076,36.87721208902076,36.87721208902076,36.87721208902076,36.87721208902076,36.87721208902076,36.87721208902076,36.87721208902076,36.87721208902076,36.87721208902076,36.87721208902076,36.87721208902076,36.87721208902076,36.87721208902076,36.90320291905664,None,None,None,None,None,None,None,None,None,None,None,None,1,[0.061640987056307495],[0.06165183801203966],,,,,,,,,,,,,,,,,,,,,,,,,,,,,,,,,,,,926139,001,2024-07-16_22h01.51.581,SenstirEs_warningandinstructions,2024.1.4,None,2024-07-16 22h02.06.606639 +0200,
MALA PERSONA,,,,,0,5,5,5,,,,,37.02728450798895,,,,,,,,,,,,,,,,36.90411807899363,37.02728450798895,37.02728450798895,37.02728450798895,37.02728450798895,37.02728450798895,37.02728450798895,37.02728450798895,37.02728450798895,37.02728450798895,37.02728450798895,37.02728450798895,37.02728450798895,37.02728450798895,37.02728450798895,37.02728450798895,37.051600484061055,None,None,None,None,None,None,None,None,None,None,None,None,1,[0.06073210504837334],[0.060740909073501825],,,,,,,,,,,,,,,,,,,,,,,,,,,,,,,,,,,,926139,001,2024-07-16_22h01.51.581,SenstirEs_warningandinstructions,2024.1.4,None,2024-07-16 22h02.06.606639 +0200,
CIELOS,,,,,0,6,6,6,,,,,37.17726365104318,,,,,,,,,,,,,,,,37.05250205507036,37.17726365104318,37.17726365104318,37.17726365104318,37.17726365104318,37.17726365104318,37.17726365104318,37.17726365104318,37.17726365104318,37.17726365104318,37.17726365104318,37.17726365104318,37.17726365104318,37.17726365104318,37.17726365104318,37.17726365104318,37.20380673208274,None,None,None,None,None,None,None,None,None,None,None,None,1,[0.06267587898764759],[0.06268441095016897],,,,,,,,,,,,,,,,,,,,,,,,,,,,,,,,,,,,926139,001,2024-07-16_22h01.51.581,SenstirEs_warningandinstructions,2024.1.4,None,2024-07-16 22h02.06.606639 +0200,
VISTA,,,,,0,7,7,7,,,,,37.327399261062965,,,,,,,,,,,,,,,,37.20471100404393,37.327399261062965,37.327399261062965,37.327399261062965,37.327399261062965,37.327399261062965,37.327399261062965,37.327399261062965,37.327399261062965,37.327399261062965,37.327399261062965,37.327399261062965,37.327399261062965,37.327399261062965,37.327399261062965,37.327399261062965,37.35197082697414,None,None,None,None,None,None,None,None,None,None,None,None,1,[0.06066856300458312],[0.06067754002287984],,,,,,,,,,,,,,,,,,,,,,,,,,,,,,,,,,,,926139,001,2024-07-16_22h01.51.581,SenstirEs_warningandinstructions,2024.1.4,None,2024-07-16 22h02.06.606639 +0200,
PELIGRO,,,,,0,8,8,8,,,,,37.47741622605827,,,,,,,,,,,,,,,,37.35316894098651,37.47741622605827,37.47741622605827,37.47741622605827,37.47741622605827,37.47741622605827,37.47741622605827,37.47741622605827,37.47741622605827,37.47741622605827,37.47741622605827,37.47741622605827,37.47741622605827,37.47741622605827,37.47741622605827,37.47741622605827,37.63660801004153,None,None,None,None,None,None,None,None,None,None,None,None,1,[0.1965156269725412],[0.19652557896915823],,,,,,,,,,,,,,,,,,,,,,,,,,,,,,,,,,,,926139,001,2024-07-16_22h01.51.581,SenstirEs_warningandinstructions,2024.1.4,None,2024-07-16 22h02.06.606639 +0200,
AGARRE,,,,,0,9,9,9,,,,,37.760820063063875,,,,,,,,,,,,,,,,37.63750150997657,37.760820063063875,37.760820063063875,37.760820063063875,37.760820063063875,37.760820063063875,37.760820063063875,37.760820063063875,37.760820063063875,37.760820063063875,37.760820063063875,37.760820063063875,37.760820063063875,37.760820063063875,37.760820063063875,37.760820063063875,37.85134153906256,None,None,None,None,None,None,None,None,None,None,None,None,1,[0.1274656350724399],[0.12747422710526735],,,,,,,,,,,,,,,,,,,,,,,,,,,,,,,,,,,,926139,001,2024-07-16_22h01.51.581,SenstirEs_warningandinstructions,2024.1.4,None,2024-07-16 22h02.06.606639 +0200,
INCOMUNICABILIDAD,,,,,0,10,10,10,,,,,37.977266177069396,,,,,,,,,,,,,,,,37.85257072607055,37.977266177069396,37.977266177069396,37.977266177069396,37.977266177069396,37.977266177069396,37.977266177069396,37.977266177069396,37.977266177069396,37.977266177069396,37.977266177069396,37.977266177069396,37.977266177069396,37.977266177069396,37.977266177069396,37.977266177069396,38.00310386298224,None,None,None,None,None,None,None,None,None,None,None,None,1,[0.06143849797081202],[0.061447400017641485],,,,,,,,,,,,,,,,,,,,,,,,,,,,,,,,,,,,926139,001,2024-07-16_22h01.51.581,SenstirEs_warningandinstructions,2024.1.4,None,2024-07-16 22h02.06.606639 +0200,
YOUTUBE,,,,,0,11,11,11,,,,,38.12713604001328,,,,,,,,,,,,,,,,38.003988403012045,38.12713604001328,38.12713604001328,38.12713604001328,38.12713604001328,38.12713604001328,38.12713604001328,38.12713604001328,38.12713604001328,38.12713604001328,38.12713604001328,38.12713604001328,38.12713604001328,38.12713604001328,38.12713604001328,38.12713604001328,38.21828235802241,None,None,None,None,None,None,None,None,None,None,None,None,1,[0.12641519191674888],[0.12642339197918773],,,,,,,,,,,,,,,,,,,,,,,,,,,,,,,,,,,,926139,001,2024-07-16_22h01.51.581,SenstirEs_warningandinstructions,2024.1.4,None,2024-07-16 22h02.06.606639 +0200,
AFLOJAR,,,,,0,12,12,12,,,,,38.3438328159973,,,,,,,,,,,,,,,,38.21921711601317,38.3438328159973,38.3438328159973,38.3438328159973,38.3438328159973,38.3438328159973,38.3438328159973,38.3438328159973,38.3438328159973,38.3438328159973,38.3438328159973,38.3438328159973,38.3438328159973,38.3438328159973,38.3438328159973,38.3438328159973,38.43539565906394,None,None,None,None,None,None,None,None,None,None,None,None,1,[0.1274220560444519],[0.12743082304950804],,,,,,,,,,,,,,,,,,,,,,,,,,,,,,,,,,,,926139,001,2024-07-16_22h01.51.581,SenstirEs_warningandinstructions,2024.1.4,None,2024-07-16 22h02.06.606639 +0200,
GOLPE,,,,,0,13,13,13,,,,,38.56078739208169,,,,,,,,,,,,,,,,38.43628989404533,38.56078739208169,38.56078739208169,38.56078739208169,38.56078739208169,38.56078739208169,38.56078739208169,38.56078739208169,38.56078739208169,38.56078739208169,38.56078739208169,38.56078739208169,38.56078739208169,38.56078739208169,38.56078739208169,38.56078739208169,38.58628994401079,None,None,None,None,None,None,None,None,None,None,None,None,1,[0.06269842002075166],[0.0627064029686153],,,,,,,,,,,,,,,,,,,,,,,,,,,,,,,,,,,,926139,001,2024-07-16_22h01.51.581,SenstirEs_warningandinstructions,2024.1.4,None,2024-07-16 22h02.06.606639 +0200,
PODRÍA,,,,,0,14,14,14,,,,,38.71054269303568,,,,,,,,,,,,,,,,38.58717934100423,38.71054269303568,38.71054269303568,38.71054269303568,38.71054269303568,38.71054269303568,38.71054269303568,38.71054269303568,38.71054269303568,38.71054269303568,38.71054269303568,38.71054269303568,38.71054269303568,38.71054269303568,38.71054269303568,38.71054269303568,38.80558495607693,None,None,None,None,None,None,None,None,None,None,None,None,1,[0.12713515502400696],[0.1271438969997689],,,,,,,,,,,,,,,,,,,,,,,,,,,,,,,,,,,,926139,001,2024-07-16_22h01.51.581,SenstirEs_warningandinstructions,2024.1.4,None,2024-07-16 22h02.06.606639 +0200,
TELEVISION,,,,,0,15,15,15,,,,,38.931845132028684,,,,,,,,,,,,,,,,38.807009176001884,38.931845132028684,38.931845132028684,38.931845132028684,38.931845132028684,38.931845132028684,38.931845132028684,38.931845132028684,38.931845132028684,38.931845132028684,38.931845132028684,38.931845132028684,38.931845132028684,38.931845132028684,38.931845132028684,38.931845132028684,38.95649896003306,None,None,None,None,None,None,None,None,None,None,None,None,1,[0.05768811597954482],[0.057696194970048964],,,,,,,,,,,,,,,,,,,,,,,,,,,,,,,,,,,,926139,001,2024-07-16_22h01.51.581,SenstirEs_warningandinstructions,2024.1.4,None,2024-07-16 22h02.06.606639 +0200,
VISIBLE,,,,,0,16,16,16,,,,,39.077085377066396,,,,,,,,,,,,,,,,38.95738243497908,39.077085377066396,39.077085377066396,39.077085377066396,39.077085377066396,39.077085377066396,39.077085377066396,39.077085377066396,39.077085377066396,39.077085377066396,39.077085377066396,39.077085377066396,39.077085377066396,39.077085377066396,39.077085377066396,39.077085377066396,39.16846139007248,None,None,None,None,None,None,None,None,None,None,None,None,1,[0.1239651869982481],[0.12397303199395537],,,,,,,,,,,,,,,,,,,,,,,,,,,,,,,,,,,,926139,001,2024-07-16_22h01.51.581,SenstirEs_warningandinstructions,2024.1.4,None,2024-07-16 22h02.06.606639 +0200,
NO COMESTIBLE,,,,,0,17,17,17,,,,,39.293916455004364,,,,,,,,,,,,,,,,39.16934223403223,39.293916455004364,39.293916455004364,39.293916455004364,39.293916455004364,39.293916455004364,39.293916455004364,39.293916455004364,39.293916455004364,39.293916455004364,39.293916455004364,39.293916455004364,39.293916455004364,39.293916455004364,39.293916455004364,39.293916455004364,39.318658598000184,None,None,None,None,None,None,None,None,None,None,None,None,1,[0.061935219913721085],[0.061944288900122046],,,,,,,,,,,,,,,,,,,,,,,,,,,,,,,,,,,,926139,001,2024-07-16_22h01.51.581,SenstirEs_warningandinstructions,2024.1.4,None,2024-07-16 22h02.06.606639 +0200,
ALÉRGICO,,,,,0,18,18,18,,,,,39.44382106908597,,,,,,,,,,,,,,,,39.31954863201827,39.44382106908597,39.44382106908597,39.44382106908597,39.44382106908597,39.44382106908597,39.44382106908597,39.44382106908597,39.44382106908597,39.44382106908597,39.44382106908597,39.44382106908597,39.44382106908597,39.44382106908597,39.44382106908597,39.44382106908597,39.60138373600785,None,None,None,None,None,None,None,None,None,None,None,None,1,[0.19475212099496275],[0.19475993094965816],,,,,,,,,,,,,,,,,,,,,,,,,,,,,,,,,,,,926139,001,2024-07-16_22h01.51.581,SenstirEs_warningandinstructions,2024.1.4,None,2024-07-16 22h02.06.606639 +0200,
BONITO(A),,,,,0,19,19,19,,,,,39.72701834898908,,,,,,,,,,,,,,,,39.602270246017724,39.72701834898908,39.72701834898908,39.72701834898908,39.72701834898908,39.72701834898908,39.72701834898908,39.72701834898908,39.72701834898908,39.72701834898908,39.72701834898908,39.72701834898908,39.72701834898908,39.72701834898908,39.72701834898908,39.72701834898908,39.81817840307485,None,None,None,None,None,None,None,None,None,None,None,None,1,[0.12369745597243309],[0.12370581203140318],,,,,,,,,,,,,,,,,,,,,,,,,,,,,,,,,,,,926139,001,2024-07-16_22h01.51.581,SenstirEs_warningandinstructions,2024.1.4,None,2024-07-16 22h02.06.606639 +0200,
SEDOSO,,,,,0,20,20,20,,,,,39.94391812803224,,,,,,,,,,,,,,,,39.81910890399013,39.94391812803224,39.94391812803224,39.94391812803224,39.94391812803224,39.94391812803224,39.94391812803224,39.94391812803224,39.94391812803224,39.94391812803224,39.94391812803224,39.94391812803224,39.94391812803224,39.94391812803224,39.94391812803224,39.94391812803224,40.034868958056904,None,None,None,None,None,None,None,None,None,None,None,None,1,[0.1284330179914832],[0.12844292202498764],,,,,,,,,,,,,,,,,,,,,,,,,,,,,,,,,,,,926139,001,2024-07-16_22h01.51.581,SenstirEs_warningandinstructions,2024.1.4,None,2024-07-16 22h02.06.606639 +0200,
VISTA,,,,,0,21,21,21,,,,,40.160541360033676,,,,,,,,,,,,,,,,40.035873015993275,40.160541360033676,40.160541360033676,40.160541360033676,40.160541360033676,40.160541360033676,40.160541360033676,40.160541360033676,40.160541360033676,40.160541360033676,40.160541360033676,40.160541360033676,40.160541360033676,40.160541360033676,40.160541360033676,40.160541360033676,40.31639696203638,None,None,None,None,None,None,None,None,None,None,None,None,1,[0.19501843804027885],[0.1950278430012986],,,,,,,,,,,,,,,,,,,,,,,,,,,,,,,,,,,,926139,001,2024-07-16_22h01.51.581,SenstirEs_warningandinstructions,2024.1.4,None,2024-07-16 22h02.06.606639 +0200,
ETIQUETA,,,,,0,22,22,22,,,,,40.443995077046566,,,,,,,,,,,,,,,,40.31729855504818,40.443995077046566,40.443995077046566,40.443995077046566,40.443995077046566,40.443995077046566,40.443995077046566,40.443995077046566,40.443995077046566,40.443995077046566,40.443995077046566,40.443995077046566,40.443995077046566,40.443995077046566,40.443995077046566,40.443995077046566,40.6685955170542,None,None,None,None,None,None,None,None,None,None,None,None,1,[0.2606886549619958],[0.26069729193113744],,,,,,,,,,,,,,,,,,,,,,,,,,,,,,,,,,,,926139,001,2024-07-16_22h01.51.581,SenstirEs_warningandinstructions,2024.1.4,None,2024-07-16 22h02.06.606639 +0200,
ENROSCARSE,,,,,0,23,23,23,,,,,40.79379925306421,,,,,,,,,,,,,,,,40.66947945905849,40.79379925306421,40.79379925306421,40.79379925306421,40.79379925306421,40.79379925306421,40.79379925306421,40.79379925306421,40.79379925306421,40.79379925306421,40.79379925306421,40.79379925306421,40.79379925306421,40.79379925306421,40.79379925306421,40.79379925306421,40.95233639306389,None,None,None,None,None,None,None,None,None,None,None,None,1,[0.19464538502506912],[0.1946538760093972],,,,,,,,,,,,,,,,,,,,,,,,,,,,,,,,,,,,926139,001,2024-07-16_22h01.51.581,SenstirEs_warningandinstructions,2024.1.4,None,2024-07-16 22h02.06.606639 +0200,
COLUMNA VERTEBRAL,,,,,0,24,24,24,,,,,41.077186622074805,,,,,,,,,,,,,,,,40.953225889010355,41.077186622074805,41.077186622074805,41.077186622074805,41.077186622074805,41.077186622074805,41.077186622074805,41.077186622074805,41.077186622074805,41.077186622074805,41.077186622074805,41.077186622074805,41.077186622074805,41.077186622074805,41.077186622074805,41.077186622074805,41.23550998501014,None,None,None,None,None,None,None,None,None,None,None,None,1,[0.19452469202224165],[0.19453296903520823],,,,,,,,,,,,,,,,,,,,,,,,,,,,,,,,,,,,926139,001,2024-07-16_22h01.51.581,SenstirEs_warningandinstructions,2024.1.4,None,2024-07-16 22h02.06.606639 +0200,
,,,,,,,,,,,,,,,,,,,,,,,,,,,,,,,,,,,,,,,,,,,,,,,,,,,,,,,,,,,,,,,,,,,,,,,,,,,,41.23629723500926,41.284747563069686,41.284747563069686,41.284747563069686,41.284747563069686,42.68016003398225,1,[1.4389755049487576],[1.4389873039908707],0,,,0,,,,,,,,926139,001,2024-07-16_22h01.51.581,SenstirEs_warningandinstructions,2024.1.4,None,2024-07-16 22h02.06.606639 +0200,
VISTA LATERAL,,,,,,,,,0,0,0,0,42.81052657903638,,,,,,,,,,,,,,,,42.68702180497348,42.81052657903638,42.81052657903638,42.81052657903638,42.81052657903638,42.81052657903638,42.81052657903638,42.81052657903638,42.81052657903638,42.81052657903638,42.81052657903638,42.81052657903638,42.81052657903638,42.81052657903638,42.81052657903638,42.81052657903638,43.55380081606563,None,None,None,None,None,None,None,None,None,None,None,None,1,[0.7760765010025352],[0.7760866490425542],,,,,,,,,,,,,,,,,,,,,,,,,,,,,,,,,,,,926139,001,2024-07-16_22h01.51.581,SenstirEs_warningandinstructions,2024.1.4,None,2024-07-16 22h02.06.606639 +0200,
LISO,,,,,,,,,0,1,1,1,43.67695558199193,,,,,,,,,,,,,,,,43.5554300340591,43.67695558199193,43.67695558199193,43.67695558199193,43.67695558199193,43.67695558199193,43.67695558199193,43.67695558199193,43.67695558199193,43.67695558199193,43.67695558199193,43.67695558199193,43.67695558199193,43.67695558199193,43.67695558199193,43.67695558199193,43.699924872023985,None,None,None,None,None,None,None,None,None,None,None,None,1,[0.05993753008078784],[0.059945107088424265],,,,,,,,,,,,,,,,,,,,,,,,,,,,,,,,,,,,926139,001,2024-07-16_22h01.51.581,SenstirEs_warningandinstructions,2024.1.4,None,2024-07-16 22h02.06.606639 +0200,
DOLOROSO,,,,,,,,,0,2,2,2,43.82714887405746,,,,,,,,,,,,,,,,43.7008136510849,43.82714887405746,43.82714887405746,43.82714887405746,43.82714887405746,43.82714887405746,43.82714887405746,43.82714887405746,43.82714887405746,43.82714887405746,43.82714887405746,43.82714887405746,43.82714887405746,43.82714887405746,43.82714887405746,43.82714887405746,43.91817251604516,None,None,None,None,None,None,None,None,None,None,None,None,1,[0.13065020297653973],[0.1306657410459593],,,,,,,,,,,,,,,,,,,,,,,,,,,,,,,,,,,,926139,001,2024-07-16_22h01.51.581,SenstirEs_warningandinstructions,2024.1.4,None,2024-07-16 22h02.06.606639 +0200,
WIKIPEDIA,,,,,,,,,0,3,3,3,44.04645626503043,,,,,,,,,,,,,,,,43.9190550299827,44.04645626503043,44.04645626503043,44.04645626503043,44.04645626503043,44.04645626503043,44.04645626503043,44.04645626503043,44.04645626503043,44.04645626503043,44.04645626503043,44.04645626503043,44.04645626503043,44.04645626503043,44.04645626503043,44.04645626503043,44.07132453203667,None,None,None,None,None,None,None,None,None,None,None,None,1,[0.058325969032011926],[0.05833389703184366],,,,,,,,,,,,,,,,,,,,,,,,,,,,,,,,,,,,926139,001,2024-07-16_22h01.51.581,SenstirEs_warningandinstructions,2024.1.4,None,2024-07-16 22h02.06.606639 +0200,
TOMILLO,,,,,,,,,0,4,4,4,44.19369116099551,,,,,,,,,,,,,,,,44.07222675404046,44.19369116099551,44.19369116099551,44.19369116099551,44.19369116099551,44.19369116099551,44.19369116099551,44.19369116099551,44.19369116099551,44.19369116099551,44.19369116099551,44.19369116099551,44.19369116099551,44.19369116099551,44.19369116099551,44.19369116099551,44.28571225400083,None,None,None,None,None,None,None,None,None,None,None,None,1,[0.12632408004719764],[0.1263321100268513],,,,,,,,,,,,,,,,,,,,,,,,,,,,,,,,,,,,926139,001,2024-07-16_22h01.51.581,SenstirEs_warningandinstructions,2024.1.4,None,2024-07-16 22h02.06.606639 +0200,
CONSIGUIENTE ,,,,,,,,,0,5,5,5,44.410477388999425,,,,,,,,,,,,,,,,44.28664339601528,44.410477388999425,44.410477388999425,44.410477388999425,44.410477388999425,44.410477388999425,44.410477388999425,44.410477388999425,44.410477388999425,44.410477388999425,44.410477388999425,44.410477388999425,44.410477388999425,44.410477388999425,44.410477388999425,44.410477388999425,44.50288674898911,None,None,None,None,None,None,None,None,None,None,None,None,1,[0.12764704204164445],[0.12765780999325216],,,,,,,,,,,,,,,,,,,,,,,,,,,,,,,,,,,,926139,001,2024-07-16_22h01.51.581,SenstirEs_warningandinstructions,2024.1.4,None,2024-07-16 22h02.06.606639 +0200,
EXCRETOR,,,,,,,,,0,6,6,6,44.627055685035884,,,,,,,,,,,,,,,,44.50377930700779,44.627055685035884,44.627055685035884,44.627055685035884,44.627055685035884,44.627055685035884,44.627055685035884,44.627055685035884,44.627055685035884,44.627055685035884,44.627055685035884,44.627055685035884,44.627055685035884,44.627055685035884,44.627055685035884,44.627055685035884,44.65239587100223,None,None,None,None,None,None,None,None,None,None,None,None,1,[0.060235997079871595],[0.06024434603750706],,,,,,,,,,,,,,,,,,,,,,,,,,,,,,,,,,,,926139,001,2024-07-16_22h01.51.581,SenstirEs_warningandinstructions,2024.1.4,None,2024-07-16 22h02.06.606639 +0200,
MASAJE,,,,,,,,,0,7,7,7,44.77720752405003,,,,,,,,,,,,,,,,44.653283331077546,44.77720752405003,44.77720752405003,44.77720752405003,44.77720752405003,44.77720752405003,44.77720752405003,44.77720752405003,44.77720752405003,44.77720752405003,44.77720752405003,44.77720752405003,44.77720752405003,44.77720752405003,44.77720752405003,44.77720752405003,44.86846556107048,None,None,None,None,None,None,None,None,None,None,None,None,1,[0.12821941496804357],[0.1282277989666909],,,,,,,,,,,,,,,,,,,,,,,,,,,,,,,,,,,,926139,001,2024-07-16_22h01.51.581,SenstirEs_warningandinstructions,2024.1.4,None,2024-07-16 22h02.06.606639 +0200,
ABRIGARSE,,,,,,,,,0,8,8,8,44.99369067698717,,,,,,,,,,,,,,,,44.8693500229856,44.99369067698717,44.99369067698717,44.99369067698717,44.99369067698717,44.99369067698717,44.99369067698717,44.99369067698717,44.99369067698717,44.99369067698717,44.99369067698717,44.99369067698717,44.99369067698717,44.99369067698717,44.99369067698717,44.99369067698717,45.08558901399374,None,None,None,None,None,None,None,None,None,None,None,None,1,[0.12922437395900488],[0.12923299404792488],,,,,,,,,,,,,,,,,,,,,,,,,,,,,,,,,,,,926139,001,2024-07-16_22h01.51.581,SenstirEs_warningandinstructions,2024.1.4,None,2024-07-16 22h02.06.606639 +0200,
COXIS,,,,,,,,,0,9,9,9,45.21072270406876,,,,,,,,,,,,,,,,45.08648053300567,45.21072270406876,45.21072270406876,45.21072270406876,45.21072270406876,45.21072270406876,45.21072270406876,45.21072270406876,45.21072270406876,45.21072270406876,45.21072270406876,45.21072270406876,45.21072270406876,45.21072270406876,45.21072270406876,45.21072270406876,45.302650070982054,None,None,None,None,None,None,None,None,None,None,None,None,1,[0.12973997893277556],[0.12974846793804318],,,,,,,,,,,,,,,,,,,,,,,,,,,,,,,,,,,,926139,001,2024-07-16_22h01.51.581,SenstirEs_warningandinstructions,2024.1.4,None,2024-07-16 22h02.06.606639 +0200,
FROTAR,,,,,,,,,0,10,10,10,45.42736794007942,,,,,,,,,,,,,,,,45.30359899008181,45.42736794007942,45.42736794007942,45.42736794007942,45.42736794007942,45.42736794007942,45.42736794007942,45.42736794007942,45.42736794007942,45.42736794007942,45.42736794007942,45.42736794007942,45.42736794007942,45.42736794007942,45.42736794007942,45.42736794007942,45.51915074198041,None,None,None,None,None,None,None,None,None,None,None,None,1,[0.1292343649547547],[0.12924377201125026],,,,,,,,,,,,,,,,,,,,,,,,,,,,,,,,,,,,926139,001,2024-07-16_22h01.51.581,SenstirEs_warningandinstructions,2024.1.4,None,2024-07-16 22h02.06.606639 +0200,
NO,,,,,,,,,0,11,11,11,45.643919612048194,,,,,,,,,,,,,,,,45.52010800305288,45.643919612048194,45.643919612048194,45.643919612048194,45.643919612048194,45.643919612048194,45.643919612048194,45.643919612048194,45.643919612048194,45.643919612048194,45.643919612048194,45.643919612048194,45.643919612048194,45.643919612048194,45.643919612048194,45.643919612048194,45.735845357063226,None,None,None,None,None,None,None,None,None,None,None,None,1,[0.12901964504271746],[0.12903043709229678],,,,,,,,,,,,,,,,,,,,,,,,,,,,,,,,,,,,926139,001,2024-07-16_22h01.51.581,SenstirEs_warningandinstructions,2024.1.4,None,2024-07-16 22h02.06.606639 +0200,
ESPINOSO,,,,,,,,,0,12,12,12,45.86061974801123,,,,,,,,,,,,,,,,45.73684575106017,45.86061974801123,45.86061974801123,45.86061974801123,45.86061974801123,45.86061974801123,45.86061974801123,45.86061974801123,45.86061974801123,45.86061974801123,45.86061974801123,45.86061974801123,45.86061974801123,45.86061974801123,45.86061974801123,45.86061974801123,45.952412939979695,None,None,None,None,None,None,None,None,None,None,None,None,1,[0.12736224697437137],[0.1273702869657427],,,,,,,,,,,,,,,,,,,,,,,,,,,,,,,,,,,,926139,001,2024-07-16_22h01.51.581,SenstirEs_warningandinstructions,2024.1.4,None,2024-07-16 22h02.06.606639 +0200,
ÁNGEL GUARDIAN,,,,,,,,,0,13,13,13,46.07722114108037,,,,,,,,,,,,,,,,45.95331987401005,46.07722114108037,46.07722114108037,46.07722114108037,46.07722114108037,46.07722114108037,46.07722114108037,46.07722114108037,46.07722114108037,46.07722114108037,46.07722114108037,46.07722114108037,46.07722114108037,46.07722114108037,46.07722114108037,46.07722114108037,46.169035198981874,None,None,None,None,None,None,None,None,None,None,None,None,1,[0.12774008407723159],[0.12774931103922427],,,,,,,,,,,,,,,,,,,,,,,,,,,,,,,,,,,,926139,001,2024-07-16_22h01.51.581,SenstirEs_warningandinstructions,2024.1.4,None,2024-07-16 22h02.06.606639 +0200,
JURAR,,,,,,,,,0,14,14,14,46.29371687001549,,,,,,,,,,,,,,,,46.17018737003673,46.29371687001549,46.29371687001549,46.29371687001549,46.29371687001549,46.29371687001549,46.29371687001549,46.29371687001549,46.29371687001549,46.29371687001549,46.29371687001549,46.29371687001549,46.29371687001549,46.29371687001549,46.29371687001549,46.29371687001549,46.6517907360103,None,None,None,None,None,None,None,None,None,None,None,None,1,[0.3952180340420455],[0.39522638299968094],,,,,,,,,,,,,,,,,,,,,,,,,,,,,,,,,,,,926139,001,2024-07-16_22h01.51.581,SenstirEs_warningandinstructions,2024.1.4,None,2024-07-16 22h02.06.606639 +0200,
RETOMAR,,,,,,,,,0,15,15,15,46.777289401972666,,,,,,,,,,,,,,,,46.6526994809974,46.777289401972666,46.777289401972666,46.777289401972666,46.777289401972666,46.777289401972666,46.777289401972666,46.777289401972666,46.777289401972666,46.777289401972666,46.777289401972666,46.777289401972666,46.777289401972666,46.777289401972666,46.777289401972666,46.777289401972666,46.86782312497962,None,None,None,None,None,None,None,None,None,None,None,None,1,[0.12856839795131236],[0.12857770395930856],,,,,,,,,,,,,,,,,,,,,,,,,,,,,,,,,,,,926139,001,2024-07-16_22h01.51.581,SenstirEs_warningandinstructions,2024.1.4,None,2024-07-16 22h02.06.606639 +0200,
CÓDIGO DE BARRAS,,,,,,,,,0,16,16,16,46.99388139799703,,,,,,,,,,,,,,,,46.86891409405507,46.99388139799703,46.99388139799703,46.99388139799703,46.99388139799703,46.99388139799703,46.99388139799703,46.99388139799703,46.99388139799703,46.99388139799703,46.99388139799703,46.99388139799703,46.99388139799703,46.99388139799703,46.99388139799703,46.99388139799703,47.0850738810841,None,None,None,None,None,None,None,None,None,None,None,None,1,[0.12703144003171474],[0.1270402770023793],,,,,,,,,,,,,,,,,,,,,,,,,,,,,,,,,,,,926139,001,2024-07-16_22h01.51.581,SenstirEs_warningandinstructions,2024.1.4,None,2024-07-16 22h02.06.606639 +0200,
GOLPECITO,,,,,,,,,0,17,17,17,47.21052851504646,,,,,,,,,,,,,,,,47.08617442997638,47.21052851504646,47.21052851504646,47.21052851504646,47.21052851504646,47.21052851504646,47.21052851504646,47.21052851504646,47.21052851504646,47.21052851504646,47.21052851504646,47.21052851504646,47.21052851504646,47.21052851504646,47.21052851504646,47.21052851504646,47.36904570297338,None,None,None,None,None,None,None,None,None,None,None,None,1,[0.19700491894036531],[0.19701417593751103],,,,,,,,,,,,,,,,,,,,,,,,,,,,,,,,,,,,926139,001,2024-07-16_22h01.51.581,SenstirEs_warningandinstructions,2024.1.4,None,2024-07-16 22h02.06.606639 +0200,
VER,,,,,,,,,0,18,18,18,47.49393289408181,,,,,,,,,,,,,,,,47.369965379009955,47.49393289408181,47.49393289408181,47.49393289408181,47.49393289408181,47.49393289408181,47.49393289408181,47.49393289408181,47.49393289408181,47.49393289408181,47.49393289408181,47.49393289408181,47.49393289408181,47.49393289408181,47.49393289408181,47.49393289408181,47.650249388068914,None,None,None,None,None,None,None,None,None,None,None,None,1,[0.19556727597955614],[0.1955739939585328],,,,,,,,,,,,,,,,,,,,,,,,,,,,,,,,,,,,926139,001,2024-07-16_22h01.51.581,SenstirEs_warningandinstructions,2024.1.4,None,2024-07-16 22h02.06.606639 +0200,
APRETÓN DE MANOS,,,,,,,,,0,19,19,19,47.77707505808212,,,,,,,,,,,,,,,,47.65141248097643,47.77707505808212,47.77707505808212,47.77707505808212,47.77707505808212,47.77707505808212,47.77707505808212,47.77707505808212,47.77707505808212,47.77707505808212,47.77707505808212,47.77707505808212,47.77707505808212,47.77707505808212,47.77707505808212,47.77707505808212,47.935904953978024,None,None,None,None,None,None,None,None,None,None,None,None,1,[0.19748008996248245],[0.19748806103598326],,,,,,,,,,,,,,,,,,,,,,,,,,,,,,,,,,,,926139,001,2024-07-16_22h01.51.581,SenstirEs_warningandinstructions,2024.1.4,None,2024-07-16 22h02.06.606639 +0200,
CERNIR,,,,,,,,,0,20,20,20,48.06037650606595,,,,,,,,,,,,,,,,47.93678849900607,48.06037650606595,48.06037650606595,48.06037650606595,48.06037650606595,48.06037650606595,48.06037650606595,48.06037650606595,48.06037650606595,48.06037650606595,48.06037650606595,48.06037650606595,48.06037650606595,48.06037650606595,48.06037650606595,48.06037650606595,48.41887399298139,None,None,None,None,None,None,None,None,None,None,None,None,1,[0.3951623250031844],[0.3951727310195565],,,,,,,,,,,,,,,,,,,,,,,,,,,,,,,,,,,,926139,001,2024-07-16_22h01.51.581,SenstirEs_warningandinstructions,2024.1.4,None,2024-07-16 22h02.06.606639 +0200,
ASEGURAR,,,,,,,,,0,21,21,21,48.54384100297466,,,,,,,,,,,,,,,,48.4198559030192,48.54384100297466,48.54384100297466,48.54384100297466,48.54384100297466,48.54384100297466,48.54384100297466,48.54384100297466,48.54384100297466,48.54384100297466,48.54384100297466,48.54384100297466,48.54384100297466,48.54384100297466,48.54384100297466,48.54384100297466,48.70208648405969,None,None,None,None,None,None,None,None,None,None,None,None,1,[0.19581286399625242],[0.19582336209714413],,,,,,,,,,,,,,,,,,,,,,,,,,,,,,,,,,,,926139,001,2024-07-16_22h01.51.581,SenstirEs_warningandinstructions,2024.1.4,None,2024-07-16 22h02.06.606639 +0200,
CARIÑOSO,,,,,,,,,0,22,22,22,48.828774849069305,,,,,,,,,,,,,,,,48.7029656029772,48.828774849069305,48.828774849069305,48.828774849069305,48.828774849069305,48.828774849069305,48.828774849069305,48.828774849069305,48.828774849069305,48.828774849069305,48.828774849069305,48.828774849069305,48.828774849069305,48.828774849069305,48.828774849069305,48.828774849069305,48.98519682104234,None,None,None,None,None,None,None,None,None,None,None,None,1,[0.1902797040529549],[0.19028772599995136],,,,,,,,,,,,,,,,,,,,,,,,,,,,,,,,,,,,926139,001,2024-07-16_22h01.51.581,SenstirEs_warningandinstructions,2024.1.4,None,2024-07-16 22h02.06.606639 +0200,
PICAR,,,,,,,,,0,23,23,23,49.110499146045186,,,,,,,,,,,,,,,,48.98607999307569,49.110499146045186,49.110499146045186,49.110499146045186,49.110499146045186,49.110499146045186,49.110499146045186,49.110499146045186,49.110499146045186,49.110499146045186,49.110499146045186,49.110499146045186,49.110499146045186,49.110499146045186,49.110499146045186,49.110499146045186,49.268064978998154,None,None,None,None,None,None,None,None,None,None,None,None,1,[0.19592841807752848],[0.19593687599990517],,,,,,,,,,,,,,,,,,,,,,,,,,,,,,,,,,,,926139,001,2024-07-16_22h01.51.581,SenstirEs_warningandinstructions,2024.1.4,None,2024-07-16 22h02.06.606639 +0200,
COLORES,,,,,,,,,0,24,24,24,49.393874097033404,,,,,,,,,,,,,,,,49.26897600607481,49.393874097033404,49.393874097033404,49.393874097033404,49.393874097033404,49.393874097033404,49.393874097033404,49.393874097033404,49.393874097033404,49.393874097033404,49.393874097033404,49.393874097033404,49.393874097033404,49.393874097033404,49.393874097033404,49.393874097033404,49.48514171806164,None,None,None,None,None,None,None,None,None,None,None,None,1,[0.12956564803607762],[0.12957449501845986],,,,,,,,,,,,,,,,,,,,,,,,,,,,,,,,,,,,926139,001,2024-07-16_22h01.51.581,SenstirEs_warningandinstructions,2024.1.4,None,2024-07-16 22h02.06.606639 +0200,
SENTIR,,,,,,,,,0,25,25,25,49.610488196020015,,,,,,,,,,,,,,,,49.4861419639783,49.610488196020015,49.610488196020015,49.610488196020015,49.610488196020015,49.610488196020015,49.610488196020015,49.610488196020015,49.610488196020015,49.610488196020015,49.610488196020015,49.610488196020015,49.610488196020015,49.610488196020015,49.610488196020015,49.610488196020015,49.70251089101657,None,None,None,None,None,None,None,None,None,None,None,None,1,[0.12971514207310975],[0.12972436007112265],,,,,,,,,,,,,,,,,,,,,,,,,,,,,,,,,,,,926139,001,2024-07-16_22h01.51.581,SenstirEs_warningandinstructions,2024.1.4,None,2024-07-16 22h02.06.606639 +0200,
DURA,,,,,,,,,0,26,26,26,49.82716064702254,,,,,,,,,,,,,,,,49.70363341504708,49.82716064702254,49.82716064702254,49.82716064702254,49.82716064702254,49.82716064702254,49.82716064702254,49.82716064702254,49.82716064702254,49.82716064702254,49.82716064702254,49.82716064702254,49.82716064702254,49.82716064702254,49.82716064702254,49.82716064702254,49.98662565101404,None,None,None,None,None,None,None,None,None,None,None,None,1,[0.19568234693724662],[0.1957192369736731],,,,,,,,,,,,,,,,,,,,,,,,,,,,,,,,,,,,926139,001,2024-07-16_22h01.51.581,SenstirEs_warningandinstructions,2024.1.4,None,2024-07-16 22h02.06.606639 +0200,
HIPERCINÉTICO,,,,,,,,,0,27,27,27,50.11038478498813,,,,,,,,,,,,,,,,49.98750160099007,50.11038478498813,50.11038478498813,50.11038478498813,50.11038478498813,50.11038478498813,50.11038478498813,50.11038478498813,50.11038478498813,50.11038478498813,50.11038478498813,50.11038478498813,50.11038478498813,50.11038478498813,50.11038478498813,50.11038478498813,50.135467492975295,None,None,None,None,None,None,None,None,None,None,None,None,1,[0.061029060976579785],[0.061037456966005266],,,,,,,,,,,,,,,,,,,,,,,,,,,,,,,,,,,,926139,001,2024-07-16_22h01.51.581,SenstirEs_warningandinstructions,2024.1.4,None,2024-07-16 22h02.06.606639 +0200,
ATERCIOPELADO,,,,,,,,,0,28,28,28,50.26027855207212,,,,,,,,,,,,,,,,50.13635081402026,50.26027855207212,50.26027855207212,50.26027855207212,50.26027855207212,50.26027855207212,50.26027855207212,50.26027855207212,50.26027855207212,50.26027855207212,50.26027855207212,50.26027855207212,50.26027855207212,50.26027855207212,50.26027855207212,50.26027855207212,50.41903463599738,None,None,None,None,None,None,None,None,None,None,None,None,1,[0.19567634898703545],[0.1956845399690792],,,,,,,,,,,,,,,,,,,,,,,,,,,,,,,,,,,,926139,001,2024-07-16_22h01.51.581,SenstirEs_warningandinstructions,2024.1.4,None,2024-07-16 22h02.06.606639 +0200,
SUBLIMACIÓN,,,,,,,,,0,29,29,29,50.55978149303701,,,,,,,,,,,,,,,,50.41991424106527,50.55978149303701,50.55978149303701,50.55978149303701,50.55978149303701,50.55978149303701,50.55978149303701,50.55978149303701,50.55978149303701,50.55978149303701,50.55978149303701,50.55978149303701,50.55978149303701,50.55978149303701,50.55978149303701,50.55978149303701,50.651656724046916,None,None,None,None,None,None,None,None,None,None,None,None,1,[0.13589866599068046],[0.13590750703588128],,,,,,,,,,,,,,,,,,,,,,,,,,,,,,,,,,,,926139,001,2024-07-16_22h01.51.581,SenstirEs_warningandinstructions,2024.1.4,None,2024-07-16 22h02.06.606639 +0200,
SITIO WEB,,,,,,,,,0,30,30,30,50.777132424060255,,,,,,,,,,,,,,,,50.65253079903778,50.777132424060255,50.777132424060255,50.777132424060255,50.777132424060255,50.777132424060255,50.777132424060255,50.777132424060255,50.777132424060255,50.777132424060255,50.777132424060255,50.777132424060255,50.777132424060255,50.777132424060255,50.777132424060255,50.777132424060255,50.86971026600804,None,None,None,None,None,None,None,None,None,None,None,None,1,[0.1296208710409701],[0.12963029299862683],,,,,,,,,,,,,,,,,,,,,,,,,,,,,,,,,,,,926139,001,2024-07-16_22h01.51.581,SenstirEs_warningandinstructions,2024.1.4,None,2024-07-16 22h02.06.606639 +0200,
IMÁGENES,,,,,,,,,0,31,31,31,50.99364465707913,,,,,,,,,,,,,,,,50.870585998054594,50.99364465707913,50.99364465707913,50.99364465707913,50.99364465707913,50.99364465707913,50.99364465707913,50.99364465707913,50.99364465707913,50.99364465707913,50.99364465707913,50.99364465707913,50.99364465707913,50.99364465707913,50.99364465707913,50.99364465707913,51.15225492708851,None,None,None,None,None,None,None,None,None,None,None,None,1,[0.19400138908531517],[0.1940101010259241],,,,,,,,,,,,,,,,,,,,,,,,,,,,,,,,,,,,926139,001,2024-07-16_22h01.51.581,SenstirEs_warningandinstructions,2024.1.4,None,2024-07-16 22h02.06.606639 +0200,
CONDUCTOR DE AUTOBÚS,,,,,,,,,0,32,32,32,51.27724327298347,,,,,,,,,,,,,,,,51.1531590949744,51.27724327298347,51.27724327298347,51.27724327298347,51.27724327298347,51.27724327298347,51.27724327298347,51.27724327298347,51.27724327298347,51.27724327298347,51.27724327298347,51.27724327298347,51.27724327298347,51.27724327298347,51.27724327298347,51.27724327298347,51.36851613607723,None,None,None,None,None,None,None,None,None,None,None,None,1,[0.1256721430690959],[0.1256799401016906],,,,,,,,,,,,,,,,,,,,,,,,,,,,,,,,,,,,926139,001,2024-07-16_22h01.51.581,SenstirEs_warningandinstructions,2024.1.4,None,2024-07-16 22h02.06.606639 +0200,
MOUNMENTO,,,,,,,,,0,33,33,33,51.49378818797413,,,,,,,,,,,,,,,,51.369395869085565,51.49378818797413,51.49378818797413,51.49378818797413,51.49378818797413,51.49378818797413,51.49378818797413,51.49378818797413,51.49378818797413,51.49378818797413,51.49378818797413,51.49378818797413,51.49378818797413,51.49378818797413,51.49378818797413,51.49378818797413,51.58481136802584,None,None,None,None,None,None,None,None,None,None,None,None,1,[0.12879424099810421],[0.1288040679646656],,,,,,,,,,,,,,,,,,,,,,,,,,,,,,,,,,,,926139,001,2024-07-16_22h01.51.581,SenstirEs_warningandinstructions,2024.1.4,None,2024-07-16 22h02.06.606639 +0200,
,,,,,,,,,,,,,,,,,,,,,,,,,,,,,,,,,,,,,,,,,,,,,,,,,,,,,,,,,,,,,,,,,,,,,,,,,,,,,,,,,,,,,,,,,,,51.58584865403827,51.633885233080946,51.633885233080946,51.633885233080946,51.633885233080946,,,,,,,,
