Idex,Word,Category
0,VISTA LATERAL,highly visual
213,LISO,highly haptic 
614,DOLOROSO,balanced 
6,WIKIPEDIA,highly visual
611,TOMILLO,balanced 
416,CONSIGUIENTE ,none 
403,EXCRETOR,none 
206,MASAJE,highly haptic 
607,ABRIGARSE,balanced 
605,COXIS,balanced 
205,FROTAR,highly haptic 
418,NO,none 
201,ESPINOSO,highly haptic 
404,ÁNGEL GUARDIÁN,none 
409,JURAR,none 
601,RETOMAR,balanced 
2,CÓDIGO DE BARRAS,highly visual
620,GOLPECITO,balanced 
3,VER,highly visual
200,APRETÓN DE MANOS,highly haptic 
613,CERNIR,balanced 
420,ASEGURAR,none 
210,CARIÑOSO,highly haptic 
217,PICAR,highly haptic 
7,COLORES,highly visual
209,SENTIR,highly haptic 
221,DURA,highly haptic 
415,HIPERCINÉTICO,none 
204,ATERCIOPELADO,highly haptic 
411,SUBLIMACIÓN,none 
14,SITIO WEB,highly visual
17,IMÁGENES,highly visual
19,CONDUCTOR DE AUTOBÚS,highly visual
18,MONUMENTO,highly visual