Index,Word,Category
203,EMOCIONANTE,highly haptic
610,CUAJAR,balanced
16,DÍA,highly visual
8,A LA VISTA,highly visual
407,SOBRESCRIBIR,none
202,TOCAR,highly haptic
211,SUAVIDAD,highly haptic
401,INTUITIVAMENTE,none
618,FÉMUR,balanced
212,ACARICIADO,highly haptic
208,ACARICIAR,highly haptic
214,PELUDO,highly haptic
616,INDESTRUCTIBILIDAD,balanced
215,MASILLOSO,highly haptic
406,AULLIDO,none
612,TÁCTILMENTE,balanced
11,CARA,highly visual
408,DEPLORAR,none
218,TORRINO,highly haptic