Index,Word,Category
600,TIRADO,balanced 
400,PARAPSICOLOGÍA,none 
617,DIESTRO,balanced 
417,PESIMISTA,none 
603,PICAPORTE,balanced 
410,MALA PERSONA,none 
15,CIELOS,highly visual
13,VISTA,highly visual
405,PELIGRO,none 
207,AGARRE,highly haptic 
414,INCOMUNICABILIDAD,none 
10,YOUTUBE,highly visual
602,AFLOJAR,balanced 
608,GOLPE,balanced 
413,PODRÍA,none 
12,TELEVISION,highly visual
23,VISIBLE,highly visual
615,NO COMESTIBLE,balanced 
419,ALÉRGICO,none 
4,BONITO,highly visual
216,SEDOSO,highly haptic 
9,VISTA,highly visual
619,ETIQUETA,balanced 
606,ENROSCARSE,balanced 
609,COLUMNA VERTEBRAL,balanced 