﻿Word,SentirEs_19.thisRepN,SentirEs_19.thisTrialN,SentirEs_19.thisN,SentirEs_19.thisIndex,SentirEs_45.thisRepN,SentirEs_45.thisTrialN,SentirEs_45.thisN,SentirEs_45.thisIndex,SentirEs_78.thisRepN,SentirEs_78.thisTrialN,SentirEs_78.thisN,SentirEs_78.thisIndex,thisRow.t,notes,warning_span.started,warning_SentirEs.started,Siguente.started,warning_span.stopped,Siguente.numClicks,Siguente.timesOn,Siguente.timesOff,SentirEs_intructions_Span.started,intructions.started,Siguente_instructions.started,SentirEs_intructions_Span.stopped,Siguente_instructions.numClicks,Siguente_instructions.timesOn,Siguente_instructions.timesOff,SentirEs_likert_span.started,text.started,stimuli.started,perceptual_audition.started,perceptual_gustatory.started,perceptual_haptic.started,perceptual_interocepticve.started,perceptual_olfaction.started,perceptual_visual.started,Audition.started,Gustatory.started,Haptic.started,Interoception.started,Olfaction.started,Vision.started,Siguente_stim.started,No_se.started,SentirEs_likert_span.stopped,Audition.response,Audition.rt,Gustatory.response,Gustatory.rt,Haptic.response,Haptic.rt,Interoception.response,Interoception.rt,Olfaction.response,Olfaction.rt,Vision.response,Vision.rt,Siguente_stim.numClicks,Siguente_stim.timesOn,Siguente_stim.timesOff,No_se.numClicks,No_se.timesOn,No_se.timesOff,SenstirEs_catch_Span_1.started,catch_1.started,Oso.started,Ave.started,Pez.started,SenstirEs_catch_Span_1.stopped,Oso.numClicks,Oso.timesOn,Oso.timesOff,Ave.numClicks,Ave.timesOn,Ave.timesOff,Pez.numClicks,Pez.timesOn,Pez.timesOff,SenstirEs_catch_Span_2.started,catch_2.started,quinze.started,cien.started,setentaidos.started,SenstirEs_catch_Span_2.stopped,quinze.numClicks,quinze.timesOn,quinze.timesOff,cien.numClicks,cien.timesOn,cien.timesOff,setentaidos.numClicks,setentaidos.timesOn,setentaidos.timesOff,participant,session,date,expName,psychopyVersion,frameRate,expStart,
,,,,,,,,,,,,,,,0.05394848500145599,0.10171100404113531,0.10171100404113531,1.8317365249968134,1,[1.7750007239519618],[1.7750090579502285],,,,,,,,,,,,,,,,,,,,,,,,,,,,,,,,,,,,,,,,,,,,,,,,,,,,,,,,,,,,,,,,,,,,,,,,,,305744,001,2024-08-19_13h03.00.951,SenstirEs_warningandinstructions,2024.1.4,None,2024-08-19 13h03.13.204538 +0200,
,,,,,,,,,,,,,,,,,,,,,,1.83186369901523,1.8602544220048003,1.8602544220048003,2.331752514000982,1,[0.4975905669853091],[0.49759903200902045],,,,,,,,,,,,,,,,,,,,,,,,,,,,,,,,,,,,,,,,,,,,,,,,,,,,,,,,,,,,,,,,,,,305744,001,2024-08-19_13h03.00.951,SenstirEs_warningandinstructions,2024.1.4,None,2024-08-19 13h03.13.204538 +0200,
EMOCIONANTE,0,0,0,0,,,,,,,,,2.5643770479946397,,,,,,,,,,,,,,,,2.339201719034463,2.5643770479946397,2.5643770479946397,2.5643770479946397,2.5643770479946397,2.5643770479946397,2.5643770479946397,2.5643770479946397,2.5643770479946397,2.5643770479946397,2.5643770479946397,2.5643770479946397,2.5643770479946397,2.5643770479946397,2.5643770479946397,2.5643770479946397,2.5643770479946397,3.16801960603334,None,None,None,None,None,None,None,None,None,None,None,None,1,[0.7341861450113356],[0.7341965609812178],0,,,,,,,,,,,,,,,,,,,,,,,,,,,,,,,,,305744,001,2024-08-19_13h03.00.951,SenstirEs_warningandinstructions,2024.1.4,None,2024-08-19 13h03.13.204538 +0200,
CUAJAR,0,1,1,1,,,,,,,,,3.2945150940213352,,,,,,,,,,,,,,,,3.1697704200050794,3.2945150940213352,3.2945150940213352,3.2945150940213352,3.2945150940213352,3.2945150940213352,3.2945150940213352,3.2945150940213352,3.2945150940213352,3.2945150940213352,3.2945150940213352,3.2945150940213352,3.2945150940213352,3.2945150940213352,3.2945150940213352,3.2945150940213352,3.2945150940213352,3.3835790370358154,None,None,None,None,None,None,None,None,None,None,None,None,1,[0.12527799501549453],[0.12528714002110064],0,,,,,,,,,,,,,,,,,,,,,,,,,,,,,,,,,305744,001,2024-08-19_13h03.00.951,SenstirEs_warningandinstructions,2024.1.4,None,2024-08-19 13h03.13.204538 +0200,
DIA,0,2,2,2,,,,,,,,,3.50923819700256,,,,,,,,,,,,,,,,3.384642003045883,3.50923819700256,3.50923819700256,3.50923819700256,3.50923819700256,3.50923819700256,3.50923819700256,3.50923819700256,3.50923819700256,3.50923819700256,3.50923819700256,3.50923819700256,3.50923819700256,3.50923819700256,3.50923819700256,3.50923819700256,3.50923819700256,3.535004060016945,None,None,None,None,None,None,None,None,None,None,None,None,1,[0.06282739999005571],[0.06283672398421913],0,,,,,,,,,,,,,,,,,,,,,,,,,,,,,,,,,305744,001,2024-08-19_13h03.00.951,SenstirEs_warningandinstructions,2024.1.4,None,2024-08-19 13h03.13.204538 +0200,
A LA VISTA,0,3,3,3,,,,,,,,,3.663335742021445,,,,,,,,,,,,,,,,3.5360063630505465,3.663335742021445,3.663335742021445,3.663335742021445,3.663335742021445,3.663335742021445,3.663335742021445,3.663335742021445,3.663335742021445,3.663335742021445,3.663335742021445,3.663335742021445,3.663335742021445,3.663335742021445,3.663335742021445,3.663335742021445,3.663335742021445,3.6876545210252516,None,None,None,None,None,None,None,None,None,None,None,None,1,[0.0600987880025059],[0.060107105993665755],0,,,,,,,,,,,,,,,,,,,,,,,,,,,,,,,,,305744,001,2024-08-19_13h03.00.951,SenstirEs_warningandinstructions,2024.1.4,None,2024-08-19 13h03.13.204538 +0200,
SOBRESCRIBIR,0,4,4,4,,,,,,,,,3.8089234060025774,,,,,,,,,,,,,,,,3.688647138013039,3.8089234060025774,3.8089234060025774,3.8089234060025774,3.8089234060025774,3.8089234060025774,3.8089234060025774,3.8089234060025774,3.8089234060025774,3.8089234060025774,3.8089234060025774,3.8089234060025774,3.8089234060025774,3.8089234060025774,3.8089234060025774,3.8089234060025774,3.8089234060025774,3.910554388014134,None,None,None,None,None,None,None,None,None,None,None,None,1,[0.1250866800546646],[0.12509354000212625],0,,,,,,,,,,,,,,,,,,,,,,,,,,,,,,,,,305744,001,2024-08-19_13h03.00.951,SenstirEs_warningandinstructions,2024.1.4,None,2024-08-19 13h03.13.204538 +0200,
TOCAR,0,5,5,5,,,,,,,,,4.041997942025773,,,,,,,,,,,,,,,,3.91238533903379,4.041997942025773,4.041997942025773,4.041997942025773,4.041997942025773,4.041997942025773,4.041997942025773,4.041997942025773,4.041997942025773,4.041997942025773,4.041997942025773,4.041997942025773,4.041997942025773,4.041997942025773,4.041997942025773,4.041997942025773,4.041997942025773,4.0680582920322195,None,None,None,None,None,None,None,None,None,None,None,None,1,[0.05837410100502893],[0.05838302802294493],0,,,,,,,,,,,,,,,,,,,,,,,,,,,,,,,,,305744,001,2024-08-19_13h03.00.951,SenstirEs_warningandinstructions,2024.1.4,None,2024-08-19 13h03.13.204538 +0200,
SUAVIDAD,0,6,6,6,,,,,,,,,4.1927360920235515,,,,,,,,,,,,,,,,4.069098656997085,4.1927360920235515,4.1927360920235515,4.1927360920235515,4.1927360920235515,4.1927360920235515,4.1927360920235515,4.1927360920235515,4.1927360920235515,4.1927360920235515,4.1927360920235515,4.1927360920235515,4.1927360920235515,4.1927360920235515,4.1927360920235515,4.1927360920235515,4.1927360920235515,4.286112355010118,None,None,None,None,None,None,None,None,None,None,None,None,1,[0.12741927203023806],[0.1274284980027005],0,,,,,,,,,,,,,,,,,,,,,,,,,,,,,,,,,305744,001,2024-08-19_13h03.00.951,SenstirEs_warningandinstructions,2024.1.4,None,2024-08-19 13h03.13.204538 +0200,
INTUITIVAMENTE,0,7,7,7,,,,,,,,,4.409627656044904,,,,,,,,,,,,,,,,4.287104350049049,4.409627656044904,4.409627656044904,4.409627656044904,4.409627656044904,4.409627656044904,4.409627656044904,4.409627656044904,4.409627656044904,4.409627656044904,4.409627656044904,4.409627656044904,4.409627656044904,4.409627656044904,4.409627656044904,4.409627656044904,4.409627656044904,4.434287125011906,None,None,None,None,None,None,None,None,None,None,None,None,1,[0.059884897025767714],[0.0598937600152567],0,,,,,,,,,,,,,,,,,,,,,,,,,,,,,,,,,305744,001,2024-08-19_13h03.00.951,SenstirEs_warningandinstructions,2024.1.4,None,2024-08-19 13h03.13.204538 +0200,
FÉMUR,0,8,8,8,,,,,,,,,4.559456934046466,,,,,,,,,,,,,,,,4.435282256046776,4.559456934046466,4.559456934046466,4.559456934046466,4.559456934046466,4.559456934046466,4.559456934046466,4.559456934046466,4.559456934046466,4.559456934046466,4.559456934046466,4.559456934046466,4.559456934046466,4.559456934046466,4.559456934046466,4.559456934046466,4.559456934046466,4.650520940020215,None,None,None,None,None,None,None,None,None,None,None,None,1,[0.1268283179961145],[0.12683669198304415],0,,,,,,,,,,,,,,,,,,,,,,,,,,,,,,,,,305744,001,2024-08-19_13h03.00.951,SenstirEs_warningandinstructions,2024.1.4,None,2024-08-19 13h03.13.204538 +0200,
ACARICIADO,0,9,9,9,,,,,,,,,4.775942709995434,,,,,,,,,,,,,,,,4.651552076044027,4.775942709995434,4.775942709995434,4.775942709995434,4.775942709995434,4.775942709995434,4.775942709995434,4.775942709995434,4.775942709995434,4.775942709995434,4.775942709995434,4.775942709995434,4.775942709995434,4.775942709995434,4.775942709995434,4.775942709995434,4.775942709995434,4.800599572015926,None,None,None,None,None,None,None,None,None,None,None,None,1,[0.0631034389953129],[0.06311388098401949],0,,,,,,,,,,,,,,,,,,,,,,,,,,,,,,,,,305744,001,2024-08-19_13h03.00.951,SenstirEs_warningandinstructions,2024.1.4,None,2024-08-19 13h03.13.204538 +0200,
ACARICIAR,0,10,10,10,,,,,,,,,4.926105624996126,,,,,,,,,,,,,,,,4.8015990990097634,4.926105624996126,4.926105624996126,4.926105624996126,4.926105624996126,4.926105624996126,4.926105624996126,4.926105624996126,4.926105624996126,4.926105624996126,4.926105624996126,4.926105624996126,4.926105624996126,4.926105624996126,4.926105624996126,4.926105624996126,4.926105624996126,5.01809842401417,None,None,None,None,None,None,None,None,None,None,None,None,1,[0.12913704896345735],[0.1291758469888009],0,,,,,,,,,,,,,,,,,,,,,,,,,,,,,,,,,305744,001,2024-08-19_13h03.00.951,SenstirEs_warningandinstructions,2024.1.4,None,2024-08-19 13h03.13.204538 +0200,
PELUDO,0,11,11,11,,,,,,,,,5.142991046013776,,,,,,,,,,,,,,,,5.019083343038801,5.142991046013776,5.142991046013776,5.142991046013776,5.142991046013776,5.142991046013776,5.142991046013776,5.142991046013776,5.142991046013776,5.142991046013776,5.142991046013776,5.142991046013776,5.142991046013776,5.142991046013776,5.142991046013776,5.142991046013776,5.142991046013776,5.233039638027549,None,None,None,None,None,None,None,None,None,None,None,None,1,[0.12743509403662756],[0.12744495505467057],0,,,,,,,,,,,,,,,,,,,,,,,,,,,,,,,,,305744,001,2024-08-19_13h03.00.951,SenstirEs_warningandinstructions,2024.1.4,None,2024-08-19 13h03.13.204538 +0200,
INDESTRUCTIBILIDAD,0,12,12,12,,,,,,,,,5.359376147040166,,,,,,,,,,,,,,,,5.234224111016374,5.359376147040166,5.359376147040166,5.359376147040166,5.359376147040166,5.359376147040166,5.359376147040166,5.359376147040166,5.359376147040166,5.359376147040166,5.359376147040166,5.359376147040166,5.359376147040166,5.359376147040166,5.359376147040166,5.359376147040166,5.359376147040166,5.451203386997804,None,None,None,None,None,None,None,None,None,None,None,None,1,[0.13026699796319008],[0.1302783179562539],0,,,,,,,,,,,,,,,,,,,,,,,,,,,,,,,,,305744,001,2024-08-19_13h03.00.951,SenstirEs_warningandinstructions,2024.1.4,None,2024-08-19 13h03.13.204538 +0200,
MASILLOSO,0,13,13,13,,,,,,,,,5.575860614015255,,,,,,,,,,,,,,,,5.452498237020336,5.575860614015255,5.575860614015255,5.575860614015255,5.575860614015255,5.575860614015255,5.575860614015255,5.575860614015255,5.575860614015255,5.575860614015255,5.575860614015255,5.575860614015255,5.575860614015255,5.575860614015255,5.575860614015255,5.575860614015255,5.575860614015255,5.667431513022166,None,None,None,None,None,None,None,None,None,None,None,None,1,[0.12798316503176466],[0.1279919250519015],0,,,,,,,,,,,,,,,,,,,,,,,,,,,,,,,,,305744,001,2024-08-19_13h03.00.951,SenstirEs_warningandinstructions,2024.1.4,None,2024-08-19 13h03.13.204538 +0200,
AULLIDO,0,14,14,14,,,,,,,,,5.793895742041059,,,,,,,,,,,,,,,,5.66841846704483,5.793895742041059,5.793895742041059,5.793895742041059,5.793895742041059,5.793895742041059,5.793895742041059,5.793895742041059,5.793895742041059,5.793895742041059,5.793895742041059,5.793895742041059,5.793895742041059,5.793895742041059,5.793895742041059,5.793895742041059,5.793895742041059,5.817489963024855,None,None,None,None,None,None,None,None,None,None,None,None,1,[0.06363494601100683],[0.06364219699753448],0,,,,,,,,,,,,,,,,,,,,,,,,,,,,,,,,,305744,001,2024-08-19_13h03.00.951,SenstirEs_warningandinstructions,2024.1.4,None,2024-08-19 13h03.13.204538 +0200,
TACTILMENTE,0,15,15,15,,,,,,,,,5.94271526101511,,,,,,,,,,,,,,,,5.818490440025926,5.94271526101511,5.94271526101511,5.94271526101511,5.94271526101511,5.94271526101511,5.94271526101511,5.94271526101511,5.94271526101511,5.94271526101511,5.94271526101511,5.94271526101511,5.94271526101511,5.94271526101511,5.94271526101511,5.94271526101511,5.94271526101511,6.2344243110273965,None,None,None,None,None,None,None,None,None,None,None,None,1,[0.3280152340303175],[0.3280239980085753],0,,,,,,,,,,,,,,,,,,,,,,,,,,,,,,,,,305744,001,2024-08-19_13h03.00.951,SenstirEs_warningandinstructions,2024.1.4,None,2024-08-19 13h03.13.204538 +0200,
CARA,0,16,16,16,,,,,,,,,6.35942710400559,,,,,,,,,,,,,,,,6.2357072830200195,6.35942710400559,6.35942710400559,6.35942710400559,6.35942710400559,6.35942710400559,6.35942710400559,6.35942710400559,6.35942710400559,6.35942710400559,6.35942710400559,6.35942710400559,6.35942710400559,6.35942710400559,6.35942710400559,6.35942710400559,6.35942710400559,6.450988063006662,None,None,None,None,None,None,None,None,None,None,None,None,1,[0.1286538580316119],[0.12866293400293216],0,,,,,,,,,,,,,,,,,,,,,,,,,,,,,,,,,305744,001,2024-08-19_13h03.00.951,SenstirEs_warningandinstructions,2024.1.4,None,2024-08-19 13h03.13.204538 +0200,
DEPLORAR,0,17,17,17,,,,,,,,,6.576051602023654,,,,,,,,,,,,,,,,6.451987028005533,6.576051602023654,6.576051602023654,6.576051602023654,6.576051602023654,6.576051602023654,6.576051602023654,6.576051602023654,6.576051602023654,6.576051602023654,6.576051602023654,6.576051602023654,6.576051602023654,6.576051602023654,6.576051602023654,6.576051602023654,6.576051602023654,6.667651374998968,None,None,None,None,None,None,None,None,None,None,None,None,1,[0.12749747897032648],[0.1275060029583983],0,,,,,,,,,,,,,,,,,,,,,,,,,,,,,,,,,305744,001,2024-08-19_13h03.00.951,SenstirEs_warningandinstructions,2024.1.4,None,2024-08-19 13h03.13.204538 +0200,
TORRINO ,0,18,18,18,,,,,,,,,6.792885190050583,,,,,,,,,,,,,,,,6.668638336996082,6.792885190050583,6.792885190050583,6.792885190050583,6.792885190050583,6.792885190050583,6.792885190050583,6.792885190050583,6.792885190050583,6.792885190050583,6.792885190050583,6.792885190050583,6.792885190050583,6.792885190050583,6.792885190050583,6.792885190050583,6.792885190050583,6.88350391300628,None,None,None,None,None,None,None,None,None,None,None,None,1,[0.1289439459796995],[0.12895264802500606],0,,,,,,,,,,,,,,,,,,,,,,,,,,,,,,,,,305744,001,2024-08-19_13h03.00.951,SenstirEs_warningandinstructions,2024.1.4,None,2024-08-19 13h03.13.204538 +0200,
,,,,,,,,,,,,,,,,,,,,,,,,,,,,,,,,,,,,,,,,,,,,,,,,,,,,,,,,,,,,,,,,,6.884408854006324,6.942545647034422,6.942545647034422,6.942545647034422,6.942545647034422,7.81300998700317,0,,,1,[0.9245653239777312],[0.9245758239994757],0,,,,,,,,,,,,,,,,,,305744,001,2024-08-19_13h03.00.951,SenstirEs_warningandinstructions,2024.1.4,None,2024-08-19 13h03.13.204538 +0200,
SEDOSO,,,,,0,0,0,20,,,,,7.942517435993068,,,,,,,,,,,,,,,,7.819561247015372,7.942517435993068,7.942517435993068,7.942517435993068,7.942517435993068,7.942517435993068,7.942517435993068,7.942517435993068,7.942517435993068,7.942517435993068,7.942517435993068,7.942517435993068,7.942517435993068,7.942517435993068,7.942517435993068,7.942517435993068,7.942517435993068,8.634970401995815,None,None,None,None,None,None,None,None,None,None,None,None,1,[0.7261323580169119],[0.7261430299840868],0,,,,,,,,,,,,,,,,,,,,,,,,,,,,,,,,,305744,001,2024-08-19_13h03.00.951,SenstirEs_warningandinstructions,2024.1.4,None,2024-08-19 13h03.13.204538 +0200,
VISTA,,,,,0,1,1,21,,,,,8.759215563011821,,,,,,,,,,,,,,,,8.636770074022934,8.759215563011821,8.759215563011821,8.759215563011821,8.759215563011821,8.759215563011821,8.759215563011821,8.759215563011821,8.759215563011821,8.759215563011821,8.759215563011821,8.759215563011821,8.759215563011821,8.759215563011821,8.759215563011821,8.759215563011821,8.759215563011821,8.852120370022021,None,None,None,None,None,None,None,None,None,None,None,None,1,[0.1274019519914873],[0.12741106195608154],0,,,,,,,,,,,,,,,,,,,,,,,,,,,,,,,,,305744,001,2024-08-19_13h03.00.951,SenstirEs_warningandinstructions,2024.1.4,None,2024-08-19 13h03.13.204538 +0200,
VISTA,,,,,0,2,2,7,,,,,8.975967600999866,,,,,,,,,,,,,,,,8.853554379020352,8.975967600999866,8.975967600999866,8.975967600999866,8.975967600999866,8.975967600999866,8.975967600999866,8.975967600999866,8.975967600999866,8.975967600999866,8.975967600999866,8.975967600999866,8.975967600999866,8.975967600999866,8.975967600999866,8.975967600999866,8.975967600999866,9.06796796101844,None,None,None,None,None,None,None,None,None,None,None,None,1,[0.12934765999671072],[0.12935642001684755],0,,,,,,,,,,,,,,,,,,,,,,,,,,,,,,,,,305744,001,2024-08-19_13h03.00.951,SenstirEs_warningandinstructions,2024.1.4,None,2024-08-19 13h03.13.204538 +0200,
BONITO,,,,,0,3,3,19,,,,,9.195797178021166,,,,,,,,,,,,,,,,9.068964130012318,9.195797178021166,9.195797178021166,9.195797178021166,9.195797178021166,9.195797178021166,9.195797178021166,9.195797178021166,9.195797178021166,9.195797178021166,9.195797178021166,9.195797178021166,9.195797178021166,9.195797178021166,9.195797178021166,9.195797178021166,9.195797178021166,9.220488185004797,None,None,None,None,None,None,None,None,None,None,None,None,1,[0.06208237394457683],[0.062091325991787016],0,,,,,,,,,,,,,,,,,,,,,,,,,,,,,,,,,305744,001,2024-08-19_13h03.00.951,SenstirEs_warningandinstructions,2024.1.4,None,2024-08-19 13h03.13.204538 +0200,
YOUTUBE,,,,,0,4,4,11,,,,,9.342653305036947,,,,,,,,,,,,,,,,9.221481371030677,9.342653305036947,9.342653305036947,9.342653305036947,9.342653305036947,9.342653305036947,9.342653305036947,9.342653305036947,9.342653305036947,9.342653305036947,9.342653305036947,9.342653305036947,9.342653305036947,9.342653305036947,9.342653305036947,9.342653305036947,9.342653305036947,9.434747666004114,None,None,None,None,None,None,None,None,None,None,None,None,1,[0.12515822501154616],[0.12516781099839136],0,,,,,,,,,,,,,,,,,,,,,,,,,,,,,,,,,305744,001,2024-08-19_13h03.00.951,SenstirEs_warningandinstructions,2024.1.4,None,2024-08-19 13h03.13.204538 +0200,
TELEVISION,,,,,0,5,5,15,,,,,9.5592167529976,,,,,,,,,,,,,,,,9.435864926024806,9.5592167529976,9.5592167529976,9.5592167529976,9.5592167529976,9.5592167529976,9.5592167529976,9.5592167529976,9.5592167529976,9.5592167529976,9.5592167529976,9.5592167529976,9.5592167529976,9.5592167529976,9.5592167529976,9.5592167529976,9.5592167529976,9.650891380035318,None,None,None,None,None,None,None,None,None,None,None,None,1,[0.1290535560110584],[0.1290622819797136],0,,,,,,,,,,,,,,,,,,,,,,,,,,,,,,,,,305744,001,2024-08-19_13h03.00.951,SenstirEs_warningandinstructions,2024.1.4,None,2024-08-19 13h03.13.204538 +0200,
ALÉRGICO,,,,,0,6,6,18,,,,,9.776130578015,,,,,,,,,,,,,,,,9.651877463038545,9.776130578015,9.776130578015,9.776130578015,9.776130578015,9.776130578015,9.776130578015,9.776130578015,9.776130578015,9.776130578015,9.776130578015,9.776130578015,9.776130578015,9.776130578015,9.776130578015,9.776130578015,9.776130578015,9.802392028039321,None,None,None,None,None,None,None,None,None,None,None,None,1,[0.06253898201975971],[0.06254833203274757],0,,,,,,,,,,,,,,,,,,,,,,,,,,,,,,,,,305744,001,2024-08-19_13h03.00.951,SenstirEs_warningandinstructions,2024.1.4,None,2024-08-19 13h03.13.204538 +0200,
MALA PERSONA,,,,,0,7,7,5,,,,,9.925767504028045,,,,,,,,,,,,,,,,9.803381100005936,9.925767504028045,9.925767504028045,9.925767504028045,9.925767504028045,9.925767504028045,9.925767504028045,9.925767504028045,9.925767504028045,9.925767504028045,9.925767504028045,9.925767504028045,9.925767504028045,9.925767504028045,9.925767504028045,9.925767504028045,9.925767504028045,10.01739971502684,None,None,None,None,None,None,None,None,None,None,None,None,1,[0.12574112100992352],[0.12575028598075733],0,,,,,,,,,,,,,,,,,,,,,,,,,,,,,,,,,305744,001,2024-08-19_13h03.00.951,SenstirEs_warningandinstructions,2024.1.4,None,2024-08-19 13h03.13.204538 +0200,
CIELOS,,,,,0,8,8,6,,,,,10.142630232032388,,,,,,,,,,,,,,,,10.018379814049695,10.142630232032388,10.142630232032388,10.142630232032388,10.142630232032388,10.142630232032388,10.142630232032388,10.142630232032388,10.142630232032388,10.142630232032388,10.142630232032388,10.142630232032388,10.142630232032388,10.142630232032388,10.142630232032388,10.142630232032388,10.142630232032388,10.167620124004316,None,None,None,None,None,None,None,None,None,None,None,None,1,[0.06288989103632048],[0.06290241703391075],0,,,,,,,,,,,,,,,,,,,,,,,,,,,,,,,,,305744,001,2024-08-19_13h03.00.951,SenstirEs_warningandinstructions,2024.1.4,None,2024-08-19 13h03.13.204538 +0200,
PELIGRO,,,,,0,9,9,8,,,,,10.292489696003031,,,,,,,,,,,,,,,,10.168603658035863,10.292489696003031,10.292489696003031,10.292489696003031,10.292489696003031,10.292489696003031,10.292489696003031,10.292489696003031,10.292489696003031,10.292489696003031,10.292489696003031,10.292489696003031,10.292489696003031,10.292489696003031,10.292489696003031,10.292489696003031,10.292489696003031,10.384168381046038,None,None,None,None,None,None,None,None,None,None,None,None,1,[0.12816952599678189],[0.1281781399738975],0,,,,,,,,,,,,,,,,,,,,,,,,,,,,,,,,,305744,001,2024-08-19_13h03.00.951,SenstirEs_warningandinstructions,2024.1.4,None,2024-08-19 13h03.13.204538 +0200,
PODRÍA,,,,,0,10,10,14,,,,,10.509022458049003,,,,,,,,,,,,,,,,10.385270644037519,10.509022458049003,10.509022458049003,10.509022458049003,10.509022458049003,10.509022458049003,10.509022458049003,10.509022458049003,10.509022458049003,10.509022458049003,10.509022458049003,10.509022458049003,10.509022458049003,10.509022458049003,10.509022458049003,10.509022458049003,10.509022458049003,10.534018376027234,None,None,None,None,None,None,None,None,None,None,None,None,1,[0.061610315984580666],[0.06161916797282174],0,,,,,,,,,,,,,,,,,,,,,,,,,,,,,,,,,305744,001,2024-08-19_13h03.00.951,SenstirEs_warningandinstructions,2024.1.4,None,2024-08-19 13h03.13.204538 +0200,
AGARRE,,,,,0,11,11,9,,,,,10.65933966904413,,,,,,,,,,,,,,,,10.535011008032598,10.65933966904413,10.65933966904413,10.65933966904413,10.65933966904413,10.65933966904413,10.65933966904413,10.65933966904413,10.65933966904413,10.65933966904413,10.65933966904413,10.65933966904413,10.65933966904413,10.65933966904413,10.65933966904413,10.65933966904413,10.65933966904413,10.75097094202647,None,None,None,None,None,None,None,None,None,None,None,None,1,[0.1301591100054793],[0.13016793195856735],0,,,,,,,,,,,,,,,,,,,,,,,,,,,,,,,,,305744,001,2024-08-19_13h03.00.951,SenstirEs_warningandinstructions,2024.1.4,None,2024-08-19 13h03.13.204538 +0200,
TIRADO,,,,,0,12,12,0,,,,,10.876184262044262,,,,,,,,,,,,,,,,10.752283948997501,10.876184262044262,10.876184262044262,10.876184262044262,10.876184262044262,10.876184262044262,10.876184262044262,10.876184262044262,10.876184262044262,10.876184262044262,10.876184262044262,10.876184262044262,10.876184262044262,10.876184262044262,10.876184262044262,10.876184262044262,10.876184262044262,10.967543941049371,None,None,None,None,None,None,None,None,None,None,None,None,1,[0.12879191699903458],[0.12880099099129438],0,,,,,,,,,,,,,,,,,,,,,,,,,,,,,,,,,305744,001,2024-08-19_13h03.00.951,SenstirEs_warningandinstructions,2024.1.4,None,2024-08-19 13h03.13.204538 +0200,
INCOMUNICABILIDAD,,,,,0,13,13,10,,,,,11.092651267012116,,,,,,,,,,,,,,,,10.968529891048092,11.092651267012116,11.092651267012116,11.092651267012116,11.092651267012116,11.092651267012116,11.092651267012116,11.092651267012116,11.092651267012116,11.092651267012116,11.092651267012116,11.092651267012116,11.092651267012116,11.092651267012116,11.092651267012116,11.092651267012116,11.092651267012116,11.184234454005491,None,None,None,None,None,None,None,None,None,None,None,None,1,[0.12772932602092624],[0.12773991597350687],0,,,,,,,,,,,,,,,,,,,,,,,,,,,,,,,,,305744,001,2024-08-19_13h03.00.951,SenstirEs_warningandinstructions,2024.1.4,None,2024-08-19 13h03.13.204538 +0200,
PARAPSICOLOGÍA,,,,,0,14,14,1,,,,,11.30911729001673,,,,,,,,,,,,,,,,11.18522170803044,11.30911729001673,11.30911729001673,11.30911729001673,11.30911729001673,11.30911729001673,11.30911729001673,11.30911729001673,11.30911729001673,11.30911729001673,11.30911729001673,11.30911729001673,11.30911729001673,11.30911729001673,11.30911729001673,11.30911729001673,11.30911729001673,11.400678400998004,None,None,None,None,None,None,None,None,None,None,None,None,1,[0.1282837219769135],[0.12829526799032465],0,,,,,,,,,,,,,,,,,,,,,,,,,,,,,,,,,305744,001,2024-08-19_13h03.00.951,SenstirEs_warningandinstructions,2024.1.4,None,2024-08-19 13h03.13.204538 +0200,
PICAPORTE,,,,,0,15,15,4,,,,,11.526237695012242,,,,,,,,,,,,,,,,11.401674245018512,11.526237695012242,11.526237695012242,11.526237695012242,11.526237695012242,11.526237695012242,11.526237695012242,11.526237695012242,11.526237695012242,11.526237695012242,11.526237695012242,11.526237695012242,11.526237695012242,11.526237695012242,11.526237695012242,11.526237695012242,11.526237695012242,11.617604141996708,None,None,None,None,None,None,None,None,None,None,None,None,1,[0.12781389098381624],[0.1278231010073796],0,,,,,,,,,,,,,,,,,,,,,,,,,,,,,,,,,305744,001,2024-08-19_13h03.00.951,SenstirEs_warningandinstructions,2024.1.4,None,2024-08-19 13h03.13.204538 +0200,
VISIBLE,,,,,0,16,16,16,,,,,11.742440792033449,,,,,,,,,,,,,,,,11.618603263050318,11.742440792033449,11.742440792033449,11.742440792033449,11.742440792033449,11.742440792033449,11.742440792033449,11.742440792033449,11.742440792033449,11.742440792033449,11.742440792033449,11.742440792033449,11.742440792033449,11.742440792033449,11.742440792033449,11.742440792033449,11.742440792033449,12.100780588050839,None,None,None,None,None,None,None,None,None,None,None,None,1,[0.3959220069809817],[0.3959313239902258],0,,,,,,,,,,,,,,,,,,,,,,,,,,,,,,,,,305744,001,2024-08-19_13h03.00.951,SenstirEs_warningandinstructions,2024.1.4,None,2024-08-19 13h03.13.204538 +0200,
PESIMISTA,,,,,0,17,17,3,,,,,12.225934945046902,,,,,,,,,,,,,,,,12.101873158011585,12.225934945046902,12.225934945046902,12.225934945046902,12.225934945046902,12.225934945046902,12.225934945046902,12.225934945046902,12.225934945046902,12.225934945046902,12.225934945046902,12.225934945046902,12.225934945046902,12.225934945046902,12.225934945046902,12.225934945046902,12.225934945046902,12.384579486039001,None,None,None,None,None,None,None,None,None,None,None,None,1,[0.19497332599712536],[0.1949829519726336],0,,,,,,,,,,,,,,,,,,,,,,,,,,,,,,,,,305744,001,2024-08-19_13h03.00.951,SenstirEs_warningandinstructions,2024.1.4,None,2024-08-19 13h03.13.204538 +0200,
GOLPE,,,,,0,18,18,13,,,,,12.509191570046823,,,,,,,,,,,,,,,,12.385569431004114,12.509191570046823,12.509191570046823,12.509191570046823,12.509191570046823,12.509191570046823,12.509191570046823,12.509191570046823,12.509191570046823,12.509191570046823,12.509191570046823,12.509191570046823,12.509191570046823,12.509191570046823,12.509191570046823,12.509191570046823,12.509191570046823,12.667758623021655,None,None,None,None,None,None,None,None,None,None,None,None,1,[0.19631140801357105],[0.19632070302031934],0,,,,,,,,,,,,,,,,,,,,,,,,,,,,,,,,,305744,001,2024-08-19_13h03.00.951,SenstirEs_warningandinstructions,2024.1.4,None,2024-08-19 13h03.13.204538 +0200,
AFLOJAR,,,,,0,19,19,12,,,,,12.79303370602429,,,,,,,,,,,,,,,,12.66877667803783,12.79303370602429,12.79303370602429,12.79303370602429,12.79303370602429,12.79303370602429,12.79303370602429,12.79303370602429,12.79303370602429,12.79303370602429,12.79303370602429,12.79303370602429,12.79303370602429,12.79303370602429,12.79303370602429,12.79303370602429,12.79303370602429,12.95099179702811,None,None,None,None,None,None,None,None,None,None,None,None,1,[0.19462586101144552],[0.19463922403519973],0,,,,,,,,,,,,,,,,,,,,,,,,,,,,,,,,,305744,001,2024-08-19_13h03.00.951,SenstirEs_warningandinstructions,2024.1.4,None,2024-08-19 13h03.13.204538 +0200,
ENROSCARSE,,,,,0,20,20,23,,,,,13.076068569032941,,,,,,,,,,,,,,,,12.951987719046883,13.076068569032941,13.076068569032941,13.076068569032941,13.076068569032941,13.076068569032941,13.076068569032941,13.076068569032941,13.076068569032941,13.076068569032941,13.076068569032941,13.076068569032941,13.076068569032941,13.076068569032941,13.076068569032941,13.076068569032941,13.076068569032941,13.63323706999654,None,None,None,None,None,None,None,None,None,None,None,None,1,[0.594135130988434],[0.5941435660351999],0,,,,,,,,,,,,,,,,,,,,,,,,,,,,,,,,,305744,001,2024-08-19_13h03.00.951,SenstirEs_warningandinstructions,2024.1.4,None,2024-08-19 13h03.13.204538 +0200,
NO COMESTIBLE,,,,,0,21,21,17,,,,,13.759386109013576,,,,,,,,,,,,,,,,13.634218844003044,13.759386109013576,13.759386109013576,13.759386109013576,13.759386109013576,13.759386109013576,13.759386109013576,13.759386109013576,13.759386109013576,13.759386109013576,13.759386109013576,13.759386109013576,13.759386109013576,13.759386109013576,13.759386109013576,13.759386109013576,13.759386109013576,14.05109376902692,None,None,None,None,None,None,None,None,None,None,None,None,1,[0.32993231003638357],[0.32994091499131173],0,,,,,,,,,,,,,,,,,,,,,,,,,,,,,,,,,305744,001,2024-08-19_13h03.00.951,SenstirEs_warningandinstructions,2024.1.4,None,2024-08-19 13h03.13.204538 +0200,
ETIQUETA,,,,,0,22,22,22,,,,,14.176068495027721,,,,,,,,,,,,,,,,14.052075331041124,14.176068495027721,14.176068495027721,14.176068495027721,14.176068495027721,14.176068495027721,14.176068495027721,14.176068495027721,14.176068495027721,14.176068495027721,14.176068495027721,14.176068495027721,14.176068495027721,14.176068495027721,14.176068495027721,14.176068495027721,14.176068495027721,14.400360254046973,None,None,None,None,None,None,None,None,None,None,None,None,1,[0.2611741570290178],[0.2611826270003803],0,,,,,,,,,,,,,,,,,,,,,,,,,,,,,,,,,305744,001,2024-08-19_13h03.00.951,SenstirEs_warningandinstructions,2024.1.4,None,2024-08-19 13h03.13.204538 +0200,
COLUMNA VERTEBRAL,,,,,0,23,23,24,,,,,14.525713035021909,,,,,,,,,,,,,,,,14.401348378043622,14.525713035021909,14.525713035021909,14.525713035021909,14.525713035021909,14.525713035021909,14.525713035021909,14.525713035021909,14.525713035021909,14.525713035021909,14.525713035021909,14.525713035021909,14.525713035021909,14.525713035021909,14.525713035021909,14.525713035021909,14.525713035021909,14.687585862004198,None,None,None,None,None,None,None,None,None,None,None,None,1,[0.1964039159938693],[0.19641324697295204],0,,,,,,,,,,,,,,,,,,,,,,,,,,,,,,,,,305744,001,2024-08-19_13h03.00.951,SenstirEs_warningandinstructions,2024.1.4,None,2024-08-19 13h03.13.204538 +0200,
DIESTRO,,,,,0,24,24,2,,,,,14.825379076006357,,,,,,,,,,,,,,,,14.688590634032153,14.825379076006357,14.825379076006357,14.825379076006357,14.825379076006357,14.825379076006357,14.825379076006357,14.825379076006357,14.825379076006357,14.825379076006357,14.825379076006357,14.825379076006357,14.825379076006357,14.825379076006357,14.825379076006357,14.825379076006357,14.825379076006357,15.183153530000709,None,None,None,None,None,None,None,None,None,None,None,None,1,[0.39965750102419406],[0.39966609701514244],0,,,,,,,,,,,,,,,,,,,,,,,,,,,,,,,,,305744,001,2024-08-19_13h03.00.951,SenstirEs_warningandinstructions,2024.1.4,None,2024-08-19 13h03.13.204538 +0200,
,,,,,,,,,,,,,,,,,,,,,,,,,,,,,,,,,,,,,,,,,,,,,,,,,,,,,,,,,,,,,,,,,,,,,,,,,,,,,,,,15.184043220011517,15.231291142001282,15.231291142001282,15.231291142001282,15.231291142001282,16.629397348035127,1,[1.4412418869906105],[1.4412500169710256],0,,,0,,,305744,001,2024-08-19_13h03.00.951,SenstirEs_warningandinstructions,2024.1.4,None,2024-08-19 13h03.13.204538 +0200,
FROTAR,,,,,,,,,0,0,0,10,16.758977528021205,,,,,,,,,,,,,,,,16.634250970033463,16.758977528021205,16.758977528021205,16.758977528021205,16.758977528021205,16.758977528021205,16.758977528021205,16.758977528021205,16.758977528021205,16.758977528021205,16.758977528021205,16.758977528021205,16.758977528021205,16.758977528021205,16.758977528021205,16.758977528021205,16.758977528021205,17.716653739043977,None,None,None,None,None,None,None,None,None,None,None,None,1,[0.9962093490175903],[0.9962180910515599],0,,,,,,,,,,,,,,,,,,,,,,,,,,,,,,,,,305744,001,2024-08-19_13h03.00.951,SenstirEs_warningandinstructions,2024.1.4,None,2024-08-19 13h03.13.204538 +0200,
EXCRETOR,,,,,,,,,0,1,1,6,17.84370025404496,,,,,,,,,,,,,,,,17.718460065021645,17.84370025404496,17.84370025404496,17.84370025404496,17.84370025404496,17.84370025404496,17.84370025404496,17.84370025404496,17.84370025404496,17.84370025404496,17.84370025404496,17.84370025404496,17.84370025404496,17.84370025404496,17.84370025404496,17.84370025404496,17.84370025404496,18.00087018002523,None,None,None,None,None,None,None,None,None,None,None,None,1,[0.19497807300649583],[0.19498748698970303],0,,,,,,,,,,,,,,,,,,,,,,,,,,,,,,,,,305744,001,2024-08-19_13h03.00.951,SenstirEs_warningandinstructions,2024.1.4,None,2024-08-19 13h03.13.204538 +0200,
DOLOROSO,,,,,,,,,0,2,2,2,18.125809136021417,,,,,,,,,,,,,,,,18.001880137016997,18.125809136021417,18.125809136021417,18.125809136021417,18.125809136021417,18.125809136021417,18.125809136021417,18.125809136021417,18.125809136021417,18.125809136021417,18.125809136021417,18.125809136021417,18.125809136021417,18.125809136021417,18.125809136021417,18.125809136021417,18.125809136021417,18.350735415006056,None,None,None,None,None,None,None,None,None,None,None,None,1,[0.26102528301998973],[0.26103397499537095],0,,,,,,,,,,,,,,,,,,,,,,,,,,,,,,,,,305744,001,2024-08-19_13h03.00.951,SenstirEs_warningandinstructions,2024.1.4,None,2024-08-19 13h03.13.204538 +0200,
MOUNMENTO,,,,,,,,,0,3,3,33,18.47569137904793,,,,,,,,,,,,,,,,18.351734572032,18.47569137904793,18.47569137904793,18.47569137904793,18.47569137904793,18.47569137904793,18.47569137904793,18.47569137904793,18.47569137904793,18.47569137904793,18.47569137904793,18.47569137904793,18.47569137904793,18.47569137904793,18.47569137904793,18.47569137904793,18.47569137904793,18.634987208002713,None,None,None,None,None,None,None,None,None,None,None,None,1,[0.1959788579843007],[0.19598783901892602],0,,,,,,,,,,,,,,,,,,,,,,,,,,,,,,,,,305744,001,2024-08-19_13h03.00.951,SenstirEs_warningandinstructions,2024.1.4,None,2024-08-19 13h03.13.204538 +0200,
SITIO WEB,,,,,,,,,0,4,4,30,18.759595291048754,,,,,,,,,,,,,,,,18.63602856604848,18.759595291048754,18.759595291048754,18.759595291048754,18.759595291048754,18.759595291048754,18.759595291048754,18.759595291048754,18.759595291048754,18.759595291048754,18.759595291048754,18.759595291048754,18.759595291048754,18.759595291048754,18.759595291048754,18.759595291048754,18.759595291048754,18.91909530403791,None,None,None,None,None,None,None,None,None,None,None,None,1,[0.19474682200234383],[0.19476507703075185],0,,,,,,,,,,,,,,,,,,,,,,,,,,,,,,,,,305744,001,2024-08-19_13h03.00.951,SenstirEs_warningandinstructions,2024.1.4,None,2024-08-19 13h03.13.204538 +0200,
APRETÓN DE MANOS,,,,,,,,,0,5,5,19,19.04500357003417,,,,,,,,,,,,,,,,18.92027996102115,19.04500357003417,19.04500357003417,19.04500357003417,19.04500357003417,19.04500357003417,19.04500357003417,19.04500357003417,19.04500357003417,19.04500357003417,19.04500357003417,19.04500357003417,19.04500357003417,19.04500357003417,19.04500357003417,19.04500357003417,19.04500357003417,19.26733951299684,None,None,None,None,None,None,None,None,None,None,None,None,1,[0.25846716295927763],[0.25847675796831027],0,,,,,,,,,,,,,,,,,,,,,,,,,,,,,,,,,305744,001,2024-08-19_13h03.00.951,SenstirEs_warningandinstructions,2024.1.4,None,2024-08-19 13h03.13.204538 +0200,
CONDUCTOR DE AUTOBÚS,,,,,,,,,0,6,6,32,19.39486704900628,,,,,,,,,,,,,,,,19.26833599800011,19.39486704900628,19.39486704900628,19.39486704900628,19.39486704900628,19.39486704900628,19.39486704900628,19.39486704900628,19.39486704900628,19.39486704900628,19.39486704900628,19.39486704900628,19.39486704900628,19.39486704900628,19.39486704900628,19.39486704900628,19.39486704900628,19.617879113997333,None,None,None,None,None,None,None,None,None,None,None,None,1,[0.2601761000114493],[0.2601858960115351],0,,,,,,,,,,,,,,,,,,,,,,,,,,,,,,,,,305744,001,2024-08-19_13h03.00.951,SenstirEs_warningandinstructions,2024.1.4,None,2024-08-19 13h03.13.204538 +0200,
,,,,,,,,,,,,,19.74257584300358,,,,,,,,,,,,,,,,19.61886215704726,19.74257584300358,19.74257584300358,19.74257584300358,19.74257584300358,19.74257584300358,19.74257584300358,19.74257584300358,19.74257584300358,19.74257584300358,19.74257584300358,19.74257584300358,19.74257584300358,19.74257584300358,19.74257584300358,19.74257584300358,19.74257584300358,,,,,,,,,,,,,,,,,,,,,,,,,,,,,,,,,,,,,,,,,,,,,,,,,,,,,,,,,
