﻿Word,SentirEs_19.thisRepN,SentirEs_19.thisTrialN,SentirEs_19.thisN,SentirEs_19.thisIndex,SentirEs_45.thisRepN,SentirEs_45.thisTrialN,SentirEs_45.thisN,SentirEs_45.thisIndex,SentirEs_78.thisRepN,SentirEs_78.thisTrialN,SentirEs_78.thisN,SentirEs_78.thisIndex,SentirEs_80.thisRepN,SentirEs_80.thisTrialN,SentirEs_80.thisN,SentirEs_80.thisIndex,thisRow.t,notes,warning_span.started,warning_SentirEs.started,Siguente.started,warning_span.stopped,Siguente.numClicks,Siguente.timesOn,Siguente.timesOff,SentirEs_intructions_Span.started,intructions.started,Siguente_instructions.started,SentirEs_intructions_Span.stopped,Siguente_instructions.numClicks,Siguente_instructions.timesOn,Siguente_instructions.timesOff,SentirEs_likert_span.started,text.started,stimuli.started,perceptual_audition.started,perceptual_gustatory.started,perceptual_haptic.started,perceptual_interocepticve.started,perceptual_olfaction.started,perceptual_visual.started,Audition.started,Gustatory.started,Haptic.started,Interoception.started,Olfaction.started,Vision.started,Siguente_stim.started,No_se.started,SentirEs_likert_span.stopped,Audition.response,Audition.rt,Gustatory.response,Gustatory.rt,Haptic.response,Haptic.rt,Interoception.response,Interoception.rt,Olfaction.response,Olfaction.rt,Vision.response,Vision.rt,Siguente_stim.numClicks,Siguente_stim.timesOn,Siguente_stim.timesOff,No_se.numClicks,No_se.timesOn,No_se.timesOff,SenstirEs_catch_Span_1.started,catch_1.started,Oso.started,Ave.started,Pez.started,SenstirEs_catch_Span_1.stopped,Oso.numClicks,Oso.timesOn,Oso.timesOff,Ave.numClicks,Ave.timesOn,Ave.timesOff,Pez.numClicks,Pez.timesOn,Pez.timesOff,SenstirEs_catch_Span_2.started,catch_2.started,quinze.started,cien.started,setentaidos.started,SenstirEs_catch_Span_2.stopped,quinze.numClicks,quinze.timesOn,quinze.timesOff,cien.numClicks,cien.timesOn,cien.timesOff,setentaidos.numClicks,setentaidos.timesOn,setentaidos.timesOff,SenstirEs_catch_Span_3.started,catch_3.started,bacadillo.started,manzana.started,coliflor.started,SenstirEs_catch_Span_3.stopped,bacadillo.numClicks,bacadillo.timesOn,bacadillo.timesOff,manzana.numClicks,manzana.timesOn,manzana.timesOff,coliflor.numClicks,coliflor.timesOn,coliflor.timesOff,trial.started,readingtext.started,key_resp.started,participant,session,date,expName,psychopyVersion,frameRate,expStart,
,,,,,,,,,,,,,,,,,,,0.031531789049040526,0.07015291904099286,0.07015291904099286,1.786481489019934,1,[1.7531678270315751],[1.7531770510249771],,,,,,,,,,,,,,,,,,,,,,,,,,,,,,,,,,,,,,,,,,,,,,,,,,,,,,,,,,,,,,,,,,,,,,,,,,,,,,,,,,,,,,,,,,,,431440,001,2024-08-19_13h04.04.172,SenstirEs_warningandinstructions,2024.1.4,None,2024-08-19 13h04.14.512693 +0200,
,,,,,,,,,,,,,,,,,,,,,,,,,,1.786627411027439,1.8170736560132354,1.8170736560132354,2.6406786760198884,1,[0.8520894570392556],[0.8521009259857237],,,,,,,,,,,,,,,,,,,,,,,,,,,,,,,,,,,,,,,,,,,,,,,,,,,,,,,,,,,,,,,,,,,,,,,,,,,,,,,,,,,,,431440,001,2024-08-19_13h04.04.172,SenstirEs_warningandinstructions,2024.1.4,None,2024-08-19 13h04.14.512693 +0200,
EMOCIONANTE,0,0,0,0,,,,,,,,,,,,,2.8847314760205336,,,,,,,,,,,,,,,,2.6468791000079364,2.8847314760205336,2.8847314760205336,2.8847314760205336,2.8847314760205336,2.8847314760205336,2.8847314760205336,2.8847314760205336,2.8847314760205336,2.8847314760205336,2.8847314760205336,2.8847314760205336,2.8847314760205336,2.8847314760205336,2.8847314760205336,2.8847314760205336,2.8847314760205336,3.308891015010886,None,None,None,None,None,None,None,None,None,None,None,None,1,[0.5642952500493266],[0.5643033660016954],0,,,,,,,,,,,,,,,,,,,,,,,,,,,,,,,,,,,,,,,,,,,,,,,,,,,431440,001,2024-08-19_13h04.04.172,SenstirEs_warningandinstructions,2024.1.4,None,2024-08-19 13h04.14.512693 +0200,
CUAJAR,0,1,1,1,,,,,,,,,,,,,3.4344761590473354,,,,,,,,,,,,,,,,3.3106799660017714,3.4344761590473354,3.4344761590473354,3.4344761590473354,3.4344761590473354,3.4344761590473354,3.4344761590473354,3.4344761590473354,3.4344761590473354,3.4344761590473354,3.4344761590473354,3.4344761590473354,3.4344761590473354,3.4344761590473354,3.4344761590473354,3.4344761590473354,3.4344761590473354,3.459314619016368,None,None,None,None,None,None,None,None,None,None,None,None,1,[0.059275377017911524],[0.059284762013703585],0,,,,,,,,,,,,,,,,,,,,,,,,,,,,,,,,,,,,,,,,,,,,,,,,,,,431440,001,2024-08-19_13h04.04.172,SenstirEs_warningandinstructions,2024.1.4,None,2024-08-19 13h04.14.512693 +0200,
DIA,0,2,2,2,,,,,,,,,,,,,3.585384886013344,,,,,,,,,,,,,,,,3.4604933530208655,3.585384886013344,3.585384886013344,3.585384886013344,3.585384886013344,3.585384886013344,3.585384886013344,3.585384886013344,3.585384886013344,3.585384886013344,3.585384886013344,3.585384886013344,3.585384886013344,3.585384886013344,3.585384886013344,3.585384886013344,3.585384886013344,3.6761004520230927,None,None,None,None,None,None,None,None,None,None,None,None,1,[0.12439436896238476],[0.12440287799108773],0,,,,,,,,,,,,,,,,,,,,,,,,,,,,,,,,,,,,,,,,,,,,,,,,,,,431440,001,2024-08-19_13h04.04.172,SenstirEs_warningandinstructions,2024.1.4,None,2024-08-19 13h04.14.512693 +0200,
A LA VISTA,0,3,3,3,,,,,,,,,,,,,3.8059827610268258,,,,,,,,,,,,,,,,3.6771088120294735,3.8059827610268258,3.8059827610268258,3.8059827610268258,3.8059827610268258,3.8059827610268258,3.8059827610268258,3.8059827610268258,3.8059827610268258,3.8059827610268258,3.8059827610268258,3.8059827610268258,3.8059827610268258,3.8059827610268258,3.8059827610268258,3.8059827610268258,3.8059827610268258,3.830867629032582,None,None,None,None,None,None,None,None,None,None,None,None,1,[0.06352131499443203],[0.06352844397770241],0,,,,,,,,,,,,,,,,,,,,,,,,,,,,,,,,,,,,,,,,,,,,,,,,,,,431440,001,2024-08-19_13h04.04.172,SenstirEs_warningandinstructions,2024.1.4,None,2024-08-19 13h04.14.512693 +0200,
SOBRESCRIBIR,0,4,4,4,,,,,,,,,,,,,3.9677567800390534,,,,,,,,,,,,,,,,3.832219597999938,3.9677567800390534,3.9677567800390534,3.9677567800390534,3.9677567800390534,3.9677567800390534,3.9677567800390534,3.9677567800390534,3.9677567800390534,3.9677567800390534,3.9677567800390534,3.9677567800390534,3.9677567800390534,3.9677567800390534,3.9677567800390534,3.9677567800390534,3.9677567800390534,3.9927988960407674,None,None,None,None,None,None,None,None,None,None,None,None,1,[0.06651520601008087],[0.066523301997222],0,,,,,,,,,,,,,,,,,,,,,,,,,,,,,,,,,,,,,,,,,,,,,,,,,,,431440,001,2024-08-19_13h04.04.172,SenstirEs_warningandinstructions,2024.1.4,None,2024-08-19 13h04.14.512693 +0200,
TOCAR,0,5,5,5,,,,,,,,,,,,,4.1179715800099075,,,,,,,,,,,,,,,,3.9939719090471044,4.1179715800099075,4.1179715800099075,4.1179715800099075,4.1179715800099075,4.1179715800099075,4.1179715800099075,4.1179715800099075,4.1179715800099075,4.1179715800099075,4.1179715800099075,4.1179715800099075,4.1179715800099075,4.1179715800099075,4.1179715800099075,4.1179715800099075,4.1179715800099075,4.1425604349933565,None,None,None,None,None,None,None,None,None,None,None,None,1,[0.06169714103452861],[0.061705409025307745],0,,,,,,,,,,,,,,,,,,,,,,,,,,,,,,,,,,,,,,,,,,,,,,,,,,,431440,001,2024-08-19_13h04.04.172,SenstirEs_warningandinstructions,2024.1.4,None,2024-08-19 13h04.14.512693 +0200,
SUAVIDAD,0,6,6,6,,,,,,,,,,,,,4.2676605470478535,,,,,,,,,,,,,,,,4.1435648610349745,4.2676605470478535,4.2676605470478535,4.2676605470478535,4.2676605470478535,4.2676605470478535,4.2676605470478535,4.2676605470478535,4.2676605470478535,4.2676605470478535,4.2676605470478535,4.2676605470478535,4.2676605470478535,4.2676605470478535,4.2676605470478535,4.2676605470478535,4.2676605470478535,4.35841555002844,None,None,None,None,None,None,None,None,None,None,None,None,1,[0.12834500899771228],[0.1283532659872435],0,,,,,,,,,,,,,,,,,,,,,,,,,,,,,,,,,,,,,,,,,,,,,,,,,,,431440,001,2024-08-19_13h04.04.172,SenstirEs_warningandinstructions,2024.1.4,None,2024-08-19 13h04.14.512693 +0200,
INTUITIVAMENTE,0,7,7,7,,,,,,,,,,,,,4.484483417007141,,,,,,,,,,,,,,,,4.359425308008213,4.484483417007141,4.484483417007141,4.484483417007141,4.484483417007141,4.484483417007141,4.484483417007141,4.484483417007141,4.484483417007141,4.484483417007141,4.484483417007141,4.484483417007141,4.484483417007141,4.484483417007141,4.484483417007141,4.484483417007141,4.484483417007141,4.510653136007022,None,None,None,None,None,None,None,None,None,None,None,None,1,[0.0643474209937267],[0.0643582659540698],0,,,,,,,,,,,,,,,,,,,,,,,,,,,,,,,,,,,,,,,,,,,,,,,,,,,431440,001,2024-08-19_13h04.04.172,SenstirEs_warningandinstructions,2024.1.4,None,2024-08-19 13h04.14.512693 +0200,
FÉMUR,0,8,8,8,,,,,,,,,,,,,4.635832350002602,,,,,,,,,,,,,,,,4.5119400470284745,4.635832350002602,4.635832350002602,4.635832350002602,4.635832350002602,4.635832350002602,4.635832350002602,4.635832350002602,4.635832350002602,4.635832350002602,4.635832350002602,4.635832350002602,4.635832350002602,4.635832350002602,4.635832350002602,4.635832350002602,4.635832350002602,4.659982283017598,None,None,None,None,None,None,None,None,None,None,None,None,1,[0.05920163699192926],[0.059210235020145774],0,,,,,,,,,,,,,,,,,,,,,,,,,,,,,,,,,,,,,,,,,,,,,,,,,,,431440,001,2024-08-19_13h04.04.172,SenstirEs_warningandinstructions,2024.1.4,None,2024-08-19 13h04.14.512693 +0200,
ACARICIADO,0,9,9,9,,,,,,,,,,,,,4.784390361048281,,,,,,,,,,,,,,,,4.660984212998301,4.784390361048281,4.784390361048281,4.784390361048281,4.784390361048281,4.784390361048281,4.784390361048281,4.784390361048281,4.784390361048281,4.784390361048281,4.784390361048281,4.784390361048281,4.784390361048281,4.784390361048281,4.784390361048281,4.784390361048281,4.784390361048281,4.875047701993026,None,None,None,None,None,None,None,None,None,None,None,None,1,[0.1269102239748463],[0.12691916100447997],0,,,,,,,,,,,,,,,,,,,,,,,,,,,,,,,,,,,,,,,,,,,,,,,,,,,431440,001,2024-08-19_13h04.04.172,SenstirEs_warningandinstructions,2024.1.4,None,2024-08-19 13h04.14.512693 +0200,
ACARICIAR,0,10,10,10,,,,,,,,,,,,,5.001167917042039,,,,,,,,,,,,,,,,4.876059047994204,5.001167917042039,5.001167917042039,5.001167917042039,5.001167917042039,5.001167917042039,5.001167917042039,5.001167917042039,5.001167917042039,5.001167917042039,5.001167917042039,5.001167917042039,5.001167917042039,5.001167917042039,5.001167917042039,5.001167917042039,5.001167917042039,5.027294258004986,None,None,None,None,None,None,None,None,None,None,None,None,1,[0.06387553998501971],[0.06388600496575236],0,,,,,,,,,,,,,,,,,,,,,,,,,,,,,,,,,,,,,,,,,,,,,,,,,,,431440,001,2024-08-19_13h04.04.172,SenstirEs_warningandinstructions,2024.1.4,None,2024-08-19 13h04.14.512693 +0200,
PELUDO,0,11,11,11,,,,,,,,,,,,,5.151782984030433,,,,,,,,,,,,,,,,5.028576170036104,5.151782984030433,5.151782984030433,5.151782984030433,5.151782984030433,5.151782984030433,5.151782984030433,5.151782984030433,5.151782984030433,5.151782984030433,5.151782984030433,5.151782984030433,5.151782984030433,5.151782984030433,5.151782984030433,5.151782984030433,5.151782984030433,5.1754513250198215,None,None,None,None,None,None,None,None,None,None,None,None,1,[0.05986731901066378],[0.05987444601487368],0,,,,,,,,,,,,,,,,,,,,,,,,,,,,,,,,,,,,,,,,,,,,,,,,,,,431440,001,2024-08-19_13h04.04.172,SenstirEs_warningandinstructions,2024.1.4,None,2024-08-19 13h04.14.512693 +0200,
INDESTRUCTIBILIDAD,0,12,12,12,,,,,,,,,,,,,5.301078810996842,,,,,,,,,,,,,,,,5.176454522006679,5.301078810996842,5.301078810996842,5.301078810996842,5.301078810996842,5.301078810996842,5.301078810996842,5.301078810996842,5.301078810996842,5.301078810996842,5.301078810996842,5.301078810996842,5.301078810996842,5.301078810996842,5.301078810996842,5.301078810996842,5.301078810996842,5.391963130037766,None,None,None,None,None,None,None,None,None,None,None,None,1,[0.12880867900094017],[0.12881768599618226],0,,,,,,,,,,,,,,,,,,,,,,,,,,,,,,,,,,,,,,,,,,,,,,,,,,,431440,001,2024-08-19_13h04.04.172,SenstirEs_warningandinstructions,2024.1.4,None,2024-08-19 13h04.14.512693 +0200,
MASILLOSO,0,13,13,13,,,,,,,,,,,,,5.517664953018539,,,,,,,,,,,,,,,,5.393138015002478,5.517664953018539,5.517664953018539,5.517664953018539,5.517664953018539,5.517664953018539,5.517664953018539,5.517664953018539,5.517664953018539,5.517664953018539,5.517664953018539,5.517664953018539,5.517664953018539,5.517664953018539,5.517664953018539,5.517664953018539,5.517664953018539,5.542522936011665,None,None,None,None,None,None,None,None,None,None,None,None,1,[0.06279374001314864],[0.06280236504971981],0,,,,,,,,,,,,,,,,,,,,,,,,,,,,,,,,,,,,,,,,,,,,,,,,,,,431440,001,2024-08-19_13h04.04.172,SenstirEs_warningandinstructions,2024.1.4,None,2024-08-19 13h04.14.512693 +0200,
AULLIDO,0,14,14,14,,,,,,,,,,,,,5.667686884000432,,,,,,,,,,,,,,,,5.54353165300563,5.667686884000432,5.667686884000432,5.667686884000432,5.667686884000432,5.667686884000432,5.667686884000432,5.667686884000432,5.667686884000432,5.667686884000432,5.667686884000432,5.667686884000432,5.667686884000432,5.667686884000432,5.667686884000432,5.667686884000432,5.667686884000432,5.759533621021546,None,None,None,None,None,None,None,None,None,None,None,None,1,[0.12846222100779414],[0.1284713190398179],0,,,,,,,,,,,,,,,,,,,,,,,,,,,,,,,,,,,,,,,,,,,,,,,,,,,431440,001,2024-08-19_13h04.04.172,SenstirEs_warningandinstructions,2024.1.4,None,2024-08-19 13h04.14.512693 +0200,
TACTILMENTE,0,15,15,15,,,,,,,,,,,,,5.884070158994291,,,,,,,,,,,,,,,,5.7605435530422255,5.884070158994291,5.884070158994291,5.884070158994291,5.884070158994291,5.884070158994291,5.884070158994291,5.884070158994291,5.884070158994291,5.884070158994291,5.884070158994291,5.884070158994291,5.884070158994291,5.884070158994291,5.884070158994291,5.884070158994291,5.884070158994291,5.975325703038834,None,None,None,None,None,None,None,None,None,None,None,None,1,[0.1275939799961634],[0.12760459398850799],0,,,,,,,,,,,,,,,,,,,,,,,,,,,,,,,,,,,,,,,,,,,,,,,,,,,431440,001,2024-08-19_13h04.04.172,SenstirEs_warningandinstructions,2024.1.4,None,2024-08-19 13h04.14.512693 +0200,
CARA,0,16,16,16,,,,,,,,,,,,,6.101327066018712,,,,,,,,,,,,,,,,5.976331945043057,6.101327066018712,6.101327066018712,6.101327066018712,6.101327066018712,6.101327066018712,6.101327066018712,6.101327066018712,6.101327066018712,6.101327066018712,6.101327066018712,6.101327066018712,6.101327066018712,6.101327066018712,6.101327066018712,6.101327066018712,6.101327066018712,6.127688562031835,None,None,None,None,None,None,None,None,None,None,None,None,1,[0.06486593396402895],[0.06487655697856098],0,,,,,,,,,,,,,,,,,,,,,,,,,,,,,,,,,,,,,,,,,,,,,,,,,,,431440,001,2024-08-19_13h04.04.172,SenstirEs_warningandinstructions,2024.1.4,None,2024-08-19 13h04.14.512693 +0200,
DEPLORAR,0,17,17,17,,,,,,,,,,,,,6.250962869031355,,,,,,,,,,,,,,,,6.128747380047571,6.250962869031355,6.250962869031355,6.250962869031355,6.250962869031355,6.250962869031355,6.250962869031355,6.250962869031355,6.250962869031355,6.250962869031355,6.250962869031355,6.250962869031355,6.250962869031355,6.250962869031355,6.250962869031355,6.250962869031355,6.250962869031355,6.343488952028565,None,None,None,None,None,None,None,None,None,None,None,None,1,[0.12670892104506493],[0.12671739800134674],0,,,,,,,,,,,,,,,,,,,,,,,,,,,,,,,,,,,,,,,,,,,,,,,,,,,431440,001,2024-08-19_13h04.04.172,SenstirEs_warningandinstructions,2024.1.4,None,2024-08-19 13h04.14.512693 +0200,
TORRINO ,0,18,18,18,,,,,,,,,,,,,6.467565619037487,,,,,,,,,,,,,,,,6.344556463998742,6.467565619037487,6.467565619037487,6.467565619037487,6.467565619037487,6.467565619037487,6.467565619037487,6.467565619037487,6.467565619037487,6.467565619037487,6.467565619037487,6.467565619037487,6.467565619037487,6.467565619037487,6.467565619037487,6.467565619037487,6.467565619037487,6.559832591039594,None,None,None,None,None,None,None,None,None,None,None,None,1,[0.12713440897641703],[0.1271427320316434],0,,,,,,,,,,,,,,,,,,,,,,,,,,,,,,,,,,,,,,,,,,,,,,,,,,,431440,001,2024-08-19_13h04.04.172,SenstirEs_warningandinstructions,2024.1.4,None,2024-08-19 13h04.14.512693 +0200,
,,,,,,,,,,,,,,,,,,,,,,,,,,,,,,,,,,,,,,,,,,,,,,,,,,,,,,,,,,,,,,,,,,,,,6.560760988038965,6.617057303024922,6.617057303024922,6.617057303024922,6.617057303024922,7.654372905031778,0,,,1,[1.0891522559686564],[1.0891615329892375],0,,,,,,,,,,,,,,,,,,,,,,,,,,,,,,,,,,,,431440,001,2024-08-19_13h04.04.172,SenstirEs_warningandinstructions,2024.1.4,None,2024-08-19 13h04.14.512693 +0200,
ALÉRGICO,,,,,0,0,0,18,,,,,,,,,7.784206845040899,,,,,,,,,,,,,,,,7.6597313830279745,7.784206845040899,7.784206845040899,7.784206845040899,7.784206845040899,7.784206845040899,7.784206845040899,7.784206845040899,7.784206845040899,7.784206845040899,7.784206845040899,7.784206845040899,7.784206845040899,7.784206845040899,7.784206845040899,7.784206845040899,7.784206845040899,8.942566743004136,None,None,None,None,None,None,None,None,None,None,None,None,1,[1.1930815419764258],[1.1930904669570737],0,,,,,,,,,,,,,,,,,,,,,,,,,,,,,,,,,,,,,,,,,,,,,,,,,,,431440,001,2024-08-19_13h04.04.172,SenstirEs_warningandinstructions,2024.1.4,None,2024-08-19 13h04.14.512693 +0200,
TELEVISION,,,,,0,1,1,15,,,,,,,,,9.067395580001175,,,,,,,,,,,,,,,,8.944339367037173,9.067395580001175,9.067395580001175,9.067395580001175,9.067395580001175,9.067395580001175,9.067395580001175,9.067395580001175,9.067395580001175,9.067395580001175,9.067395580001175,9.067395580001175,9.067395580001175,9.067395580001175,9.067395580001175,9.067395580001175,9.067395580001175,9.42503033799585,None,None,None,None,None,None,None,None,None,None,None,None,1,[0.39262218005023897],[0.3926341120386496],0,,,,,,,,,,,,,,,,,,,,,,,,,,,,,,,,,,,,,,,,,,,,,,,,,,,431440,001,2024-08-19_13h04.04.172,SenstirEs_warningandinstructions,2024.1.4,None,2024-08-19 13h04.14.512693 +0200,
PELIGRO,,,,,0,2,2,8,,,,,,,,,9.55111136904452,,,,,,,,,,,,,,,,9.426040382008068,9.55111136904452,9.55111136904452,9.55111136904452,9.55111136904452,9.55111136904452,9.55111136904452,9.55111136904452,9.55111136904452,9.55111136904452,9.55111136904452,9.55111136904452,9.55111136904452,9.55111136904452,9.55111136904452,9.55111136904452,9.55111136904452,9.577001472993288,None,None,None,None,None,None,None,None,None,None,None,None,1,[0.06461817602394149],[0.06462854298297316],0,,,,,,,,,,,,,,,,,,,,,,,,,,,,,,,,,,,,,,,,,,,,,,,,,,,431440,001,2024-08-19_13h04.04.172,SenstirEs_warningandinstructions,2024.1.4,None,2024-08-19 13h04.14.512693 +0200,
PICAPORTE,,,,,0,3,3,4,,,,,,,,,9.700953909021337,,,,,,,,,,,,,,,,9.578015904000495,9.700953909021337,9.700953909021337,9.700953909021337,9.700953909021337,9.700953909021337,9.700953909021337,9.700953909021337,9.700953909021337,9.700953909021337,9.700953909021337,9.700953909021337,9.700953909021337,9.700953909021337,9.700953909021337,9.700953909021337,9.700953909021337,9.791977328015491,None,None,None,None,None,None,None,None,None,None,None,None,1,[0.1269976949552074],[0.12700594298075885],0,,,,,,,,,,,,,,,,,,,,,,,,,,,,,,,,,,,,,,,,,,,,,,,,,,,431440,001,2024-08-19_13h04.04.172,SenstirEs_warningandinstructions,2024.1.4,None,2024-08-19 13h04.14.512693 +0200,
PODRÍA,,,,,0,4,4,14,,,,,,,,,9.917480953037739,,,,,,,,,,,,,,,,9.792982534039766,9.917480953037739,9.917480953037739,9.917480953037739,9.917480953037739,9.917480953037739,9.917480953037739,9.917480953037739,9.917480953037739,9.917480953037739,9.917480953037739,9.917480953037739,9.917480953037739,9.917480953037739,9.917480953037739,9.917480953037739,9.917480953037739,9.942643765010871,None,None,None,None,None,None,None,None,None,None,None,None,1,[0.06220889597898349],[0.062217989994678646],0,,,,,,,,,,,,,,,,,,,,,,,,,,,,,,,,,,,,,,,,,,,,,,,,,,,431440,001,2024-08-19_13h04.04.172,SenstirEs_warningandinstructions,2024.1.4,None,2024-08-19 13h04.14.512693 +0200,
SEDOSO,,,,,0,5,5,20,,,,,,,,,10.067644373048097,,,,,,,,,,,,,,,,9.943658867035992,10.067644373048097,10.067644373048097,10.067644373048097,10.067644373048097,10.067644373048097,10.067644373048097,10.067644373048097,10.067644373048097,10.067644373048097,10.067644373048097,10.067644373048097,10.067644373048097,10.067644373048097,10.067644373048097,10.067644373048097,10.067644373048097,10.159352235030383,None,None,None,None,None,None,None,None,None,None,None,None,1,[0.12690315197687596],[0.12691270100185648],0,,,,,,,,,,,,,,,,,,,,,,,,,,,,,,,,,,,,,,,,,,,,,,,,,,,431440,001,2024-08-19_13h04.04.172,SenstirEs_warningandinstructions,2024.1.4,None,2024-08-19 13h04.14.512693 +0200,
COLUMNA VERTEBRAL,,,,,0,6,6,24,,,,,,,,,10.284189664991572,,,,,,,,,,,,,,,,10.160375439038035,10.284189664991572,10.284189664991572,10.284189664991572,10.284189664991572,10.284189664991572,10.284189664991572,10.284189664991572,10.284189664991572,10.284189664991572,10.284189664991572,10.284189664991572,10.284189664991572,10.284189664991572,10.284189664991572,10.284189664991572,10.284189664991572,10.308843325998168,None,None,None,None,None,None,None,None,None,None,None,None,1,[0.06184441497316584],[0.061852879996877164],0,,,,,,,,,,,,,,,,,,,,,,,,,,,,,,,,,,,,,,,,,,,,,,,,,,,431440,001,2024-08-19_13h04.04.172,SenstirEs_warningandinstructions,2024.1.4,None,2024-08-19 13h04.14.512693 +0200,
BONITO,,,,,0,7,7,19,,,,,,,,,10.434257610992063,,,,,,,,,,,,,,,,10.309962563042063,10.434257610992063,10.434257610992063,10.434257610992063,10.434257610992063,10.434257610992063,10.434257610992063,10.434257610992063,10.434257610992063,10.434257610992063,10.434257610992063,10.434257610992063,10.434257610992063,10.434257610992063,10.434257610992063,10.434257610992063,10.434257610992063,10.52697457803879,None,None,None,None,None,None,None,None,None,None,None,None,1,[0.12693206599215046],[0.1269404399790801],0,,,,,,,,,,,,,,,,,,,,,,,,,,,,,,,,,,,,,,,,,,,,,,,,,,,431440,001,2024-08-19_13h04.04.172,SenstirEs_warningandinstructions,2024.1.4,None,2024-08-19 13h04.14.512693 +0200,
GOLPE,,,,,0,8,8,13,,,,,,,,,10.650793376029469,,,,,,,,,,,,,,,,10.527973579009995,10.650793376029469,10.650793376029469,10.650793376029469,10.650793376029469,10.650793376029469,10.650793376029469,10.650793376029469,10.650793376029469,10.650793376029469,10.650793376029469,10.650793376029469,10.650793376029469,10.650793376029469,10.650793376029469,10.650793376029469,10.650793376029469,10.743020485038869,None,None,None,None,None,None,None,None,None,None,None,None,1,[0.12833863199921325],[0.1283470019698143],0,,,,,,,,,,,,,,,,,,,,,,,,,,,,,,,,,,,,,,,,,,,,,,,,,,,431440,001,2024-08-19_13h04.04.172,SenstirEs_warningandinstructions,2024.1.4,None,2024-08-19 13h04.14.512693 +0200,
ENROSCARSE,,,,,0,9,9,23,,,,,,,,,10.867468072043266,,,,,,,,,,,,,,,,10.744023011997342,10.867468072043266,10.867468072043266,10.867468072043266,10.867468072043266,10.867468072043266,10.867468072043266,10.867468072043266,10.867468072043266,10.867468072043266,10.867468072043266,10.867468072043266,10.867468072043266,10.867468072043266,10.867468072043266,10.867468072043266,10.867468072043266,10.95933767000679,None,None,None,None,None,None,None,None,None,None,None,None,1,[0.12749563896795735],[0.12750499398680404],0,,,,,,,,,,,,,,,,,,,,,,,,,,,,,,,,,,,,,,,,,,,,,,,,,,,431440,001,2024-08-19_13h04.04.172,SenstirEs_warningandinstructions,2024.1.4,None,2024-08-19 13h04.14.512693 +0200,
PESIMISTA,,,,,0,10,10,3,,,,,,,,,11.083979879040271,,,,,,,,,,,,,,,,10.960403406003024,11.083979879040271,11.083979879040271,11.083979879040271,11.083979879040271,11.083979879040271,11.083979879040271,11.083979879040271,11.083979879040271,11.083979879040271,11.083979879040271,11.083979879040271,11.083979879040271,11.083979879040271,11.083979879040271,11.083979879040271,11.083979879040271,11.17433141201036,None,None,None,None,None,None,None,None,None,None,None,None,1,[0.1281437419820577],[0.1281514439615421],0,,,,,,,,,,,,,,,,,,,,,,,,,,,,,,,,,,,,,,,,,,,,,,,,,,,431440,001,2024-08-19_13h04.04.172,SenstirEs_warningandinstructions,2024.1.4,None,2024-08-19 13h04.14.512693 +0200,
TIRADO,,,,,0,11,11,0,,,,,,,,,11.3010910670273,,,,,,,,,,,,,,,,11.175755486008711,11.3010910670273,11.3010910670273,11.3010910670273,11.3010910670273,11.3010910670273,11.3010910670273,11.3010910670273,11.3010910670273,11.3010910670273,11.3010910670273,11.3010910670273,11.3010910670273,11.3010910670273,11.3010910670273,11.3010910670273,11.3010910670273,11.392471732047852,None,None,None,None,None,None,None,None,None,None,None,None,1,[0.1313361159991473],[0.1313447789871134],0,,,,,,,,,,,,,,,,,,,,,,,,,,,,,,,,,,,,,,,,,,,,,,,,,,,431440,001,2024-08-19_13h04.04.172,SenstirEs_warningandinstructions,2024.1.4,None,2024-08-19 13h04.14.512693 +0200,
INCOMUNICABILIDAD,,,,,0,12,12,10,,,,,,,,,11.517610637994949,,,,,,,,,,,,,,,,11.393587101018056,11.517610637994949,11.517610637994949,11.517610637994949,11.517610637994949,11.517610637994949,11.517610637994949,11.517610637994949,11.517610637994949,11.517610637994949,11.517610637994949,11.517610637994949,11.517610637994949,11.517610637994949,11.517610637994949,11.517610637994949,11.517610637994949,11.610088842047844,None,None,None,None,None,None,None,None,None,None,None,None,1,[0.12730237998766825],[0.1273117329692468],0,,,,,,,,,,,,,,,,,,,,,,,,,,,,,,,,,,,,,,,,,,,,,,,,,,,431440,001,2024-08-19_13h04.04.172,SenstirEs_warningandinstructions,2024.1.4,None,2024-08-19 13h04.14.512693 +0200,
DIESTRO,,,,,0,13,13,2,,,,,,,,,11.734221126011107,,,,,,,,,,,,,,,,11.611092070001177,11.734221126011107,11.734221126011107,11.734221126011107,11.734221126011107,11.734221126011107,11.734221126011107,11.734221126011107,11.734221126011107,11.734221126011107,11.734221126011107,11.734221126011107,11.734221126011107,11.734221126011107,11.734221126011107,11.734221126011107,11.734221126011107,11.825323184020817,None,None,None,None,None,None,None,None,None,None,None,None,1,[0.12780287902569398],[0.1278114130254835],0,,,,,,,,,,,,,,,,,,,,,,,,,,,,,,,,,,,,,,,,,,,,,,,,,,,431440,001,2024-08-19_13h04.04.172,SenstirEs_warningandinstructions,2024.1.4,None,2024-08-19 13h04.14.512693 +0200,
VISTA,,,,,0,14,14,21,,,,,,,,,11.95110885403119,,,,,,,,,,,,,,,,11.826336327008903,11.95110885403119,11.95110885403119,11.95110885403119,11.95110885403119,11.95110885403119,11.95110885403119,11.95110885403119,11.95110885403119,11.95110885403119,11.95110885403119,11.95110885403119,11.95110885403119,11.95110885403119,11.95110885403119,11.95110885403119,11.95110885403119,12.041253358998802,None,None,None,None,None,None,None,None,None,None,None,None,1,[0.12706041795900092],[0.12706853996496648],0,,,,,,,,,,,,,,,,,,,,,,,,,,,,,,,,,,,,,,,,,,,,,,,,,,,431440,001,2024-08-19_13h04.04.172,SenstirEs_warningandinstructions,2024.1.4,None,2024-08-19 13h04.14.512693 +0200,
AGARRE,,,,,0,15,15,9,,,,,,,,,12.167596089013387,,,,,,,,,,,,,,,,12.042259639012627,12.167596089013387,12.167596089013387,12.167596089013387,12.167596089013387,12.167596089013387,12.167596089013387,12.167596089013387,12.167596089013387,12.167596089013387,12.167596089013387,12.167596089013387,12.167596089013387,12.167596089013387,12.167596089013387,12.167596089013387,12.167596089013387,12.25922609004192,None,None,None,None,None,None,None,None,None,None,None,None,1,[0.12961743300547823],[0.1296266500139609],0,,,,,,,,,,,,,,,,,,,,,,,,,,,,,,,,,,,,,,,,,,,,,,,,,,,431440,001,2024-08-19_13h04.04.172,SenstirEs_warningandinstructions,2024.1.4,None,2024-08-19 13h04.14.512693 +0200,
AFLOJAR,,,,,0,16,16,12,,,,,,,,,12.384165314026177,,,,,,,,,,,,,,,,12.2604686950217,12.384165314026177,12.384165314026177,12.384165314026177,12.384165314026177,12.384165314026177,12.384165314026177,12.384165314026177,12.384165314026177,12.384165314026177,12.384165314026177,12.384165314026177,12.384165314026177,12.384165314026177,12.384165314026177,12.384165314026177,12.384165314026177,12.476670455012936,None,None,None,None,None,None,None,None,None,None,None,None,1,[0.12964592297794297],[0.12965424498543143],0,,,,,,,,,,,,,,,,,,,,,,,,,,,,,,,,,,,,,,,,,,,,,,,,,,,431440,001,2024-08-19_13h04.04.172,SenstirEs_warningandinstructions,2024.1.4,None,2024-08-19 13h04.14.512693 +0200,
NO COMESTIBLE,,,,,0,17,17,17,,,,,,,,,12.602384710044134,,,,,,,,,,,,,,,,12.477960230025928,12.602384710044134,12.602384710044134,12.602384710044134,12.602384710044134,12.602384710044134,12.602384710044134,12.602384710044134,12.602384710044134,12.602384710044134,12.602384710044134,12.602384710044134,12.602384710044134,12.602384710044134,12.602384710044134,12.602384710044134,12.602384710044134,12.62673401099164,None,None,None,None,None,None,None,None,None,None,None,None,1,[0.062063844001386315],[0.06207232701126486],0,,,,,,,,,,,,,,,,,,,,,,,,,,,,,,,,,,,,,,,,,,,,,,,,,,,431440,001,2024-08-19_13h04.04.172,SenstirEs_warningandinstructions,2024.1.4,None,2024-08-19 13h04.14.512693 +0200,
CIELOS,,,,,0,18,18,6,,,,,,,,,12.750880160019733,,,,,,,,,,,,,,,,12.627743031014688,12.750880160019733,12.750880160019733,12.750880160019733,12.750880160019733,12.750880160019733,12.750880160019733,12.750880160019733,12.750880160019733,12.750880160019733,12.750880160019733,12.750880160019733,12.750880160019733,12.750880160019733,12.750880160019733,12.750880160019733,12.750880160019733,12.843424923019484,None,None,None,None,None,None,None,None,None,None,None,None,1,[0.1273739860043861],[0.12738298397744074],0,,,,,,,,,,,,,,,,,,,,,,,,,,,,,,,,,,,,,,,,,,,,,,,,,,,431440,001,2024-08-19_13h04.04.172,SenstirEs_warningandinstructions,2024.1.4,None,2024-08-19 13h04.14.512693 +0200,
YOUTUBE,,,,,0,19,19,11,,,,,,,,,12.969992938044015,,,,,,,,,,,,,,,,12.844430598022882,12.969992938044015,12.969992938044015,12.969992938044015,12.969992938044015,12.969992938044015,12.969992938044015,12.969992938044015,12.969992938044015,12.969992938044015,12.969992938044015,12.969992938044015,12.969992938044015,12.969992938044015,12.969992938044015,12.969992938044015,12.969992938044015,13.058611712011043,None,None,None,None,None,None,None,None,None,None,None,None,1,[0.12331260601058602],[0.12332162499660626],0,,,,,,,,,,,,,,,,,,,,,,,,,,,,,,,,,,,,,,,,,,,,,,,,,,,431440,001,2024-08-19_13h04.04.172,SenstirEs_warningandinstructions,2024.1.4,None,2024-08-19 13h04.14.512693 +0200,
MALA PERSONA,,,,,0,20,20,5,,,,,,,,,13.184136079042219,,,,,,,,,,,,,,,,13.059626615024172,13.184136079042219,13.184136079042219,13.184136079042219,13.184136079042219,13.184136079042219,13.184136079042219,13.184136079042219,13.184136079042219,13.184136079042219,13.184136079042219,13.184136079042219,13.184136079042219,13.184136079042219,13.184136079042219,13.184136079042219,13.184136079042219,13.341974986018613,None,None,None,None,None,None,None,None,None,None,None,None,1,[0.19445073703536764],[0.19445905002066866],0,,,,,,,,,,,,,,,,,,,,,,,,,,,,,,,,,,,,,,,,,,,,,,,,,,,431440,001,2024-08-19_13h04.04.172,SenstirEs_warningandinstructions,2024.1.4,None,2024-08-19 13h04.14.512693 +0200,
PARAPSICOLOGÍA,,,,,0,21,21,1,,,,,,,,,13.468666036031209,,,,,,,,,,,,,,,,13.342979603039566,13.468666036031209,13.468666036031209,13.468666036031209,13.468666036031209,13.468666036031209,13.468666036031209,13.468666036031209,13.468666036031209,13.468666036031209,13.468666036031209,13.468666036031209,13.468666036031209,13.468666036031209,13.468666036031209,13.468666036031209,13.468666036031209,13.558796400029678,None,None,None,None,None,None,None,None,None,None,None,None,1,[0.12131127901375294],[0.12132153898710385],0,,,,,,,,,,,,,,,,,,,,,,,,,,,,,,,,,,,,,,,,,,,,,,,,,,,431440,001,2024-08-19_13h04.04.172,SenstirEs_warningandinstructions,2024.1.4,None,2024-08-19 13h04.14.512693 +0200,
VISIBLE,,,,,0,22,22,16,,,,,,,,,13.687713382998481,,,,,,,,,,,,,,,,13.559995941992383,13.687713382998481,13.687713382998481,13.687713382998481,13.687713382998481,13.687713382998481,13.687713382998481,13.687713382998481,13.687713382998481,13.687713382998481,13.687713382998481,13.687713382998481,13.687713382998481,13.687713382998481,13.687713382998481,13.687713382998481,13.687713382998481,13.777977299992926,None,None,None,None,None,None,None,None,None,None,None,None,1,[0.12286921398481354],[0.12288410897599533],0,,,,,,,,,,,,,,,,,,,,,,,,,,,,,,,,,,,,,,,,,,,,,,,,,,,431440,001,2024-08-19_13h04.04.172,SenstirEs_warningandinstructions,2024.1.4,None,2024-08-19 13h04.14.512693 +0200,
VISTA,,,,,0,23,23,7,,,,,,,,,13.900862187030725,,,,,,,,,,,,,,,,13.778979273047298,13.900862187030725,13.900862187030725,13.900862187030725,13.900862187030725,13.900862187030725,13.900862187030725,13.900862187030725,13.900862187030725,13.900862187030725,13.900862187030725,13.900862187030725,13.900862187030725,13.900862187030725,13.900862187030725,13.900862187030725,13.900862187030725,13.992287222004961,None,None,None,None,None,None,None,None,None,None,None,None,1,[0.12513609998859465],[0.12514512898633257],0,,,,,,,,,,,,,,,,,,,,,,,,,,,,,,,,,,,,,,,,,,,,,,,,,,,431440,001,2024-08-19_13h04.04.172,SenstirEs_warningandinstructions,2024.1.4,None,2024-08-19 13h04.14.512693 +0200,
ETIQUETA,,,,,0,24,24,22,,,,,,,,,14.117618990014307,,,,,,,,,,,,,,,,13.993311019032262,14.117618990014307,14.117618990014307,14.117618990014307,14.117618990014307,14.117618990014307,14.117618990014307,14.117618990014307,14.117618990014307,14.117618990014307,14.117618990014307,14.117618990014307,14.117618990014307,14.117618990014307,14.117618990014307,14.117618990014307,14.117618990014307,14.20851801004028,None,None,None,None,None,None,None,None,None,None,None,None,1,[0.126641392998863],[0.12665005901362747],0,,,,,,,,,,,,,,,,,,,,,,,,,,,,,,,,,,,,,,,,,,,,,,,,,,,431440,001,2024-08-19_13h04.04.172,SenstirEs_warningandinstructions,2024.1.4,None,2024-08-19 13h04.14.512693 +0200,
,,,,,,,,,,,,,,,,,,,,,,,,,,,,,,,,,,,,,,,,,,,,,,,,,,,,,,,,,,,,,,,,,,,,,,,,,,,,,,,,,,,,14.209425644017756,14.255702521011699,14.255702521011699,14.255702521011699,14.255702521011699,15.254296622995753,1,[1.0404015380190685],[1.0404106019996107],0,,,0,,,,,,,,,,,,,,,,,,,,,431440,001,2024-08-19_13h04.04.172,SenstirEs_warningandinstructions,2024.1.4,None,2024-08-19 13h04.14.512693 +0200,
NO,,,,,,,,,0,0,0,11,,,,,15.384135570027865,,,,,,,,,,,,,,,,15.261231962998863,15.384135570027865,15.384135570027865,15.384135570027865,15.384135570027865,15.384135570027865,15.384135570027865,15.384135570027865,15.384135570027865,15.384135570027865,15.384135570027865,15.384135570027865,15.384135570027865,15.384135570027865,15.384135570027865,15.384135570027865,15.384135570027865,16.87523082504049,None,None,None,None,None,None,None,None,None,None,None,None,1,[1.5256241339957342],[1.525632623990532],0,,,,,,,,,,,,,,,,,,,,,,,,,,,,,,,,,,,,,,,,,,,,,,,,,,,431440,001,2024-08-19_13h04.04.172,SenstirEs_warningandinstructions,2024.1.4,None,2024-08-19 13h04.14.512693 +0200,
GOLPECITO,,,,,,,,,0,1,1,17,,,,,17.000613515032455,,,,,,,,,,,,,,,,16.87704378104536,17.000613515032455,17.000613515032455,17.000613515032455,17.000613515032455,17.000613515032455,17.000613515032455,17.000613515032455,17.000613515032455,17.000613515032455,17.000613515032455,17.000613515032455,17.000613515032455,17.000613515032455,17.000613515032455,17.000613515032455,17.000613515032455,17.625536859035492,None,None,None,None,None,None,None,None,None,None,None,None,1,[0.6620384270208888],[0.6620471650385298],0,,,,,,,,,,,,,,,,,,,,,,,,,,,,,,,,,,,,,,,,,,,,,,,,,,,431440,001,2024-08-19_13h04.04.172,SenstirEs_warningandinstructions,2024.1.4,None,2024-08-19 13h04.14.512693 +0200,
SITIO WEB,,,,,,,,,0,2,2,30,,,,,17.750320610997733,,,,,,,,,,,,,,,,17.62654766801279,17.750320610997733,17.750320610997733,17.750320610997733,17.750320610997733,17.750320610997733,17.750320610997733,17.750320610997733,17.750320610997733,17.750320610997733,17.750320610997733,17.750320610997733,17.750320610997733,17.750320610997733,17.750320610997733,17.750320610997733,17.750320610997733,17.842578265001066,None,None,None,None,None,None,None,None,None,None,None,None,1,[0.12879573000827804],[0.128805061976891],0,,,,,,,,,,,,,,,,,,,,,,,,,,,,,,,,,,,,,,,,,,,,,,,,,,,431440,001,2024-08-19_13h04.04.172,SenstirEs_warningandinstructions,2024.1.4,None,2024-08-19 13h04.14.512693 +0200,
JURAR,,,,,,,,,0,3,3,14,,,,,17.967634928005282,,,,,,,,,,,,,,,,17.84358795301523,17.967634928005282,17.967634928005282,17.967634928005282,17.967634928005282,17.967634928005282,17.967634928005282,17.967634928005282,17.967634928005282,17.967634928005282,17.967634928005282,17.967634928005282,17.967634928005282,17.967634928005282,17.967634928005282,17.967634928005282,17.967634928005282,18.0594636570313,None,None,None,None,None,None,None,None,None,None,None,None,1,[0.1294534399639815],[0.12946268898667768],0,,,,,,,,,,,,,,,,,,,,,,,,,,,,,,,,,,,,,,,,,,,,,,,,,,,431440,001,2024-08-19_13h04.04.172,SenstirEs_warningandinstructions,2024.1.4,None,2024-08-19 13h04.14.512693 +0200,
COXIS,,,,,,,,,0,4,4,9,,,,,18.184174596040975,,,,,,,,,,,,,,,,18.06046808103565,18.184174596040975,18.184174596040975,18.184174596040975,18.184174596040975,18.184174596040975,18.184174596040975,18.184174596040975,18.184174596040975,18.184174596040975,18.184174596040975,18.184174596040975,18.184174596040975,18.184174596040975,18.184174596040975,18.184174596040975,18.184174596040975,18.275784772995394,None,None,None,None,None,None,None,None,None,None,None,None,1,[0.12696580699412152],[0.12697462702635676],0,,,,,,,,,,,,,,,,,,,,,,,,,,,,,,,,,,,,,,,,,,,,,,,,,,,431440,001,2024-08-19_13h04.04.172,SenstirEs_warningandinstructions,2024.1.4,None,2024-08-19 13h04.14.512693 +0200,
ESPINOSO,,,,,,,,,0,5,5,12,,,,,18.40075292700203,,,,,,,,,,,,,,,,18.27706826699432,18.40075292700203,18.40075292700203,18.40075292700203,18.40075292700203,18.40075292700203,18.40075292700203,18.40075292700203,18.40075292700203,18.40075292700203,18.40075292700203,18.40075292700203,18.40075292700203,18.40075292700203,18.40075292700203,18.40075292700203,18.40075292700203,18.493085140013136,None,None,None,None,None,None,None,None,None,None,None,None,1,[0.12857025698758662],[0.12857852602610365],0,,,,,,,,,,,,,,,,,,,,,,,,,,,,,,,,,,,,,,,,,,,,,,,,,,,431440,001,2024-08-19_13h04.04.172,SenstirEs_warningandinstructions,2024.1.4,None,2024-08-19 13h04.14.512693 +0200,
HIPERCINÉTICO,,,,,,,,,0,6,6,27,,,,,18.616909125004895,,,,,,,,,,,,,,,,18.494079590018373,18.616909125004895,18.616909125004895,18.616909125004895,18.616909125004895,18.616909125004895,18.616909125004895,18.616909125004895,18.616909125004895,18.616909125004895,18.616909125004895,18.616909125004895,18.616909125004895,18.616909125004895,18.616909125004895,18.616909125004895,18.616909125004895,18.77648084203247,None,None,None,None,None,None,None,None,None,None,None,None,1,[0.1931336970301345],[0.19314386503538117],0,,,,,,,,,,,,,,,,,,,,,,,,,,,,,,,,,,,,,,,,,,,,,,,,,,,431440,001,2024-08-19_13h04.04.172,SenstirEs_warningandinstructions,2024.1.4,None,2024-08-19 13h04.14.512693 +0200,
DOLOROSO,,,,,,,,,0,7,7,2,,,,,18.900675042008515,,,,,,,,,,,,,,,,18.7776918070158,18.900675042008515,18.900675042008515,18.900675042008515,18.900675042008515,18.900675042008515,18.900675042008515,18.900675042008515,18.900675042008515,18.900675042008515,18.900675042008515,18.900675042008515,18.900675042008515,18.900675042008515,18.900675042008515,18.900675042008515,18.900675042008515,19.125076925032772,None,None,None,None,None,None,None,None,None,None,None,None,1,[0.2613134639686905],[0.2613224029773846],0,,,,,,,,,,,,,,,,,,,,,,,,,,,,,,,,,,,,,,,,,,,,,,,,,,,431440,001,2024-08-19_13h04.04.172,SenstirEs_warningandinstructions,2024.1.4,None,2024-08-19 13h04.14.512693 +0200,
CÓDIGO DE BARRAS,,,,,,,,,0,8,8,16,,,,,19.2507136540371,,,,,,,,,,,,,,,,19.126084258023184,19.2507136540371,19.2507136540371,19.2507136540371,19.2507136540371,19.2507136540371,19.2507136540371,19.2507136540371,19.2507136540371,19.2507136540371,19.2507136540371,19.2507136540371,19.2507136540371,19.2507136540371,19.2507136540371,19.2507136540371,19.2507136540371,19.543387000041548,None,None,None,None,None,None,None,None,None,None,None,None,1,[0.32874470500973985],[0.32875347504159436],0,,,,,,,,,,,,,,,,,,,,,,,,,,,,,,,,,,,,,,,,,,,,,,,,,,,431440,001,2024-08-19_13h04.04.172,SenstirEs_warningandinstructions,2024.1.4,None,2024-08-19 13h04.14.512693 +0200,
IMÁGENES,,,,,,,,,0,9,9,31,,,,,19.67057581699919,,,,,,,,,,,,,,,,19.544815436005592,19.67057581699919,19.67057581699919,19.67057581699919,19.67057581699919,19.67057581699919,19.67057581699919,19.67057581699919,19.67057581699919,19.67057581699919,19.67057581699919,19.67057581699919,19.67057581699919,19.67057581699919,19.67057581699919,19.67057581699919,19.67057581699919,19.958591747039463,None,None,None,None,None,None,None,None,None,None,None,None,1,[0.3243387470138259],[0.324347302026581],0,,,,,,,,,,,,,,,,,,,,,,,,,,,,,,,,,,,,,,,,,,,,,,,,,,,431440,001,2024-08-19_13h04.04.172,SenstirEs_warningandinstructions,2024.1.4,None,2024-08-19 13h04.14.512693 +0200,
VER,,,,,,,,,0,10,10,18,,,,,20.084209516004194,,,,,,,,,,,,,,,,19.95958523300942,20.084209516004194,20.084209516004194,20.084209516004194,20.084209516004194,20.084209516004194,20.084209516004194,20.084209516004194,20.084209516004194,20.084209516004194,20.084209516004194,20.084209516004194,20.084209516004194,20.084209516004194,20.084209516004194,20.084209516004194,20.084209516004194,20.3762054980034,None,None,None,None,None,None,None,None,None,None,None,None,1,[0.3296459509874694],[0.32965476595563814],0,,,,,,,,,,,,,,,,,,,,,,,,,,,,,,,,,,,,,,,,,,,,,,,,,,,431440,001,2024-08-19_13h04.04.172,SenstirEs_warningandinstructions,2024.1.4,None,2024-08-19 13h04.14.512693 +0200,
EXCRETOR,,,,,,,,,0,11,11,6,,,,,20.500730150029995,,,,,,,,,,,,,,,,20.37751175899757,20.500730150029995,20.500730150029995,20.500730150029995,20.500730150029995,20.500730150029995,20.500730150029995,20.500730150029995,20.500730150029995,20.500730150029995,20.500730150029995,20.500730150029995,20.500730150029995,20.500730150029995,20.500730150029995,20.500730150029995,20.500730150029995,20.792839615023695,None,None,None,None,None,None,None,None,None,None,None,None,1,[0.32807506097014993],[0.3280833589960821],0,,,,,,,,,,,,,,,,,,,,,,,,,,,,,,,,,,,,,,,,,,,,,,,,,,,431440,001,2024-08-19_13h04.04.172,SenstirEs_warningandinstructions,2024.1.4,None,2024-08-19 13h04.14.512693 +0200,
CONSIGUIENTE ,,,,,,,,,0,12,12,5,,,,,20.917278584034648,,,,,,,,,,,,,,,,20.794165840023197,20.917278584034648,20.917278584034648,20.917278584034648,20.917278584034648,20.917278584034648,20.917278584034648,20.917278584034648,20.917278584034648,20.917278584034648,20.917278584034648,20.917278584034648,20.917278584034648,20.917278584034648,20.917278584034648,20.917278584034648,20.917278584034648,21.142615574004594,None,None,None,None,None,None,None,None,None,None,None,None,1,[0.2611438029562123],[0.26115241297520697],0,,,,,,,,,,,,,,,,,,,,,,,,,,,,,,,,,,,,,,,,,,,,,,,,,,,431440,001,2024-08-19_13h04.04.172,SenstirEs_warningandinstructions,2024.1.4,None,2024-08-19 13h04.14.512693 +0200,
TOMILLO,,,,,,,,,0,13,13,4,,,,,21.267497742024716,,,,,,,,,,,,,,,,21.14360624400433,21.267497742024716,21.267497742024716,21.267497742024716,21.267497742024716,21.267497742024716,21.267497742024716,21.267497742024716,21.267497742024716,21.267497742024716,21.267497742024716,21.267497742024716,21.267497742024716,21.267497742024716,21.267497742024716,21.267497742024716,21.267497742024716,21.492495300015435,None,None,None,None,None,None,None,None,None,None,None,None,1,[0.2615997760440223],[0.26160964102018625],0,,,,,,,,,,,,,,,,,,,,,,,,,,,,,,,,,,,,,,,,,,,,,,,,,,,431440,001,2024-08-19_13h04.04.172,SenstirEs_warningandinstructions,2024.1.4,None,2024-08-19 13h04.14.512693 +0200,
RETOMAR,,,,,,,,,0,14,14,15,,,,,21.61976988200331,,,,,,,,,,,,,,,,21.493498577037826,21.61976988200331,21.61976988200331,21.61976988200331,21.61976988200331,21.61976988200331,21.61976988200331,21.61976988200331,21.61976988200331,21.61976988200331,21.61976988200331,21.61976988200331,21.61976988200331,21.61976988200331,21.61976988200331,21.61976988200331,21.61976988200331,21.84326171001885,None,None,None,None,None,None,None,None,None,None,None,None,1,[0.2626554029993713],[0.26266593200853094],0,,,,,,,,,,,,,,,,,,,,,,,,,,,,,,,,,,,,,,,,,,,,,,,,,,,431440,001,2024-08-19_13h04.04.172,SenstirEs_warningandinstructions,2024.1.4,None,2024-08-19 13h04.14.512693 +0200,
VISTA LATERAL,,,,,,,,,0,15,15,0,,,,,21.96912985900417,,,,,,,,,,,,,,,,21.84424561599735,21.96912985900417,21.96912985900417,21.96912985900417,21.96912985900417,21.96912985900417,21.96912985900417,21.96912985900417,21.96912985900417,21.96912985900417,21.96912985900417,21.96912985900417,21.96912985900417,21.96912985900417,21.96912985900417,21.96912985900417,21.96912985900417,22.39203692402225,None,None,None,None,None,None,None,None,None,None,None,None,1,[0.4595311579760164],[0.45953939901664853],0,,,,,,,,,,,,,,,,,,,,,,,,,,,,,,,,,,,,,,,,,,,,,,,,,,,431440,001,2024-08-19_13h04.04.172,SenstirEs_warningandinstructions,2024.1.4,None,2024-08-19 13h04.14.512693 +0200,
LISO,,,,,,,,,0,16,16,1,,,,,22.51750388101209,,,,,,,,,,,,,,,,22.39301624504151,22.51750388101209,22.51750388101209,22.51750388101209,22.51750388101209,22.51750388101209,22.51750388101209,22.51750388101209,22.51750388101209,22.51750388101209,22.51750388101209,22.51750388101209,22.51750388101209,22.51750388101209,22.51750388101209,22.51750388101209,22.51750388101209,22.810809114016593,None,None,None,None,None,None,None,None,None,None,None,None,1,[0.33047205896582454],[0.3304840489872731],0,,,,,,,,,,,,,,,,,,,,,,,,,,,,,,,,,,,,,,,,,,,,,,,,,,,431440,001,2024-08-19_13h04.04.172,SenstirEs_warningandinstructions,2024.1.4,None,2024-08-19 13h04.14.512693 +0200,
ABRIGARSE,,,,,,,,,0,17,17,8,,,,,22.936534319014754,,,,,,,,,,,,,,,,22.811993489041924,22.936534319014754,22.936534319014754,22.936534319014754,22.936534319014754,22.936534319014754,22.936534319014754,22.936534319014754,22.936534319014754,22.936534319014754,22.936534319014754,22.936534319014754,22.936534319014754,22.936534319014754,22.936534319014754,22.936534319014754,22.936534319014754,23.226272309024353,None,None,None,None,None,None,None,None,None,None,None,None,1,[0.3264917560154572],[0.3265009600436315],0,,,,,,,,,,,,,,,,,,,,,,,,,,,,,,,,,,,,,,,,,,,,,,,,,,,431440,001,2024-08-19_13h04.04.172,SenstirEs_warningandinstructions,2024.1.4,None,2024-08-19 13h04.14.512693 +0200,
MOUNMENTO,,,,,,,,,0,18,18,33,,,,,23.351066211005673,,,,,,,,,,,,,,,,23.22725887404522,23.351066211005673,23.351066211005673,23.351066211005673,23.351066211005673,23.351066211005673,23.351066211005673,23.351066211005673,23.351066211005673,23.351066211005673,23.351066211005673,23.351066211005673,23.351066211005673,23.351066211005673,23.351066211005673,23.351066211005673,23.351066211005673,23.64372654800536,None,None,None,None,None,None,None,None,None,None,None,None,1,[0.3283366920077242],[0.3283448060392402],0,,,,,,,,,,,,,,,,,,,,,,,,,,,,,,,,,,,,,,,,,,,,,,,,,,,431440,001,2024-08-19_13h04.04.172,SenstirEs_warningandinstructions,2024.1.4,None,2024-08-19 13h04.14.512693 +0200,
MASAJE,,,,,,,,,0,19,19,7,,,,,23.767399426025804,,,,,,,,,,,,,,,,23.64470841200091,23.767399426025804,23.767399426025804,23.767399426025804,23.767399426025804,23.767399426025804,23.767399426025804,23.767399426025804,23.767399426025804,23.767399426025804,23.767399426025804,23.767399426025804,23.767399426025804,23.767399426025804,23.767399426025804,23.767399426025804,23.767399426025804,24.059250032005366,None,None,None,None,None,None,None,None,None,None,None,None,1,[0.32835855399025604],[0.32836768199922517],0,,,,,,,,,,,,,,,,,,,,,,,,,,,,,,,,,,,,,,,,,,,,,,,,,,,431440,001,2024-08-19_13h04.04.172,SenstirEs_warningandinstructions,2024.1.4,None,2024-08-19 13h04.14.512693 +0200,
SUBLIMACIÓN,,,,,,,,,0,20,20,29,,,,,24.18471048603533,,,,,,,,,,,,,,,,24.060273556038737,24.18471048603533,24.18471048603533,24.18471048603533,24.18471048603533,24.18471048603533,24.18471048603533,24.18471048603533,24.18471048603533,24.18471048603533,24.18471048603533,24.18471048603533,24.18471048603533,24.18471048603533,24.18471048603533,24.18471048603533,24.18471048603533,24.409801612026058,None,None,None,None,None,None,None,None,None,None,None,None,1,[0.2607036220142618],[0.26071352005237713],0,,,,,,,,,,,,,,,,,,,,,,,,,,,,,,,,,,,,,,,,,,,,,,,,,,,431440,001,2024-08-19_13h04.04.172,SenstirEs_warningandinstructions,2024.1.4,None,2024-08-19 13h04.14.512693 +0200,
DURA,,,,,,,,,0,21,21,26,,,,,24.53407283400884,,,,,,,,,,,,,,,,24.41081288503483,24.53407283400884,24.53407283400884,24.53407283400884,24.53407283400884,24.53407283400884,24.53407283400884,24.53407283400884,24.53407283400884,24.53407283400884,24.53407283400884,24.53407283400884,24.53407283400884,24.53407283400884,24.53407283400884,24.53407283400884,24.53407283400884,24.692486277024727,None,None,None,None,None,None,None,None,None,None,None,None,1,[0.19486429798416793],[0.1948728439747356],0,,,,,,,,,,,,,,,,,,,,,,,,,,,,,,,,,,,,,,,,,,,,,,,,,,,431440,001,2024-08-19_13h04.04.172,SenstirEs_warningandinstructions,2024.1.4,None,2024-08-19 13h04.14.512693 +0200,
WIKIPEDIA,,,,,,,,,0,22,22,3,,,,,24.81906378403073,,,,,,,,,,,,,,,,24.693511621037032,24.81906378403073,24.81906378403073,24.81906378403073,24.81906378403073,24.81906378403073,24.81906378403073,24.81906378403073,24.81906378403073,24.81906378403073,24.81906378403073,24.81906378403073,24.81906378403073,24.81906378403073,24.81906378403073,24.81906378403073,24.81906378403073,25.042881362023763,None,None,None,None,None,None,None,None,None,None,None,None,1,[0.2609317809692584],[0.26094128197291866],0,,,,,,,,,,,,,,,,,,,,,,,,,,,,,,,,,,,,,,,,,,,,,,,,,,,431440,001,2024-08-19_13h04.04.172,SenstirEs_warningandinstructions,2024.1.4,None,2024-08-19 13h04.14.512693 +0200,
SENTIR,,,,,,,,,0,23,23,25,,,,,25.16882625303697,,,,,,,,,,,,,,,,25.043882546015084,25.16882625303697,25.16882625303697,25.16882625303697,25.16882625303697,25.16882625303697,25.16882625303697,25.16882625303697,25.16882625303697,25.16882625303697,25.16882625303697,25.16882625303697,25.16882625303697,25.16882625303697,25.16882625303697,25.16882625303697,25.16882625303697,25.459361652028747,None,None,None,None,None,None,None,None,None,None,None,None,1,[0.3274047779850662],[0.3274148560012691],0,,,,,,,,,,,,,,,,,,,,,,,,,,,,,,,,,,,,,,,,,,,,,,,,,,,431440,001,2024-08-19_13h04.04.172,SenstirEs_warningandinstructions,2024.1.4,None,2024-08-19 13h04.14.512693 +0200,
COLORES,,,,,,,,,0,24,24,24,,,,,25.58459527499508,,,,,,,,,,,,,,,,25.460589645022992,25.58459527499508,25.58459527499508,25.58459527499508,25.58459527499508,25.58459527499508,25.58459527499508,25.58459527499508,25.58459527499508,25.58459527499508,25.58459527499508,25.58459527499508,25.58459527499508,25.58459527499508,25.58459527499508,25.58459527499508,25.58459527499508,25.876318263006397,None,None,None,None,None,None,None,None,None,None,None,None,1,[0.3283528509782627],[0.3283656520070508],0,,,,,,,,,,,,,,,,,,,,,,,,,,,,,,,,,,,,,,,,,,,,,,,,,,,431440,001,2024-08-19_13h04.04.172,SenstirEs_warningandinstructions,2024.1.4,None,2024-08-19 13h04.14.512693 +0200,
FROTAR,,,,,,,,,0,25,25,10,,,,,26.000633111048955,,,,,,,,,,,,,,,,25.87730889604427,26.000633111048955,26.000633111048955,26.000633111048955,26.000633111048955,26.000633111048955,26.000633111048955,26.000633111048955,26.000633111048955,26.000633111048955,26.000633111048955,26.000633111048955,26.000633111048955,26.000633111048955,26.000633111048955,26.000633111048955,26.000633111048955,26.358661079022568,None,None,None,None,None,None,None,None,None,None,None,None,1,[0.3947030549752526],[0.39471459394553676],0,,,,,,,,,,,,,,,,,,,,,,,,,,,,,,,,,,,,,,,,,,,,,,,,,,,431440,001,2024-08-19_13h04.04.172,SenstirEs_warningandinstructions,2024.1.4,None,2024-08-19 13h04.14.512693 +0200,
CONDUCTOR DE AUTOBÚS,,,,,,,,,0,26,26,32,,,,,26.483455392997712,,,,,,,,,,,,,,,,26.35964173299726,26.483455392997712,26.483455392997712,26.483455392997712,26.483455392997712,26.483455392997712,26.483455392997712,26.483455392997712,26.483455392997712,26.483455392997712,26.483455392997712,26.483455392997712,26.483455392997712,26.483455392997712,26.483455392997712,26.483455392997712,26.483455392997712,28.842568563006353,None,None,None,None,None,None,None,None,None,None,None,None,1,[2.3934490050305612],[2.393457987054717],0,,,,,,,,,,,,,,,,,,,,,,,,,,,,,,,,,,,,,,,,,,,,,,,,,,,431440,001,2024-08-19_13h04.04.172,SenstirEs_warningandinstructions,2024.1.4,None,2024-08-19 13h04.14.512693 +0200,
CARIÑOSO,,,,,,,,,0,27,27,22,,,,,28.967192838026676,,,,,,,,,,,,,,,,28.84362693800358,28.967192838026676,28.967192838026676,28.967192838026676,28.967192838026676,28.967192838026676,28.967192838026676,28.967192838026676,28.967192838026676,28.967192838026676,28.967192838026676,28.967192838026676,28.967192838026676,28.967192838026676,28.967192838026676,28.967192838026676,28.967192838026676,29.525835661042947,None,None,None,None,None,None,None,None,None,None,None,None,1,[0.5947781449649483],[0.5947869140072726],0,,,,,,,,,,,,,,,,,,,,,,,,,,,,,,,,,,,,,,,,,,,,,,,,,,,431440,001,2024-08-19_13h04.04.172,SenstirEs_warningandinstructions,2024.1.4,None,2024-08-19 13h04.14.512693 +0200,
APRETÓN DE MANOS,,,,,,,,,0,28,28,19,,,,,29.650242955016438,,,,,,,,,,,,,,,,29.526819061022252,29.650242955016438,29.650242955016438,29.650242955016438,29.650242955016438,29.650242955016438,29.650242955016438,29.650242955016438,29.650242955016438,29.650242955016438,29.650242955016438,29.650242955016438,29.650242955016438,29.650242955016438,29.650242955016438,29.650242955016438,29.650242955016438,29.74394840799505,None,None,None,None,None,None,None,None,None,None,None,None,1,[0.129451216023881],[0.12946125800954178],0,,,,,,,,,,,,,,,,,,,,,,,,,,,,,,,,,,,,,,,,,,,,,,,,,,,431440,001,2024-08-19_13h04.04.172,SenstirEs_warningandinstructions,2024.1.4,None,2024-08-19 13h04.14.512693 +0200,
ASEGURAR,,,,,,,,,0,29,29,21,,,,,29.867884934996255,,,,,,,,,,,,,,,,29.745079503045417,29.867884934996255,29.867884934996255,29.867884934996255,29.867884934996255,29.867884934996255,29.867884934996255,29.867884934996255,29.867884934996255,29.867884934996255,29.867884934996255,29.867884934996255,29.867884934996255,29.867884934996255,29.867884934996255,29.867884934996255,29.867884934996255,30.025688124995213,None,None,None,None,None,None,None,None,None,None,None,None,1,[0.19213773898081854],[0.19214598002145067],0,,,,,,,,,,,,,,,,,,,,,,,,,,,,,,,,,,,,,,,,,,,,,,,,,,,431440,001,2024-08-19_13h04.04.172,SenstirEs_warningandinstructions,2024.1.4,None,2024-08-19 13h04.14.512693 +0200,
CERNIR,,,,,,,,,0,30,30,20,,,,,30.150888312025927,,,,,,,,,,,,,,,,30.026672515028622,30.150888312025927,30.150888312025927,30.150888312025927,30.150888312025927,30.150888312025927,30.150888312025927,30.150888312025927,30.150888312025927,30.150888312025927,30.150888312025927,30.150888312025927,30.150888312025927,30.150888312025927,30.150888312025927,30.150888312025927,30.150888312025927,30.308957753994036,None,None,None,None,None,None,None,None,None,None,None,None,1,[0.195945899002254],[0.19595506001496688],0,,,,,,,,,,,,,,,,,,,,,,,,,,,,,,,,,,,,,,,,,,,,,,,,,,,431440,001,2024-08-19_13h04.04.172,SenstirEs_warningandinstructions,2024.1.4,None,2024-08-19 13h04.14.512693 +0200,
ATERCIOPELADO,,,,,,,,,0,31,31,28,,,,,30.434091615024954,,,,,,,,,,,,,,,,30.309940573992208,30.434091615024954,30.434091615024954,30.434091615024954,30.434091615024954,30.434091615024954,30.434091615024954,30.434091615024954,30.434091615024954,30.434091615024954,30.434091615024954,30.434091615024954,30.434091615024954,30.434091615024954,30.434091615024954,30.434091615024954,30.434091615024954,30.660419556021225,None,None,None,None,None,None,None,None,None,None,None,None,1,[0.2621836679754779],[0.26219199498882517],0,,,,,,,,,,,,,,,,,,,,,,,,,,,,,,,,,,,,,,,,,,,,,,,,,,,431440,001,2024-08-19_13h04.04.172,SenstirEs_warningandinstructions,2024.1.4,None,2024-08-19 13h04.14.512693 +0200,
PICAR,,,,,,,,,0,32,32,23,,,,,30.785848499042913,,,,,,,,,,,,,,,,30.66183998901397,30.785848499042913,30.785848499042913,30.785848499042913,30.785848499042913,30.785848499042913,30.785848499042913,30.785848499042913,30.785848499042913,30.785848499042913,30.785848499042913,30.785848499042913,30.785848499042913,30.785848499042913,30.785848499042913,30.785848499042913,30.785848499042913,31.009051439003088,None,None,None,None,None,None,None,None,None,None,None,None,1,[0.2607051049708389],[0.26072591298725456],0,,,,,,,,,,,,,,,,,,,,,,,,,,,,,,,,,,,,,,,,,,,,,,,,,,,431440,001,2024-08-19_13h04.04.172,SenstirEs_warningandinstructions,2024.1.4,None,2024-08-19 13h04.14.512693 +0200,
ÁNGEL GUARDIAN,,,,,,,,,0,33,33,13,,,,,31.13438144803513,,,,,,,,,,,,,,,,31.010055704042315,31.13438144803513,31.13438144803513,31.13438144803513,31.13438144803513,31.13438144803513,31.13438144803513,31.13438144803513,31.13438144803513,31.13438144803513,31.13438144803513,31.13438144803513,31.13438144803513,31.13438144803513,31.13438144803513,31.13438144803513,31.13438144803513,31.360088148037903,None,None,None,None,None,None,None,None,None,None,None,None,1,[0.262327964999713],[0.26233770995168015],0,,,,,,,,,,,,,,,,,,,,,,,,,,,,,,,,,,,,,,,,,,,,,,,,,,,431440,001,2024-08-19_13h04.04.172,SenstirEs_warningandinstructions,2024.1.4,None,2024-08-19 13h04.14.512693 +0200,
,,,,,,,,,,,,,,,,,,,,,,,,,,,,,,,,,,,,,,,,,,,,,,,,,,,,,,,,,,,,,,,,,,,,,,,,,,,,,,,,,,,,,,,,,,,,,,,,,,,31.360988689993974,31.41745060303947,31.41745060303947,31.41745060303947,31.41745060303947,33.288073706033174,0,,,1,[1.9207077409955673],[1.9207219569943845],0,,,,,,431440,001,2024-08-19_13h04.04.172,SenstirEs_warningandinstructions,2024.1.4,None,2024-08-19 13h04.14.512693 +0200,
BRILLO,,,,,,,,,,,,,0,0,0,1,33.419893393001985,,,,,,,,,,,,,,,,33.29435156501131,33.419893393001985,33.419893393001985,33.419893393001985,33.419893393001985,33.419893393001985,33.419893393001985,33.419893393001985,33.419893393001985,33.419893393001985,33.419893393001985,33.419893393001985,33.419893393001985,33.419893393001985,33.419893393001985,33.419893393001985,33.419893393001985,34.34805309103103,None,None,None,None,None,None,None,None,None,None,None,None,1,[0.9595857589738443],[0.9595941909938119],0,,,,,,,,,,,,,,,,,,,,,,,,,,,,,,,,,,,,,,,,,,,,,,,,,,,431440,001,2024-08-19_13h04.04.172,SenstirEs_warningandinstructions,2024.1.4,None,2024-08-19 13h04.14.512693 +0200,
INFUNDADO,,,,,,,,,,,,,0,1,1,0,34.474009083001874,,,,,,,,,,,,,,,,34.34985972603317,34.474009083001874,34.474009083001874,34.474009083001874,34.474009083001874,34.474009083001874,34.474009083001874,34.474009083001874,34.474009083001874,34.474009083001874,34.474009083001874,34.474009083001874,34.474009083001874,34.474009083001874,34.474009083001874,34.474009083001874,34.474009083001874,34.82555275404593,None,None,None,None,None,None,None,None,None,None,None,None,1,[0.38817058195127174],[0.38817948900396004],0,,,,,,,,,,,,,,,,,,,,,,,,,,,,,,,,,,,,,,,,,,,,,,,,,,,431440,001,2024-08-19_13h04.04.172,SenstirEs_warningandinstructions,2024.1.4,None,2024-08-19 13h04.14.512693 +0200,
,,,,,,,,,,,,,,,,,,,,,,,,,,,,,,,,,,,,,,,,,,,,,,,,,,,,,,,,,,,,,,,,,,,,,,,,,,,,,,,,,,,,,,,,,,,,,,,,,,,,,,,,,,,,,,,,,,34.826443232013844,34.84992698702263,34.84992698702263,,,,,,,,
