﻿Word,SentirEs_19.thisRepN,SentirEs_19.thisTrialN,SentirEs_19.thisN,SentirEs_19.thisIndex,thisRow.t,notes,warning_span.started,warning_SentirEs.started,Siguente.started,warning_span.stopped,Siguente.numClicks,Siguente.timesOn,Siguente.timesOff,SentirEs_intructions_Span.started,intructions.started,Siguente_instructions.started,SentirEs_intructions_Span.stopped,Siguente_instructions.numClicks,Siguente_instructions.timesOn,Siguente_instructions.timesOff,SentirEs_likert_span.started,text.started,stimuli.started,perceptual_audition.started,perceptual_gustatory.started,perceptual_haptic.started,perceptual_interocepticve.started,perceptual_olfaction.started,perceptual_visual.started,Audition.started,Gustatory.started,Haptic.started,Interoception.started,Olfaction.started,Vision.started,Siguente_stim.started,No_se.started,SentirEs_likert_span.stopped,Audition.response,Audition.rt,Gustatory.response,Gustatory.rt,Haptic.response,Haptic.rt,Interoception.response,Interoception.rt,Olfaction.response,Olfaction.rt,Vision.response,Vision.rt,Siguente_stim.numClicks,Siguente_stim.timesOn,Siguente_stim.timesOff,No_se.numClicks,No_se.timesOn,No_se.timesOff,SenstirEs_catch_Span_1.started,catch_1.started,Oso.started,Ave.started,Pez.started,SenstirEs_catch_Span_1.stopped,Oso.numClicks,Oso.timesOn,Oso.timesOff,Ave.numClicks,Ave.timesOn,Ave.timesOff,Pez.numClicks,Pez.timesOn,Pez.timesOff,participant,session,date,expName,psychopyVersion,frameRate,expStart,
,,,,,,,0.029098878003424034,0.07426129601662979,0.07426129601662979,1.0759544540196657,1,[1.0451415650022682],[1.045150902995374],,,,,,,,,,,,,,,,,,,,,,,,,,,,,,,,,,,,,,,,,,,,,,,,,,,,,,,,,,,541371,001,2024-08-14_18h39.52.460,SenstirEs_warningandinstructions,2024.1.4,None,2024-08-14 18h40.01.798560 +0200,
,,,,,,,,,,,,,,1.0760919740132522,1.1075306290003937,1.1075306290003937,1.4340095100051258,1,[0.3558650510094594],[0.3558737560233567],,,,,,,,,,,,,,,,,,,,,,,,,,,,,,,,,,,,,,,,,,,,,,,,,,,,541371,001,2024-08-14_18h39.52.460,SenstirEs_warningandinstructions,2024.1.4,None,2024-08-14 18h40.01.798560 +0200,
EMOCIONANTE,0,0,0,0,1.674934207025217,,,,,,,,,,,,,,,,1.4435019160155207,1.674934207025217,1.674934207025217,1.674934207025217,1.674934207025217,1.674934207025217,1.674934207025217,1.674934207025217,1.674934207025217,1.674934207025217,1.674934207025217,1.674934207025217,1.674934207025217,1.674934207025217,1.674934207025217,1.674934207025217,1.674934207025217,2.366881006018957,None,None,None,None,None,None,None,None,None,None,None,None,1,[0.8271869470190722],[0.8271958690020256],0,,,,,,,,,,,,,,,,,,541371,001,2024-08-14_18h39.52.460,SenstirEs_warningandinstructions,2024.1.4,None,2024-08-14 18h40.01.798560 +0200,
CUAJAR,0,1,1,1,2.492270956019638,,,,,,,,,,,,,,,,2.3686829610087443,2.492270956019638,2.492270956019638,2.492270956019638,2.492270956019638,2.492270956019638,2.492270956019638,2.492270956019638,2.492270956019638,2.492270956019638,2.492270956019638,2.492270956019638,2.492270956019638,2.492270956019638,2.492270956019638,2.492270956019638,2.492270956019638,2.849666583002545,None,None,None,None,None,None,None,None,None,None,None,None,1,[0.3905367830011528],[0.39054538900381885],0,,,,,,,,,,,,,,,,,,541371,001,2024-08-14_18h39.52.460,SenstirEs_warningandinstructions,2024.1.4,None,2024-08-14 18h40.01.798560 +0200,
DIA,0,2,2,2,2.9748099370044656,,,,,,,,,,,,,,,,2.850697753019631,2.9748099370044656,2.9748099370044656,2.9748099370044656,2.9748099370044656,2.9748099370044656,2.9748099370044656,2.9748099370044656,2.9748099370044656,2.9748099370044656,2.9748099370044656,2.9748099370044656,2.9748099370044656,2.9748099370044656,2.9748099370044656,2.9748099370044656,2.9748099370044656,3.2666806850174908,None,None,None,None,None,None,None,None,None,None,None,None,1,[0.3277233409753535],[0.3277319219778292],0,,,,,,,,,,,,,,,,,,541371,001,2024-08-14_18h39.52.460,SenstirEs_warningandinstructions,2024.1.4,None,2024-08-14 18h40.01.798560 +0200,
A LA VISTA,0,3,3,3,3.391259495023405,,,,,,,,,,,,,,,,3.2676827880204655,3.391259495023405,3.391259495023405,3.391259495023405,3.391259495023405,3.391259495023405,3.391259495023405,3.391259495023405,3.391259495023405,3.391259495023405,3.391259495023405,3.391259495023405,3.391259495023405,3.391259495023405,3.391259495023405,3.391259495023405,3.391259495023405,3.618246124999132,None,None,None,None,None,None,None,None,None,None,None,None,1,[0.25893842699588276],[0.25894999798038043],0,,,,,,,,,,,,,,,,,,541371,001,2024-08-14_18h39.52.460,SenstirEs_warningandinstructions,2024.1.4,None,2024-08-14 18h40.01.798560 +0200,
SOBRESCRIBIR,0,4,4,4,3.7415250800258946,,,,,,,,,,,,,,,,3.6192827810009476,3.7415250800258946,3.7415250800258946,3.7415250800258946,3.7415250800258946,3.7415250800258946,3.7415250800258946,3.7415250800258946,3.7415250800258946,3.7415250800258946,3.7415250800258946,3.7415250800258946,3.7415250800258946,3.7415250800258946,3.7415250800258946,3.7415250800258946,3.7415250800258946,4.032493438018719,None,None,None,None,None,None,None,None,None,None,None,None,1,[0.32522240397520363],[0.3252311239775736],0,,,,,,,,,,,,,,,,,,541371,001,2024-08-14_18h39.52.460,SenstirEs_warningandinstructions,2024.1.4,None,2024-08-14 18h40.01.798560 +0200,
TOCAR,0,5,5,5,4.158283529017353,,,,,,,,,,,,,,,,4.033693896024488,4.158283529017353,4.158283529017353,4.158283529017353,4.158283529017353,4.158283529017353,4.158283529017353,4.158283529017353,4.158283529017353,4.158283529017353,4.158283529017353,4.158283529017353,4.158283529017353,4.158283529017353,4.158283529017353,4.158283529017353,4.158283529017353,10.165622138010804,None,None,None,None,None,None,None,None,None,None,None,None,1,[6.044458674005],[6.0444671099830884],0,,,,,,,,,,,,,,,,,,541371,001,2024-08-14_18h39.52.460,SenstirEs_warningandinstructions,2024.1.4,None,2024-08-14 18h40.01.798560 +0200,
SUAVIDAD,0,6,6,6,10.291394519997993,,,,,,,,,,,,,,,,10.167271932004951,10.291394519997993,10.291394519997993,10.291394519997993,10.291394519997993,10.291394519997993,10.291394519997993,10.291394519997993,10.291394519997993,10.291394519997993,10.291394519997993,10.291394519997993,10.291394519997993,10.291394519997993,10.291394519997993,10.291394519997993,10.291394519997993,10.849429626017809,None,None,None,None,None,None,None,None,None,None,None,None,1,[0.5953357389953453],[0.5953444250044413],0,,,,,,,,,,,,,,,,,,541371,001,2024-08-14_18h39.52.460,SenstirEs_warningandinstructions,2024.1.4,None,2024-08-14 18h40.01.798560 +0200,
INTUITIVAMENTE,0,7,7,7,10.974557274021208,,,,,,,,,,,,,,,,10.850428265024675,10.974557274021208,10.974557274021208,10.974557274021208,10.974557274021208,10.974557274021208,10.974557274021208,10.974557274021208,10.974557274021208,10.974557274021208,10.974557274021208,10.974557274021208,10.974557274021208,10.974557274021208,10.974557274021208,10.974557274021208,10.974557274021208,12.465330981009174,None,None,None,None,None,None,None,None,None,None,None,None,1,[1.5287886779988185],[1.528796569997212],0,,,,,,,,,,,,,,,,,,541371,001,2024-08-14_18h39.52.460,SenstirEs_warningandinstructions,2024.1.4,None,2024-08-14 18h40.01.798560 +0200,
FÉMUR,0,8,8,8,12.591166296013398,,,,,,,,,,,,,,,,12.466338819998782,12.591166296013398,12.591166296013398,12.591166296013398,12.591166296013398,12.591166296013398,12.591166296013398,12.591166296013398,12.591166296013398,12.591166296013398,12.591166296013398,12.591166296013398,12.591166296013398,12.591166296013398,12.591166296013398,12.591166296013398,12.591166296013398,12.950566833023913,None,None,None,None,None,None,None,None,None,None,None,None,1,[0.39402558098663576],[0.39403357199626043],0,,,,,,,,,,,,,,,,,,541371,001,2024-08-14_18h39.52.460,SenstirEs_warningandinstructions,2024.1.4,None,2024-08-14 18h40.01.798560 +0200,
ACARICIADO,0,9,9,9,13.074583947018255,,,,,,,,,,,,,,,,12.951918457023567,13.074583947018255,13.074583947018255,13.074583947018255,13.074583947018255,13.074583947018255,13.074583947018255,13.074583947018255,13.074583947018255,13.074583947018255,13.074583947018255,13.074583947018255,13.074583947018255,13.074583947018255,13.074583947018255,13.074583947018255,13.074583947018255,13.36594298100681,None,None,None,None,None,None,None,None,None,None,None,None,1,[0.32732652602135204],[0.32733435701811686],0,,,,,,,,,,,,,,,,,,541371,001,2024-08-14_18h39.52.460,SenstirEs_warningandinstructions,2024.1.4,None,2024-08-14 18h40.01.798560 +0200,
ACARICIAR,0,10,10,10,13.491113054013113,,,,,,,,,,,,,,,,13.366947292000987,13.491113054013113,13.491113054013113,13.491113054013113,13.491113054013113,13.491113054013113,13.491113054013113,13.491113054013113,13.491113054013113,13.491113054013113,13.491113054013113,13.491113054013113,13.491113054013113,13.491113054013113,13.491113054013113,13.491113054013113,13.491113054013113,13.782952181005385,None,None,None,None,None,None,None,None,None,None,None,None,1,[0.32843446399783716],[0.3284429649938829],0,,,,,,,,,,,,,,,,,,541371,001,2024-08-14_18h39.52.460,SenstirEs_warningandinstructions,2024.1.4,None,2024-08-14 18h40.01.798560 +0200,
PELUDO,0,11,11,11,13.90800337100518,,,,,,,,,,,,,,,,13.783954890008317,13.90800337100518,13.90800337100518,13.90800337100518,13.90800337100518,13.90800337100518,13.90800337100518,13.90800337100518,13.90800337100518,13.90800337100518,13.90800337100518,13.90800337100518,13.90800337100518,13.90800337100518,13.90800337100518,13.90800337100518,13.90800337100518,14.265560630010441,None,None,None,None,None,None,None,None,None,None,None,None,1,[0.395303152006818],[0.39531184601946734],0,,,,,,,,,,,,,,,,,,541371,001,2024-08-14_18h39.52.460,SenstirEs_warningandinstructions,2024.1.4,None,2024-08-14 18h40.01.798560 +0200,
INDESTRUCTIBILIDAD,0,12,12,12,14.391281120013446,,,,,,,,,,,,,,,,14.266568620019825,14.391281120013446,14.391281120013446,14.391281120013446,14.391281120013446,14.391281120013446,14.391281120013446,14.391281120013446,14.391281120013446,14.391281120013446,14.391281120013446,14.391281120013446,14.391281120013446,14.391281120013446,14.391281120013446,14.391281120013446,14.391281120013446,17.081229590025032,None,None,None,None,None,None,None,None,None,None,None,None,1,[2.7291374139895197],[2.7291454350051936],0,,,,,,,,,,,,,,,,,,541371,001,2024-08-14_18h39.52.460,SenstirEs_warningandinstructions,2024.1.4,None,2024-08-14 18h40.01.798560 +0200,
MASILLOSO,0,13,13,13,17.207756401010556,,,,,,,,,,,,,,,,17.08258109400049,17.207756401010556,17.207756401010556,17.207756401010556,17.207756401010556,17.207756401010556,17.207756401010556,17.207756401010556,17.207756401010556,17.207756401010556,17.207756401010556,17.207756401010556,17.207756401010556,17.207756401010556,17.207756401010556,17.207756401010556,17.207756401010556,17.69994830901851,None,None,None,None,None,None,None,None,None,None,None,None,1,[0.5292092450254131],[0.5292184670106508],0,,,,,,,,,,,,,,,,,,541371,001,2024-08-14_18h39.52.460,SenstirEs_warningandinstructions,2024.1.4,None,2024-08-14 18h40.01.798560 +0200,
AULLIDO,0,14,14,14,17.82458791701356,,,,,,,,,,,,,,,,17.701024271023925,17.82458791701356,17.82458791701356,17.82458791701356,17.82458791701356,17.82458791701356,17.82458791701356,17.82458791701356,17.82458791701356,17.82458791701356,17.82458791701356,17.82458791701356,17.82458791701356,17.82458791701356,17.82458791701356,17.82458791701356,17.82458791701356,18.182681847014464,None,None,None,None,None,None,None,None,None,None,None,None,1,[0.3945102730067447],[0.39451844501309097],0,,,,,,,,,,,,,,,,,,541371,001,2024-08-14_18h39.52.460,SenstirEs_warningandinstructions,2024.1.4,None,2024-08-14 18h40.01.798560 +0200,
TACTILMENTE,0,15,15,15,18.30792673502583,,,,,,,,,,,,,,,,18.18369064302533,18.30792673502583,18.30792673502583,18.30792673502583,18.30792673502583,18.30792673502583,18.30792673502583,18.30792673502583,18.30792673502583,18.30792673502583,18.30792673502583,18.30792673502583,18.30792673502583,18.30792673502583,18.30792673502583,18.30792673502583,18.30792673502583,18.581986703007715,None,None,None,None,None,None,None,None,None,None,None,None,1,[0.31318177399225533],[0.31319066099240445],0,,,,,,,,,,,,,,,,,,541371,001,2024-08-14_18h39.52.460,SenstirEs_warningandinstructions,2024.1.4,None,2024-08-14 18h40.01.798560 +0200,
CARA,0,16,16,16,18.707868665020214,,,,,,,,,,,,,,,,18.583172896003816,18.707868665020214,18.707868665020214,18.707868665020214,18.707868665020214,18.707868665020214,18.707868665020214,18.707868665020214,18.707868665020214,18.707868665020214,18.707868665020214,18.707868665020214,18.707868665020214,18.707868665020214,18.707868665020214,18.707868665020214,18.707868665020214,18.998830738011748,None,None,None,None,None,None,None,None,None,None,None,None,1,[0.3305169980158098],[0.3305257940082811],0,,,,,,,,,,,,,,,,,,541371,001,2024-08-14_18h39.52.460,SenstirEs_warningandinstructions,2024.1.4,None,2024-08-14 18h40.01.798560 +0200,
DEPLORAR,0,17,17,17,19.12465625401819,,,,,,,,,,,,,,,,18.99989414701122,19.12465625401819,19.12465625401819,19.12465625401819,19.12465625401819,19.12465625401819,19.12465625401819,19.12465625401819,19.12465625401819,19.12465625401819,19.12465625401819,19.12465625401819,19.12465625401819,19.12465625401819,19.12465625401819,19.12465625401819,19.12465625401819,19.482419487001607,None,None,None,None,None,None,None,None,None,None,None,None,1,[0.39647386397700757],[0.39648234998458065],0,,,,,,,,,,,,,,,,,,541371,001,2024-08-14_18h39.52.460,SenstirEs_warningandinstructions,2024.1.4,None,2024-08-14 18h40.01.798560 +0200,
TORRINO ,0,18,18,18,19.610910107003292,,,,,,,,,,,,,,,,19.483440669020638,19.610910107003292,19.610910107003292,19.610910107003292,19.610910107003292,19.610910107003292,19.610910107003292,19.610910107003292,19.610910107003292,19.610910107003292,19.610910107003292,19.610910107003292,19.610910107003292,19.610910107003292,19.610910107003292,19.610910107003292,19.610910107003292,19.897810106020188,None,None,None,None,None,None,None,None,None,None,None,None,1,[0.32636698900023475],[0.3263744139985647],0,,,,,,,,,,,,,,,,,,541371,001,2024-08-14_18h39.52.460,SenstirEs_warningandinstructions,2024.1.4,None,2024-08-14 18h40.01.798560 +0200,
,,,,,,,,,,,,,,,,,,,,,,,,,,,,,,,,,,,,,,,,,,,,,,,,,,,,,,,,,19.89922212800593,19.95731393501046,19.95731393501046,19.95731393501046,19.95731393501046,20.926231214019936,0,,,1,[1.022913963010069],[1.0229212889971677],0,,,541371,001,2024-08-14_18h39.52.460,SenstirEs_warningandinstructions,2024.1.4,None,2024-08-14 18h40.01.798560 +0200,
