﻿Word,SentirEs_19.thisRepN,SentirEs_19.thisTrialN,SentirEs_19.thisN,SentirEs_19.thisIndex,SentirEs_45.thisRepN,SentirEs_45.thisTrialN,SentirEs_45.thisN,SentirEs_45.thisIndex,thisRow.t,notes,warning_span.started,warning_SentirEs.started,Siguente.started,warning_span.stopped,Siguente.numClicks,Siguente.timesOn,Siguente.timesOff,SentirEs_intructions_Span.started,intructions.started,Siguente_instructions.started,SentirEs_intructions_Span.stopped,Siguente_instructions.numClicks,Siguente_instructions.timesOn,Siguente_instructions.timesOff,SentirEs_likert_span.started,text.started,stimuli.started,perceptual_audition.started,perceptual_gustatory.started,perceptual_haptic.started,perceptual_interocepticve.started,perceptual_olfaction.started,perceptual_visual.started,Audition.started,Gustatory.started,Haptic.started,Interoception.started,Olfaction.started,Vision.started,Siguente_stim.started,No_se.started,SentirEs_likert_span.stopped,Audition.response,Audition.rt,Gustatory.response,Gustatory.rt,Haptic.response,Haptic.rt,Interoception.response,Interoception.rt,Olfaction.response,Olfaction.rt,Vision.response,Vision.rt,Siguente_stim.numClicks,Siguente_stim.timesOn,Siguente_stim.timesOff,No_se.numClicks,No_se.timesOn,No_se.timesOff,SenstirEs_catch_Span_1.started,catch_1.started,Oso.started,Ave.started,Pez.started,SenstirEs_catch_Span_1.stopped,Oso.numClicks,Oso.timesOn,Oso.timesOff,Ave.numClicks,Ave.timesOn,Ave.timesOff,Pez.numClicks,Pez.timesOn,Pez.timesOff,participant,session,date,expName,psychopyVersion,frameRate,expStart,
,,,,,,,,,,,0.017047425993951038,0.06394624599488452,0.06394624599488452,1.0664328770071734,1,[1.0453931619995274],[1.0454025139915757],,,,,,,,,,,,,,,,,,,,,,,,,,,,,,,,,,,,,,,,,,,,,,,,,,,,,,,,,,,906256,001,2024-08-14_18h43.51.134,SenstirEs_warningandinstructions,2024.1.4,None,2024-08-14 18h43.58.662310 +0200,
,,,,,,,,,,,,,,,,,,1.0665732370107435,1.0969688729965128,1.0969688729965128,1.4721778050006833,1,[0.4037537410040386],[0.4037618400179781],,,,,,,,,,,,,,,,,,,,,,,,,,,,,,,,,,,,,,,,,,,,,,,,,,,,906256,001,2024-08-14_18h43.51.134,SenstirEs_warningandinstructions,2024.1.4,None,2024-08-14 18h43.58.662310 +0200,
EMOCIONANTE,0,0,0,0,,,,,1.7140753359999508,,,,,,,,,,,,,,,,1.4785139989980962,1.7140753359999508,1.7140753359999508,1.7140753359999508,1.7140753359999508,1.7140753359999508,1.7140753359999508,1.7140753359999508,1.7140753359999508,1.7140753359999508,1.7140753359999508,1.7140753359999508,1.7140753359999508,1.7140753359999508,1.7140753359999508,1.7140753359999508,1.7140753359999508,2.7397550420137122,None,None,None,None,None,None,None,None,None,None,None,None,1,[1.166888753999956],[1.1669040500128176],0,,,,,,,,,,,,,,,,,,906256,001,2024-08-14_18h43.51.134,SenstirEs_warningandinstructions,2024.1.4,None,2024-08-14 18h43.58.662310 +0200,
CUAJAR,0,1,1,1,,,,,2.864368681999622,,,,,,,,,,,,,,,,2.741567644989118,2.864368681999622,2.864368681999622,2.864368681999622,2.864368681999622,2.864368681999622,2.864368681999622,2.864368681999622,2.864368681999622,2.864368681999622,2.864368681999622,2.864368681999622,2.864368681999622,2.864368681999622,2.864368681999622,2.864368681999622,2.864368681999622,3.022142152010929,None,None,None,None,None,None,None,None,None,None,None,None,1,[0.19168824100052007],[0.1916964100091718],0,,,,,,,,,,,,,,,,,,906256,001,2024-08-14_18h43.51.134,SenstirEs_warningandinstructions,2024.1.4,None,2024-08-14 18h43.58.662310 +0200,
DIA,0,2,2,2,,,,,3.147621607990004,,,,,,,,,,,,,,,,3.0231874299934134,3.147621607990004,3.147621607990004,3.147621607990004,3.147621607990004,3.147621607990004,3.147621607990004,3.147621607990004,3.147621607990004,3.147621607990004,3.147621607990004,3.147621607990004,3.147621607990004,3.147621607990004,3.147621607990004,3.147621607990004,3.147621607990004,3.306347881007241,None,None,None,None,None,None,None,None,None,None,None,None,1,[0.19409202100359835],[0.1941011089948006],0,,,,,,,,,,,,,,,,,,906256,001,2024-08-14_18h43.51.134,SenstirEs_warningandinstructions,2024.1.4,None,2024-08-14 18h43.58.662310 +0200,
A LA VISTA,0,3,3,3,,,,,3.4314024900086224,,,,,,,,,,,,,,,,3.307379800011404,3.4314024900086224,3.4314024900086224,3.4314024900086224,3.4314024900086224,3.4314024900086224,3.4314024900086224,3.4314024900086224,3.4314024900086224,3.4314024900086224,3.4314024900086224,3.4314024900086224,3.4314024900086224,3.4314024900086224,3.4314024900086224,3.4314024900086224,3.4314024900086224,3.655162654002197,None,None,None,None,None,None,None,None,None,None,None,None,1,[0.25926379999145865],[0.2592737159866374],0,,,,,,,,,,,,,,,,,,906256,001,2024-08-14_18h43.51.134,SenstirEs_warningandinstructions,2024.1.4,None,2024-08-14 18h43.58.662310 +0200,
SOBRESCRIBIR,0,4,4,4,,,,,3.7809742410026956,,,,,,,,,,,,,,,,3.65667105600005,3.7809742410026956,3.7809742410026956,3.7809742410026956,3.7809742410026956,3.7809742410026956,3.7809742410026956,3.7809742410026956,3.7809742410026956,3.7809742410026956,3.7809742410026956,3.7809742410026956,3.7809742410026956,3.7809742410026956,3.7809742410026956,3.7809742410026956,3.7809742410026956,4.005715305014746,None,None,None,None,None,None,None,None,None,None,None,None,1,[0.26165507998666726],[0.2616643910005223],0,,,,,,,,,,,,,,,,,,906256,001,2024-08-14_18h43.51.134,SenstirEs_warningandinstructions,2024.1.4,None,2024-08-14 18h43.58.662310 +0200,
TOCAR,0,5,5,5,,,,,4.130954638996627,,,,,,,,,,,,,,,,4.00675426601083,4.130954638996627,4.130954638996627,4.130954638996627,4.130954638996627,4.130954638996627,4.130954638996627,4.130954638996627,4.130954638996627,4.130954638996627,4.130954638996627,4.130954638996627,4.130954638996627,4.130954638996627,4.130954638996627,4.130954638996627,4.130954638996627,4.289649117999943,None,None,None,None,None,None,None,None,None,None,None,None,1,[0.19575357300345786],[0.19576275799772702],0,,,,,,,,,,,,,,,,,,906256,001,2024-08-14_18h43.51.134,SenstirEs_warningandinstructions,2024.1.4,None,2024-08-14 18h43.58.662310 +0200,
SUAVIDAD,0,6,6,6,,,,,4.414417746011168,,,,,,,,,,,,,,,,4.290658751007868,4.414417746011168,4.414417746011168,4.414417746011168,4.414417746011168,4.414417746011168,4.414417746011168,4.414417746011168,4.414417746011168,4.414417746011168,4.414417746011168,4.414417746011168,4.414417746011168,4.414417746011168,4.414417746011168,4.414417746011168,4.414417746011168,4.6384652059932705,None,None,None,None,None,None,None,None,None,None,None,None,1,[0.26299326997832395],[0.26300283198361285],0,,,,,,,,,,,,,,,,,,906256,001,2024-08-14_18h43.51.134,SenstirEs_warningandinstructions,2024.1.4,None,2024-08-14 18h43.58.662310 +0200,
INTUITIVAMENTE,0,7,7,7,,,,,4.764225430000806,,,,,,,,,,,,,,,,4.6397812310024165,4.764225430000806,4.764225430000806,4.764225430000806,4.764225430000806,4.764225430000806,4.764225430000806,4.764225430000806,4.764225430000806,4.764225430000806,4.764225430000806,4.764225430000806,4.764225430000806,4.764225430000806,4.764225430000806,4.764225430000806,4.764225430000806,4.922078900010092,None,None,None,None,None,None,None,None,None,None,None,None,1,[0.1964271079923492],[0.19643608600017615],0,,,,,,,,,,,,,,,,,,906256,001,2024-08-14_18h43.51.134,SenstirEs_warningandinstructions,2024.1.4,None,2024-08-14 18h43.58.662310 +0200,
FÉMUR,0,8,8,8,,,,,5.047481488989433,,,,,,,,,,,,,,,,4.923113327007741,5.047481488989433,5.047481488989433,5.047481488989433,5.047481488989433,5.047481488989433,5.047481488989433,5.047481488989433,5.047481488989433,5.047481488989433,5.047481488989433,5.047481488989433,5.047481488989433,5.047481488989433,5.047481488989433,5.047481488989433,5.047481488989433,5.272103135997895,None,None,None,None,None,None,None,None,None,None,None,None,1,[0.260432935989229],[0.2604423369921278],0,,,,,,,,,,,,,,,,,,906256,001,2024-08-14_18h43.51.134,SenstirEs_warningandinstructions,2024.1.4,None,2024-08-14 18h43.58.662310 +0200,
ACARICIADO,0,9,9,9,,,,,5.397526163986186,,,,,,,,,,,,,,,,5.2731115329952445,5.397526163986186,5.397526163986186,5.397526163986186,5.397526163986186,5.397526163986186,5.397526163986186,5.397526163986186,5.397526163986186,5.397526163986186,5.397526163986186,5.397526163986186,5.397526163986186,5.397526163986186,5.397526163986186,5.397526163986186,5.397526163986186,5.62229158799164,None,None,None,None,None,None,None,None,None,None,None,None,1,[0.2627615840174258],[0.26277056700200774],0,,,,,,,,,,,,,,,,,,906256,001,2024-08-14_18h43.51.134,SenstirEs_warningandinstructions,2024.1.4,None,2024-08-14 18h43.58.662310 +0200,
ACARICIAR,0,10,10,10,,,,,5.747643298993353,,,,,,,,,,,,,,,,5.62331490899669,5.747643298993353,5.747643298993353,5.747643298993353,5.747643298993353,5.747643298993353,5.747643298993353,5.747643298993353,5.747643298993353,5.747643298993353,5.747643298993353,5.747643298993353,5.747643298993353,5.747643298993353,5.747643298993353,5.747643298993353,5.747643298993353,5.9726348299882375,None,None,None,None,None,None,None,None,None,None,None,None,1,[0.2628090469806921],[0.26281745798769407],0,,,,,,,,,,,,,,,,,,906256,001,2024-08-14_18h43.51.134,SenstirEs_warningandinstructions,2024.1.4,None,2024-08-14 18h43.58.662310 +0200,
PELUDO,0,11,11,11,,,,,6.097563168994384,,,,,,,,,,,,,,,,5.973656629998004,6.097563168994384,6.097563168994384,6.097563168994384,6.097563168994384,6.097563168994384,6.097563168994384,6.097563168994384,6.097563168994384,6.097563168994384,6.097563168994384,6.097563168994384,6.097563168994384,6.097563168994384,6.097563168994384,6.097563168994384,6.097563168994384,6.322067908011377,None,None,None,None,None,None,None,None,None,None,None,None,1,[0.261409612983698],[0.2614176539937034],0,,,,,,,,,,,,,,,,,,906256,001,2024-08-14_18h43.51.134,SenstirEs_warningandinstructions,2024.1.4,None,2024-08-14 18h43.58.662310 +0200,
INDESTRUCTIBILIDAD,0,12,12,12,,,,,6.447363754996331,,,,,,,,,,,,,,,,6.32307464000769,6.447363754996331,6.447363754996331,6.447363754996331,6.447363754996331,6.447363754996331,6.447363754996331,6.447363754996331,6.447363754996331,6.447363754996331,6.447363754996331,6.447363754996331,6.447363754996331,6.447363754996331,6.447363754996331,6.447363754996331,6.447363754996331,6.672161945985863,None,None,None,None,None,None,None,None,None,None,None,None,1,[0.26049442999647],[0.2605028139951173],0,,,,,,,,,,,,,,,,,,906256,001,2024-08-14_18h43.51.134,SenstirEs_warningandinstructions,2024.1.4,None,2024-08-14 18h43.58.662310 +0200,
MASILLOSO,0,13,13,13,,,,,6.797442232986214,,,,,,,,,,,,,,,,6.673216783994576,6.797442232986214,6.797442232986214,6.797442232986214,6.797442232986214,6.797442232986214,6.797442232986214,6.797442232986214,6.797442232986214,6.797442232986214,6.797442232986214,6.797442232986214,6.797442232986214,6.797442232986214,6.797442232986214,6.797442232986214,6.797442232986214,7.089335749013117,None,None,None,None,None,None,None,None,None,None,None,None,1,[0.32875730900559574],[0.32876665799994953],0,,,,,,,,,,,,,,,,,,906256,001,2024-08-14_18h43.51.134,SenstirEs_warningandinstructions,2024.1.4,None,2024-08-14 18h43.58.662310 +0200,
AULLIDO,0,14,14,14,,,,,7.214312963013072,,,,,,,,,,,,,,,,7.0903571659873705,7.214312963013072,7.214312963013072,7.214312963013072,7.214312963013072,7.214312963013072,7.214312963013072,7.214312963013072,7.214312963013072,7.214312963013072,7.214312963013072,7.214312963013072,7.214312963013072,7.214312963013072,7.214312963013072,7.214312963013072,7.214312963013072,7.438974168006098,None,None,None,None,None,None,None,None,None,None,None,None,1,[0.2613160490000155],[0.2613248710113112],0,,,,,,,,,,,,,,,,,,906256,001,2024-08-14_18h43.51.134,SenstirEs_warningandinstructions,2024.1.4,None,2024-08-14 18h43.58.662310 +0200,
TACTILMENTE,0,15,15,15,,,,,7.5642519679968245,,,,,,,,,,,,,,,,7.440279205999104,7.5642519679968245,7.5642519679968245,7.5642519679968245,7.5642519679968245,7.5642519679968245,7.5642519679968245,7.5642519679968245,7.5642519679968245,7.5642519679968245,7.5642519679968245,7.5642519679968245,7.5642519679968245,7.5642519679968245,7.5642519679968245,7.5642519679968245,7.5642519679968245,7.78796803401201,None,None,None,None,None,None,None,None,None,None,None,None,1,[0.26256298599764705],[0.26257124199764803],0,,,,,,,,,,,,,,,,,,906256,001,2024-08-14_18h43.51.134,SenstirEs_warningandinstructions,2024.1.4,None,2024-08-14 18h43.58.662310 +0200,
CARA,0,16,16,16,,,,,7.918629488995066,,,,,,,,,,,,,,,,7.788984151004115,7.918629488995066,7.918629488995066,7.918629488995066,7.918629488995066,7.918629488995066,7.918629488995066,7.918629488995066,7.918629488995066,7.918629488995066,7.918629488995066,7.918629488995066,7.918629488995066,7.918629488995066,7.918629488995066,7.918629488995066,7.918629488995066,8.255696353007806,None,None,None,None,None,None,None,None,None,None,None,None,1,[0.37793026998406276],[0.377950427995529],0,,,,,,,,,,,,,,,,,,906256,001,2024-08-14_18h43.51.134,SenstirEs_warningandinstructions,2024.1.4,None,2024-08-14 18h43.58.662310 +0200,
DEPLORAR,0,17,17,17,,,,,8.380879339005332,,,,,,,,,,,,,,,,8.25688291399274,8.380879339005332,8.380879339005332,8.380879339005332,8.380879339005332,8.380879339005332,8.380879339005332,8.380879339005332,8.380879339005332,8.380879339005332,8.380879339005332,8.380879339005332,8.380879339005332,8.380879339005332,8.380879339005332,8.380879339005332,8.380879339005332,8.722827618999872,None,None,None,None,None,None,None,None,None,None,None,None,1,[0.37903316802112386],[0.379042215005029],0,,,,,,,,,,,,,,,,,,906256,001,2024-08-14_18h43.51.134,SenstirEs_warningandinstructions,2024.1.4,None,2024-08-14 18h43.58.662310 +0200,
TORRINO ,0,18,18,18,,,,,8.847675074997824,,,,,,,,,,,,,,,,8.723840277001727,8.847675074997824,8.847675074997824,8.847675074997824,8.847675074997824,8.847675074997824,8.847675074997824,8.847675074997824,8.847675074997824,8.847675074997824,8.847675074997824,8.847675074997824,8.847675074997824,8.847675074997824,8.847675074997824,8.847675074997824,8.847675074997824,9.122364389011636,None,None,None,None,None,None,None,None,None,None,None,None,1,[0.31263531697914004],[0.31264849699800834],0,,,,,,,,,,,,,,,,,,906256,001,2024-08-14_18h43.51.134,SenstirEs_warningandinstructions,2024.1.4,None,2024-08-14 18h43.58.662310 +0200,
,,,,,,,,,,,,,,,,,,,,,,,,,,,,,,,,,,,,,,,,,,,,,,,,,,,,,,,,,,,,,9.123396571987541,9.171460893994663,9.171460893994663,9.171460893994663,9.171460893994663,10.26648037499399,0,,,0,,,1,[1.1389661260182038],[1.1389756050193682],906256,001,2024-08-14_18h43.51.134,SenstirEs_warningandinstructions,2024.1.4,None,2024-08-14 18h43.58.662310 +0200,
PODRÍA,,,,,0,0,0,14,10.397653741005342,,,,,,,,,,,,,,,,10.270688863005489,10.397653741005342,10.397653741005342,10.397653741005342,10.397653741005342,10.397653741005342,10.397653741005342,10.397653741005342,10.397653741005342,10.397653741005342,10.397653741005342,10.397653741005342,10.397653741005342,10.397653741005342,10.397653741005342,10.397653741005342,10.397653741005342,11.488102659990545,None,None,None,None,None,None,None,None,None,None,None,None,1,[1.1291161839908455],[1.1291245910106227],0,,,,,,,,,,,,,,,,,,906256,001,2024-08-14_18h43.51.134,SenstirEs_warningandinstructions,2024.1.4,None,2024-08-14 18h43.58.662310 +0200,
CIELOS,,,,,0,1,1,6,11.61413480801275,,,,,,,,,,,,,,,,11.490593814989552,11.61413480801275,11.61413480801275,11.61413480801275,11.61413480801275,11.61413480801275,11.61413480801275,11.61413480801275,11.61413480801275,11.61413480801275,11.61413480801275,11.61413480801275,11.61413480801275,11.61413480801275,11.61413480801275,11.61413480801275,11.61413480801275,11.972772926994367,None,None,None,None,None,None,None,None,None,None,None,None,1,[0.395290912972996],[0.3952998530003242],0,,,,,,,,,,,,,,,,,,906256,001,2024-08-14_18h43.51.134,SenstirEs_warningandinstructions,2024.1.4,None,2024-08-14 18h43.58.662310 +0200,
VISIBLE,,,,,0,2,2,16,12.097284157003742,,,,,,,,,,,,,,,,11.974269233993255,12.097284157003742,12.097284157003742,12.097284157003742,12.097284157003742,12.097284157003742,12.097284157003742,12.097284157003742,12.097284157003742,12.097284157003742,12.097284157003742,12.097284157003742,12.097284157003742,12.097284157003742,12.097284157003742,12.097284157003742,12.097284157003742,12.388592856004834,None,None,None,None,None,None,None,None,None,None,None,None,1,[0.32835567599977367],[0.328364335000515],0,,,,,,,,,,,,,,,,,,906256,001,2024-08-14_18h43.51.134,SenstirEs_warningandinstructions,2024.1.4,None,2024-08-14 18h43.58.662310 +0200,
TELEVISION,,,,,0,3,3,15,12.514179032004904,,,,,,,,,,,,,,,,12.389751234004507,12.514179032004904,12.514179032004904,12.514179032004904,12.514179032004904,12.514179032004904,12.514179032004904,12.514179032004904,12.514179032004904,12.514179032004904,12.514179032004904,12.514179032004904,12.514179032004904,12.514179032004904,12.514179032004904,12.514179032004904,12.514179032004904,12.739380338985939,None,None,None,None,None,None,None,None,None,None,None,None,1,[0.2625083310122136],[0.26251612199121155],0,,,,,,,,,,,,,,,,,,906256,001,2024-08-14_18h43.51.134,SenstirEs_warningandinstructions,2024.1.4,None,2024-08-14 18h43.58.662310 +0200,
MALA PERSONA,,,,,0,4,4,5,12.864272487000562,,,,,,,,,,,,,,,,12.740549681009725,12.864272487000562,12.864272487000562,12.864272487000562,12.864272487000562,12.864272487000562,12.864272487000562,12.864272487000562,12.864272487000562,12.864272487000562,12.864272487000562,12.864272487000562,12.864272487000562,12.864272487000562,12.864272487000562,12.864272487000562,12.864272487000562,13.155895050993422,None,None,None,None,None,None,None,None,None,None,None,None,1,[0.3284034429816529],[0.3284115949936677],0,,,,,,,,,,,,,,,,,,906256,001,2024-08-14_18h43.51.134,SenstirEs_warningandinstructions,2024.1.4,None,2024-08-14 18h43.58.662310 +0200,
PESIMISTA,,,,,0,5,5,3,13.280847065005219,,,,,,,,,,,,,,,,13.15705355501268,13.280847065005219,13.280847065005219,13.280847065005219,13.280847065005219,13.280847065005219,13.280847065005219,13.280847065005219,13.280847065005219,13.280847065005219,13.280847065005219,13.280847065005219,13.280847065005219,13.280847065005219,13.280847065005219,13.280847065005219,13.280847065005219,13.573131398996338,None,None,None,None,None,None,None,None,None,None,None,None,1,[0.3289489170128945],[0.3289591000066139],0,,,,,,,,,,,,,,,,,,906256,001,2024-08-14_18h43.51.134,SenstirEs_warningandinstructions,2024.1.4,None,2024-08-14 18h43.58.662310 +0200,
AGARRE,,,,,0,6,6,9,13.69753341600881,,,,,,,,,,,,,,,,13.574271950987168,13.69753341600881,13.69753341600881,13.69753341600881,13.69753341600881,13.69753341600881,13.69753341600881,13.69753341600881,13.69753341600881,13.69753341600881,13.69753341600881,13.69753341600881,13.69753341600881,13.69753341600881,13.69753341600881,13.69753341600881,13.69753341600881,13.989727097010473,None,None,None,None,None,None,None,None,None,None,None,None,1,[0.3285170950111933],[0.32852602601633407],0,,,,,,,,,,,,,,,,,,906256,001,2024-08-14_18h43.51.134,SenstirEs_warningandinstructions,2024.1.4,None,2024-08-14 18h43.58.662310 +0200,
ETIQUETA,,,,,0,7,7,22,14.11401456000749,,,,,,,,,,,,,,,,13.990885970997624,14.11401456000749,14.11401456000749,14.11401456000749,14.11401456000749,14.11401456000749,14.11401456000749,14.11401456000749,14.11401456000749,14.11401456000749,14.11401456000749,14.11401456000749,14.11401456000749,14.11401456000749,14.11401456000749,14.11401456000749,14.11401456000749,14.405821635999018,None,None,None,None,None,None,None,None,None,None,None,None,1,[0.32930416997987777],[0.32931424499838613],0,,,,,,,,,,,,,,,,,,906256,001,2024-08-14_18h43.51.134,SenstirEs_warningandinstructions,2024.1.4,None,2024-08-14 18h43.58.662310 +0200,
ALÉRGICO,,,,,0,8,8,18,14.530840813997202,,,,,,,,,,,,,,,,14.406973709992599,14.530840813997202,14.530840813997202,14.530840813997202,14.530840813997202,14.530840813997202,14.530840813997202,14.530840813997202,14.530840813997202,14.530840813997202,14.530840813997202,14.530840813997202,14.530840813997202,14.530840813997202,14.530840813997202,14.530840813997202,14.530840813997202,14.822431517997757,None,None,None,None,None,None,None,None,None,None,None,None,1,[0.3297131619765423],[0.32972277799854055],0,,,,,,,,,,,,,,,,,,906256,001,2024-08-14_18h43.51.134,SenstirEs_warningandinstructions,2024.1.4,None,2024-08-14 18h43.58.662310 +0200,
VISTA,,,,,0,9,9,21,14.947239933011588,,,,,,,,,,,,,,,,14.823870179010555,14.947239933011588,14.947239933011588,14.947239933011588,14.947239933011588,14.947239933011588,14.947239933011588,14.947239933011588,14.947239933011588,14.947239933011588,14.947239933011588,14.947239933011588,14.947239933011588,14.947239933011588,14.947239933011588,14.947239933011588,14.947239933011588,15.239139743003761,None,None,None,None,None,None,None,None,None,None,None,None,1,[0.32992874100455083],[0.32993785399594344],0,,,,,,,,,,,,,,,,,,906256,001,2024-08-14_18h43.51.134,SenstirEs_warningandinstructions,2024.1.4,None,2024-08-14 18h43.58.662310 +0200,
DIESTRO,,,,,0,10,10,2,15.36412168899551,,,,,,,,,,,,,,,,15.240301406010985,15.36412168899551,15.36412168899551,15.36412168899551,15.36412168899551,15.36412168899551,15.36412168899551,15.36412168899551,15.36412168899551,15.36412168899551,15.36412168899551,15.36412168899551,15.36412168899551,15.36412168899551,15.36412168899551,15.36412168899551,15.36412168899551,15.65588010000647,None,None,None,None,None,None,None,None,None,None,None,None,1,[0.3306928079982754],[0.33070379600394517],0,,,,,,,,,,,,,,,,,,906256,001,2024-08-14_18h43.51.134,SenstirEs_warningandinstructions,2024.1.4,None,2024-08-14 18h43.58.662310 +0200,
YOUTUBE,,,,,0,11,11,11,15.78048521198798,,,,,,,,,,,,,,,,15.65745831199456,15.78048521198798,15.78048521198798,15.78048521198798,15.78048521198798,15.78048521198798,15.78048521198798,15.78048521198798,15.78048521198798,15.78048521198798,15.78048521198798,15.78048521198798,15.78048521198798,15.78048521198798,15.78048521198798,15.78048521198798,15.78048521198798,16.13849695099634,None,None,None,None,None,None,None,None,None,None,None,None,1,[0.3947406389925163],[0.3947494069871027],0,,,,,,,,,,,,,,,,,,906256,001,2024-08-14_18h43.51.134,SenstirEs_warningandinstructions,2024.1.4,None,2024-08-14 18h43.58.662310 +0200,
NO COMESTIBLE,,,,,0,12,12,17,16.264002242998686,,,,,,,,,,,,,,,,16.13967202999629,16.264002242998686,16.264002242998686,16.264002242998686,16.264002242998686,16.264002242998686,16.264002242998686,16.264002242998686,16.264002242998686,16.264002242998686,16.264002242998686,16.264002242998686,16.264002242998686,16.264002242998686,16.264002242998686,16.264002242998686,16.264002242998686,16.6871727220132,None,None,None,None,None,None,None,None,None,None,None,None,1,[0.46236371601116844],[0.4623762700066436],0,,,,,,,,,,,,,,,,,,906256,001,2024-08-14_18h43.51.134,SenstirEs_warningandinstructions,2024.1.4,None,2024-08-14 18h43.58.662310 +0200,
VISTA,,,,,0,13,13,7,16.813957834005123,,,,,,,,,,,,,,,,16.6883443199913,16.813957834005123,16.813957834005123,16.813957834005123,16.813957834005123,16.813957834005123,16.813957834005123,16.813957834005123,16.813957834005123,16.813957834005123,16.813957834005123,16.813957834005123,16.813957834005123,16.813957834005123,16.813957834005123,16.813957834005123,16.813957834005123,17.174512942001456,None,None,None,None,None,None,None,None,None,None,None,None,1,[0.39741001499351114],[0.397418345004553],0,,,,,,,,,,,,,,,,,,906256,001,2024-08-14_18h43.51.134,SenstirEs_warningandinstructions,2024.1.4,None,2024-08-14 18h43.58.662310 +0200,
COLUMNA VERTEBRAL,,,,,0,14,14,24,17.29721559799509,,,,,,,,,,,,,,,,17.17565762999584,17.29721559799509,17.29721559799509,17.29721559799509,17.29721559799509,17.29721559799509,17.29721559799509,17.29721559799509,17.29721559799509,17.29721559799509,17.29721559799509,17.29721559799509,17.29721559799509,17.29721559799509,17.29721559799509,17.29721559799509,17.29721559799509,18.455271851998987,None,None,None,None,None,None,None,None,None,None,None,None,1,[1.193338812008733],[1.1933471669908613],0,,,,,,,,,,,,,,,,,,906256,001,2024-08-14_18h43.51.134,SenstirEs_warningandinstructions,2024.1.4,None,2024-08-14 18h43.58.662310 +0200,
PELIGRO,,,,,0,15,15,8,18.580645678011933,,,,,,,,,,,,,,,,18.456557088007685,18.580645678011933,18.580645678011933,18.580645678011933,18.580645678011933,18.580645678011933,18.580645678011933,18.580645678011933,18.580645678011933,18.580645678011933,18.580645678011933,18.580645678011933,18.580645678011933,18.580645678011933,18.580645678011933,18.580645678011933,18.580645678011933,18.93854591398849,None,None,None,None,None,None,None,None,None,None,None,None,1,[0.39616358900093473],[0.3961721870000474],0,,,,,,,,,,,,,,,,,,906256,001,2024-08-14_18h43.51.134,SenstirEs_warningandinstructions,2024.1.4,None,2024-08-14 18h43.58.662310 +0200,
PICAPORTE,,,,,0,16,16,4,19.064017605996924,,,,,,,,,,,,,,,,18.939694336004322,19.064017605996924,19.064017605996924,19.064017605996924,19.064017605996924,19.064017605996924,19.064017605996924,19.064017605996924,19.064017605996924,19.064017605996924,19.064017605996924,19.064017605996924,19.064017605996924,19.064017605996924,19.064017605996924,19.064017605996924,19.064017605996924,19.28852673000074,None,None,None,None,None,None,None,None,None,None,None,None,1,[0.2618468480068259],[0.26185897999675944],0,,,,,,,,,,,,,,,,,,906256,001,2024-08-14_18h43.51.134,SenstirEs_warningandinstructions,2024.1.4,None,2024-08-14 18h43.58.662310 +0200,
AFLOJAR,,,,,0,17,17,12,19.41432005399838,,,,,,,,,,,,,,,,19.28967421001289,19.41432005399838,19.41432005399838,19.41432005399838,19.41432005399838,19.41432005399838,19.41432005399838,19.41432005399838,19.41432005399838,19.41432005399838,19.41432005399838,19.41432005399838,19.41432005399838,19.41432005399838,19.41432005399838,19.41432005399838,19.41432005399838,19.771477633999893,None,None,None,None,None,None,None,None,None,None,None,None,1,[0.3972006510011852],[0.39720977400429547],0,,,,,,,,,,,,,,,,,,906256,001,2024-08-14_18h43.51.134,SenstirEs_warningandinstructions,2024.1.4,None,2024-08-14 18h43.58.662310 +0200,
PARAPSICOLOGÍA,,,,,0,18,18,1,19.89729273598641,,,,,,,,,,,,,,,,19.7727251870092,19.89729273598641,19.89729273598641,19.89729273598641,19.89729273598641,19.89729273598641,19.89729273598641,19.89729273598641,19.89729273598641,19.89729273598641,19.89729273598641,19.89729273598641,19.89729273598641,19.89729273598641,19.89729273598641,19.89729273598641,19.89729273598641,20.189628636988346,None,None,None,None,None,None,None,None,None,None,None,None,1,[0.33073716700891964],[0.33074641798157245],0,,,,,,,,,,,,,,,,,,906256,001,2024-08-14_18h43.51.134,SenstirEs_warningandinstructions,2024.1.4,None,2024-08-14 18h43.58.662310 +0200,
INCOMUNICABILIDAD,,,,,0,19,19,10,20.314010634989245,,,,,,,,,,,,,,,,20.19077168899821,20.314010634989245,20.314010634989245,20.314010634989245,20.314010634989245,20.314010634989245,20.314010634989245,20.314010634989245,20.314010634989245,20.314010634989245,20.314010634989245,20.314010634989245,20.314010634989245,20.314010634989245,20.314010634989245,20.314010634989245,20.314010634989245,20.93835114099784,None,None,None,None,None,None,None,None,None,None,None,None,1,[0.6617546330089681],[0.6617634130234364],0,,,,,,,,,,,,,,,,,,906256,001,2024-08-14_18h43.51.134,SenstirEs_warningandinstructions,2024.1.4,None,2024-08-14 18h43.58.662310 +0200,
GOLPE,,,,,0,20,20,13,21.063977899000747,,,,,,,,,,,,,,,,20.93950471500284,21.063977899000747,21.063977899000747,21.063977899000747,21.063977899000747,21.063977899000747,21.063977899000747,21.063977899000747,21.063977899000747,21.063977899000747,21.063977899000747,21.063977899000747,21.063977899000747,21.063977899000747,21.063977899000747,21.063977899000747,21.063977899000747,21.422590992006008,None,None,None,None,None,None,None,None,None,None,None,None,1,[0.397366139019141],[0.39738010001019575],0,,,,,,,,,,,,,,,,,,906256,001,2024-08-14_18h43.51.134,SenstirEs_warningandinstructions,2024.1.4,None,2024-08-14 18h43.58.662310 +0200,
TIRADO,,,,,0,21,21,0,21.547196441999404,,,,,,,,,,,,,,,,21.424386641010642,21.547196441999404,21.547196441999404,21.547196441999404,21.547196441999404,21.547196441999404,21.547196441999404,21.547196441999404,21.547196441999404,21.547196441999404,21.547196441999404,21.547196441999404,21.547196441999404,21.547196441999404,21.547196441999404,21.547196441999404,21.547196441999404,22.306047410005704,None,None,None,None,None,None,None,None,None,None,None,None,1,[0.7951777520065662],[0.7951878220192157],0,,,,,,,,,,,,,,,,,,906256,001,2024-08-14_18h43.51.134,SenstirEs_warningandinstructions,2024.1.4,None,2024-08-14 18h43.58.662310 +0200,
BONITO,,,,,0,22,22,19,22.430548150005052,,,,,,,,,,,,,,,,22.307414851995418,22.430548150005052,22.430548150005052,22.430548150005052,22.430548150005052,22.430548150005052,22.430548150005052,22.430548150005052,22.430548150005052,22.430548150005052,22.430548150005052,22.430548150005052,22.430548150005052,22.430548150005052,22.430548150005052,22.430548150005052,22.430548150005052,22.7885082619905,None,None,None,None,None,None,None,None,None,None,None,None,1,[0.39654791000066325],[0.3965576129849069],0,,,,,,,,,,,,,,,,,,906256,001,2024-08-14_18h43.51.134,SenstirEs_warningandinstructions,2024.1.4,None,2024-08-14 18h43.58.662310 +0200,
ENROSCARSE,,,,,0,23,23,23,22.913985305000097,,,,,,,,,,,,,,,,22.78964653200819,22.913985305000097,22.913985305000097,22.913985305000097,22.913985305000097,22.913985305000097,22.913985305000097,22.913985305000097,22.913985305000097,22.913985305000097,22.913985305000097,22.913985305000097,22.913985305000097,22.913985305000097,22.913985305000097,22.913985305000097,22.913985305000097,23.26855147499009,None,None,None,None,None,None,None,None,None,None,None,None,1,[0.396698734984966],[0.3967046309844591],0,,,,,,,,,,,,,,,,,,906256,001,2024-08-14_18h43.51.134,SenstirEs_warningandinstructions,2024.1.4,None,2024-08-14 18h43.58.662310 +0200,
SEDOSO,,,,,0,24,24,20,23.397237522993237,,,,,,,,,,,,,,,,23.269692859990755,23.397237522993237,23.397237522993237,23.397237522993237,23.397237522993237,23.397237522993237,23.397237522993237,23.397237522993237,23.397237522993237,23.397237522993237,23.397237522993237,23.397237522993237,23.397237522993237,23.397237522993237,23.397237522993237,23.397237522993237,23.397237522993237,23.755456004990265,None,None,None,None,None,None,None,None,None,None,None,None,1,[0.4004146020160988],[0.40042280199122615],0,,,,,,,,,,,,,,,,,,906256,001,2024-08-14_18h43.51.134,SenstirEs_warningandinstructions,2024.1.4,None,2024-08-14 18h43.58.662310 +0200,
YOUTUBE,,,,,1,0,25,11,23.880432025005575,,,,,,,,,,,,,,,,23.75661768298596,23.880432025005575,23.880432025005575,23.880432025005575,23.880432025005575,23.880432025005575,23.880432025005575,23.880432025005575,23.880432025005575,23.880432025005575,23.880432025005575,23.880432025005575,23.880432025005575,23.880432025005575,23.880432025005575,23.880432025005575,23.880432025005575,24.173586112010526,None,None,None,None,None,None,None,None,None,None,None,None,1,[0.3320971410139464],[0.33210642999620177],0,,,,,,,,,,,,,,,,,,906256,001,2024-08-14_18h43.51.134,SenstirEs_warningandinstructions,2024.1.4,None,2024-08-14 18h43.58.662310 +0200,
SEDOSO,,,,,1,1,26,20,24.29730690299766,,,,,,,,,,,,,,,,24.17477936198702,24.29730690299766,24.29730690299766,24.29730690299766,24.29730690299766,24.29730690299766,24.29730690299766,24.29730690299766,24.29730690299766,24.29730690299766,24.29730690299766,24.29730690299766,24.29730690299766,24.29730690299766,24.29730690299766,24.29730690299766,24.29730690299766,24.7731295459962,None,None,None,None,None,None,None,None,None,None,None,None,1,[0.5152701929910108],[0.51527794598951],0,,,,,,,,,,,,,,,,,,906256,001,2024-08-14_18h43.51.134,SenstirEs_warningandinstructions,2024.1.4,None,2024-08-14 18h43.58.662310 +0200,
CIELOS,,,,,1,2,27,6,24.897337497997796,,,,,,,,,,,,,,,,24.774340559990378,24.897337497997796,24.897337497997796,24.897337497997796,24.897337497997796,24.897337497997796,24.897337497997796,24.897337497997796,24.897337497997796,24.897337497997796,24.897337497997796,24.897337497997796,24.897337497997796,24.897337497997796,24.897337497997796,24.897337497997796,24.897337497997796,25.32119919799152,None,None,None,None,None,None,None,None,None,None,None,None,1,[0.4635729849978816],[0.46358118497300893],0,,,,,,,,,,,,,,,,,,906256,001,2024-08-14_18h43.51.134,SenstirEs_warningandinstructions,2024.1.4,None,2024-08-14 18h43.58.662310 +0200,
PELIGRO,,,,,1,3,28,8,25.438711847004015,,,,,,,,,,,,,,,,25.32234345600591,25.438711847004015,25.438711847004015,25.438711847004015,25.438711847004015,25.438711847004015,25.438711847004015,25.438711847004015,25.438711847004015,25.438711847004015,25.438711847004015,25.438711847004015,25.438711847004015,25.438711847004015,25.438711847004015,25.438711847004015,25.438711847004015,25.855042629002128,None,None,None,None,None,None,None,None,None,None,None,None,1,[0.44942279800307006],[0.4494313519971911],0,,,,,,,,,,,,,,,,,,906256,001,2024-08-14_18h43.51.134,SenstirEs_warningandinstructions,2024.1.4,None,2024-08-14 18h43.58.662310 +0200,
BONITO,,,,,1,4,29,19,25.980516223004088,,,,,,,,,,,,,,,,25.856206664000638,25.980516223004088,25.980516223004088,25.980516223004088,25.980516223004088,25.980516223004088,25.980516223004088,25.980516223004088,25.980516223004088,25.980516223004088,25.980516223004088,25.980516223004088,25.980516223004088,25.980516223004088,25.980516223004088,25.980516223004088,25.980516223004088,26.2712139429932,None,None,None,None,None,None,None,None,None,None,None,None,1,[0.33132368299993686],[0.33133232800173573],0,,,,,,,,,,,,,,,,,,906256,001,2024-08-14_18h43.51.134,SenstirEs_warningandinstructions,2024.1.4,None,2024-08-14 18h43.58.662310 +0200,
VISIBLE,,,,,1,5,30,16,26.397474769008113,,,,,,,,,,,,,,,,26.272370059014065,26.397474769008113,26.397474769008113,26.397474769008113,26.397474769008113,26.397474769008113,26.397474769008113,26.397474769008113,26.397474769008113,26.397474769008113,26.397474769008113,26.397474769008113,26.397474769008113,26.397474769008113,26.397474769008113,26.397474769008113,26.397474769008113,26.82243093199213,None,None,None,None,None,None,None,None,None,None,None,None,1,[0.4665202909964137],[0.46653065900318325],0,,,,,,,,,,,,,,,,,,906256,001,2024-08-14_18h43.51.134,SenstirEs_warningandinstructions,2024.1.4,None,2024-08-14 18h43.58.662310 +0200,
TELEVISION,,,,,1,6,31,15,26.947090072993888,,,,,,,,,,,,,,,,26.823572099005105,26.947090072993888,26.947090072993888,26.947090072993888,26.947090072993888,26.947090072993888,26.947090072993888,26.947090072993888,26.947090072993888,26.947090072993888,26.947090072993888,26.947090072993888,26.947090072993888,26.947090072993888,26.947090072993888,26.947090072993888,26.947090072993888,27.238827580004,None,None,None,None,None,None,None,None,None,None,None,None,1,[0.33088976101134904],[0.3308981950103771],0,,,,,,,,,,,,,,,,,,906256,001,2024-08-14_18h43.51.134,SenstirEs_warningandinstructions,2024.1.4,None,2024-08-14 18h43.58.662310 +0200,
PODRÍA,,,,,1,7,32,14,27.36375775799388,,,,,,,,,,,,,,,,27.24000341500505,27.36375775799388,27.36375775799388,27.36375775799388,27.36375775799388,27.36375775799388,27.36375775799388,27.36375775799388,27.36375775799388,27.36375775799388,27.36375775799388,27.36375775799388,27.36375775799388,27.36375775799388,27.36375775799388,27.36375775799388,27.36375775799388,27.65478628699202,None,None,None,None,None,None,None,None,None,None,None,None,1,[0.3316186779993586],[0.33162683798582293],0,,,,,,,,,,,,,,,,,,906256,001,2024-08-14_18h43.51.134,SenstirEs_warningandinstructions,2024.1.4,None,2024-08-14 18h43.58.662310 +0200,
COLUMNA VERTEBRAL,,,,,1,8,33,24,27.78060853498755,,,,,,,,,,,,,,,,27.655921694997232,27.78060853498755,27.78060853498755,27.78060853498755,27.78060853498755,27.78060853498755,27.78060853498755,27.78060853498755,27.78060853498755,27.78060853498755,27.78060853498755,27.78060853498755,27.78060853498755,27.78060853498755,27.78060853498755,27.78060853498755,27.78060853498755,28.137571350991493,None,None,None,None,None,None,None,None,None,None,None,None,1,[0.3991480180120561],[0.39915682398714125],0,,,,,,,,,,,,,,,,,,906256,001,2024-08-14_18h43.51.134,SenstirEs_warningandinstructions,2024.1.4,None,2024-08-14 18h43.58.662310 +0200,
NO COMESTIBLE,,,,,1,9,34,17,28.2639021089999,,,,,,,,,,,,,,,,28.13870100901113,28.2639021089999,28.2639021089999,28.2639021089999,28.2639021089999,28.2639021089999,28.2639021089999,28.2639021089999,28.2639021089999,28.2639021089999,28.2639021089999,28.2639021089999,28.2639021089999,28.2639021089999,28.2639021089999,28.2639021089999,28.2639021089999,28.821203049999895,None,None,None,None,None,None,None,None,None,None,None,None,1,[0.5990255620272364],[0.5990342480072286],0,,,,,,,,,,,,,,,,,,906256,001,2024-08-14_18h43.51.134,SenstirEs_warningandinstructions,2024.1.4,None,2024-08-14 18h43.58.662310 +0200,
PESIMISTA,,,,,1,10,35,3,28.947237830987433,,,,,,,,,,,,,,,,28.822368096007267,28.947237830987433,28.947237830987433,28.947237830987433,28.947237830987433,28.947237830987433,28.947237830987433,28.947237830987433,28.947237830987433,28.947237830987433,28.947237830987433,28.947237830987433,28.947237830987433,28.947237830987433,28.947237830987433,28.947237830987433,28.947237830987433,29.172952010994777,None,None,None,None,None,None,None,None,None,None,None,None,1,[0.26558857900090516],[0.2655976040114183],0,,,,,,,,,,,,,,,,,,906256,001,2024-08-14_18h43.51.134,SenstirEs_warningandinstructions,2024.1.4,None,2024-08-14 18h43.58.662310 +0200,
GOLPE,,,,,1,11,36,13,29.297337149997475,,,,,,,,,,,,,,,,29.174091149005108,29.297337149997475,29.297337149997475,29.297337149997475,29.297337149997475,29.297337149997475,29.297337149997475,29.297337149997475,29.297337149997475,29.297337149997475,29.297337149997475,29.297337149997475,29.297337149997475,29.297337149997475,29.297337149997475,29.297337149997475,29.297337149997475,29.58741705099237,None,None,None,None,None,None,None,None,None,None,None,None,1,[0.3310443419904914],[0.33105289700324647],0,,,,,,,,,,,,,,,,,,906256,001,2024-08-14_18h43.51.134,SenstirEs_warningandinstructions,2024.1.4,None,2024-08-14 18h43.58.662310 +0200,
MALA PERSONA,,,,,1,12,37,5,29.7140467010031,,,,,,,,,,,,,,,,29.588571480009705,29.7140467010031,29.7140467010031,29.7140467010031,29.7140467010031,29.7140467010031,29.7140467010031,29.7140467010031,29.7140467010031,29.7140467010031,29.7140467010031,29.7140467010031,29.7140467010031,29.7140467010031,29.7140467010031,29.7140467010031,29.7140467010031,30.070891018986003,None,None,None,None,None,None,None,None,None,None,None,None,1,[0.39791147399228066],[0.3979199570021592],0,,,,,,,,,,,,,,,,,,906256,001,2024-08-14_18h43.51.134,SenstirEs_warningandinstructions,2024.1.4,None,2024-08-14 18h43.58.662310 +0200,
ENROSCARSE,,,,,1,13,38,23,30.188851215993054,,,,,,,,,,,,,,,,30.0720208149869,30.188851215993054,30.188851215993054,30.188851215993054,30.188851215993054,30.188851215993054,30.188851215993054,30.188851215993054,30.188851215993054,30.188851215993054,30.188851215993054,30.188851215993054,30.188851215993054,30.188851215993054,30.188851215993054,30.188851215993054,30.188851215993054,30.275741947989445,None,None,None,None,None,None,None,None,None,None,None,None,1,[0.11950630697538145],[0.11951428398606367],0,,,,,,,,,,,,,,,,,,906256,001,2024-08-14_18h43.51.134,SenstirEs_warningandinstructions,2024.1.4,None,2024-08-14 18h43.58.662310 +0200,
PARAPSICOLOGÍA,,,,,1,14,39,1,30.396937810000964,,,,,,,,,,,,,,,,30.27687931599212,30.396937810000964,30.396937810000964,30.396937810000964,30.396937810000964,30.396937810000964,30.396937810000964,30.396937810000964,30.396937810000964,30.396937810000964,30.396937810000964,30.396937810000964,30.396937810000964,30.396937810000964,30.396937810000964,30.396937810000964,30.396937810000964,30.48877838801127,None,None,None,None,None,None,None,None,None,None,None,None,1,[0.12782608601264656],[0.12783440301427618],0,,,,,,,,,,,,,,,,,,906256,001,2024-08-14_18h43.51.134,SenstirEs_warningandinstructions,2024.1.4,None,2024-08-14 18h43.58.662310 +0200,
VISTA,,,,,1,15,40,7,30.61391829600325,,,,,,,,,,,,,,,,30.48991429799935,30.61391829600325,30.61391829600325,30.61391829600325,30.61391829600325,30.61391829600325,30.61391829600325,30.61391829600325,30.61391829600325,30.61391829600325,30.61391829600325,30.61391829600325,30.61391829600325,30.61391829600325,30.61391829600325,30.61391829600325,30.61391829600325,31.304370010999264,None,None,None,None,None,None,None,None,None,None,None,None,1,[0.7304554510046728],[0.7304634489992168],0,,,,,,,,,,,,,,,,,,906256,001,2024-08-14_18h43.51.134,SenstirEs_warningandinstructions,2024.1.4,None,2024-08-14 18h43.58.662310 +0200,
TIRADO,,,,,1,16,41,0,31.430541640002048,,,,,,,,,,,,,,,,31.3055024020141,31.430541640002048,31.430541640002048,31.430541640002048,31.430541640002048,31.430541640002048,31.430541640002048,31.430541640002048,31.430541640002048,31.430541640002048,31.430541640002048,31.430541640002048,31.430541640002048,31.430541640002048,31.430541640002048,31.430541640002048,31.430541640002048,31.855639476998476,None,None,None,None,None,None,None,None,None,None,None,None,1,[0.46601823999662884],[0.4660266139835585],0,,,,,,,,,,,,,,,,,,906256,001,2024-08-14_18h43.51.134,SenstirEs_warningandinstructions,2024.1.4,None,2024-08-14 18h43.58.662310 +0200,
ETIQUETA,,,,,1,17,42,22,31.980624874006025,,,,,,,,,,,,,,,,31.85687532898737,31.980624874006025,31.980624874006025,31.980624874006025,31.980624874006025,31.980624874006025,31.980624874006025,31.980624874006025,31.980624874006025,31.980624874006025,31.980624874006025,31.980624874006025,31.980624874006025,31.980624874006025,31.980624874006025,31.980624874006025,31.980624874006025,32.07189583798754,None,None,None,None,None,None,None,None,None,None,None,None,1,[0.1300203999853693],[0.1300297940033488],0,,,,,,,,,,,,,,,,,,906256,001,2024-08-14_18h43.51.134,SenstirEs_warningandinstructions,2024.1.4,None,2024-08-14 18h43.58.662310 +0200,
ALÉRGICO,,,,,1,18,43,18,32.19718019699212,,,,,,,,,,,,,,,,32.073034147004364,32.19718019699212,32.19718019699212,32.19718019699212,32.19718019699212,32.19718019699212,32.19718019699212,32.19718019699212,32.19718019699212,32.19718019699212,32.19718019699212,32.19718019699212,32.19718019699212,32.19718019699212,32.19718019699212,32.19718019699212,32.19718019699212,32.355082138004946,None,None,None,None,None,None,None,None,None,None,None,None,1,[0.19915289300843142],[0.1991630489937961],0,,,,,,,,,,,,,,,,,,906256,001,2024-08-14_18h43.51.134,SenstirEs_warningandinstructions,2024.1.4,None,2024-08-14 18h43.58.662310 +0200,
DIESTRO,,,,,1,19,44,2,32.48039429899654,,,,,,,,,,,,,,,,32.35622928998782,32.48039429899654,32.48039429899654,32.48039429899654,32.48039429899654,32.48039429899654,32.48039429899654,32.48039429899654,32.48039429899654,32.48039429899654,32.48039429899654,32.48039429899654,32.48039429899654,32.48039429899654,32.48039429899654,32.48039429899654,32.48039429899654,32.637653868005145,None,None,None,None,None,None,None,None,None,None,None,None,1,[0.19926070602377877],[0.19926862500142306],0,,,,,,,,,,,,,,,,,,906256,001,2024-08-14_18h43.51.134,SenstirEs_warningandinstructions,2024.1.4,None,2024-08-14 18h43.58.662310 +0200,
INCOMUNICABILIDAD,,,,,1,20,45,10,32.763684044010006,,,,,,,,,,,,,,,,32.63879888999509,32.763684044010006,32.763684044010006,32.763684044010006,32.763684044010006,32.763684044010006,32.763684044010006,32.763684044010006,32.763684044010006,32.763684044010006,32.763684044010006,32.763684044010006,32.763684044010006,32.763684044010006,32.763684044010006,32.763684044010006,32.763684044010006,32.92219703400042,None,None,None,None,None,None,None,None,None,None,None,None,1,[0.1992629189917352],[0.1992763769812882],0,,,,,,,,,,,,,,,,,,906256,001,2024-08-14_18h43.51.134,SenstirEs_warningandinstructions,2024.1.4,None,2024-08-14 18h43.58.662310 +0200,
AFLOJAR,,,,,1,21,46,12,33.04719718100387,,,,,,,,,,,,,,,,32.92333913501352,33.04719718100387,33.04719718100387,33.04719718100387,33.04719718100387,33.04719718100387,33.04719718100387,33.04719718100387,33.04719718100387,33.04719718100387,33.04719718100387,33.04719718100387,33.04719718100387,33.04719718100387,33.04719718100387,33.04719718100387,33.04719718100387,33.4042994340125,None,None,None,None,None,None,None,None,None,None,None,None,1,[0.398748182982672],[0.3987572499900125],0,,,,,,,,,,,,,,,,,,906256,001,2024-08-14_18h43.51.134,SenstirEs_warningandinstructions,2024.1.4,None,2024-08-14 18h43.58.662310 +0200,
AGARRE,,,,,1,22,47,9,33.530392626009416,,,,,,,,,,,,,,,,33.40545383299468,33.530392626009416,33.530392626009416,33.530392626009416,33.530392626009416,33.530392626009416,33.530392626009416,33.530392626009416,33.530392626009416,33.530392626009416,33.530392626009416,33.530392626009416,33.530392626009416,33.530392626009416,33.530392626009416,33.530392626009416,33.530392626009416,33.75564246298745,None,None,None,None,None,None,None,None,None,None,None,None,1,[0.2656102709879633],[0.2656184470106382],0,,,,,,,,,,,,,,,,,,906256,001,2024-08-14_18h43.51.134,SenstirEs_warningandinstructions,2024.1.4,None,2024-08-14 18h43.58.662310 +0200,
PICAPORTE,,,,,1,23,48,4,33.88051227800315,,,,,,,,,,,,,,,,33.756800517992815,33.88051227800315,33.88051227800315,33.88051227800315,33.88051227800315,33.88051227800315,33.88051227800315,33.88051227800315,33.88051227800315,33.88051227800315,33.88051227800315,33.88051227800315,33.88051227800315,33.88051227800315,33.88051227800315,33.88051227800315,33.88051227800315,34.1044962379965,None,None,None,None,None,None,None,None,None,None,None,None,1,[0.26472867900156416],[0.26473774199257605],0,,,,,,,,,,,,,,,,,,906256,001,2024-08-14_18h43.51.134,SenstirEs_warningandinstructions,2024.1.4,None,2024-08-14 18h43.58.662310 +0200,
VISTA,,,,,1,24,49,21,34.23058879500604,,,,,,,,,,,,,,,,34.10579407098703,34.23058879500604,34.23058879500604,34.23058879500604,34.23058879500604,34.23058879500604,34.23058879500604,34.23058879500604,34.23058879500604,34.23058879500604,34.23058879500604,34.23058879500604,34.23058879500604,34.23058879500604,34.23058879500604,34.23058879500604,34.23058879500604,34.3884525320027,None,None,None,None,None,None,None,None,None,None,None,None,1,[0.20050622799317352],[0.2005158539977856],0,,,,,,,,,,,,,,,,,,906256,001,2024-08-14_18h43.51.134,SenstirEs_warningandinstructions,2024.1.4,None,2024-08-14 18h43.58.662310 +0200,
AFLOJAR,,,,,2,0,50,12,34.51372585099307,,,,,,,,,,,,,,,,34.38961224601371,34.51372585099307,34.51372585099307,34.51372585099307,34.51372585099307,34.51372585099307,34.51372585099307,34.51372585099307,34.51372585099307,34.51372585099307,34.51372585099307,34.51372585099307,34.51372585099307,34.51372585099307,34.51372585099307,34.51372585099307,34.51372585099307,34.671663777990034,None,None,None,None,None,None,None,None,None,None,None,None,1,[0.19800537000992335],[0.19801676500355825],0,,,,,,,,,,,,,,,,,,906256,001,2024-08-14_18h43.51.134,SenstirEs_warningandinstructions,2024.1.4,None,2024-08-14 18h43.58.662310 +0200,
AGARRE,,,,,2,1,51,9,34.79719299598946,,,,,,,,,,,,,,,,34.672795919002965,34.79719299598946,34.79719299598946,34.79719299598946,34.79719299598946,34.79719299598946,34.79719299598946,34.79719299598946,34.79719299598946,34.79719299598946,34.79719299598946,34.79719299598946,34.79719299598946,34.79719299598946,34.79719299598946,34.79719299598946,34.79719299598946,34.88830977899488,None,None,None,None,None,None,None,None,None,None,None,None,1,[0.1321955089806579],[0.13220605099922977],0,,,,,,,,,,,,,,,,,,906256,001,2024-08-14_18h43.51.134,SenstirEs_warningandinstructions,2024.1.4,None,2024-08-14 18h43.58.662310 +0200,
VISTA,,,,,2,2,52,7,35.013845303008566,,,,,,,,,,,,,,,,34.88945020601386,35.013845303008566,35.013845303008566,35.013845303008566,35.013845303008566,35.013845303008566,35.013845303008566,35.013845303008566,35.013845303008566,35.013845303008566,35.013845303008566,35.013845303008566,35.013845303008566,35.013845303008566,35.013845303008566,35.013845303008566,35.013845303008566,35.237832337996224,None,None,None,None,None,None,None,None,None,None,None,None,1,[0.2652378740021959],[0.26524643300217576],0,,,,,,,,,,,,,,,,,,906256,001,2024-08-14_18h43.51.134,SenstirEs_warningandinstructions,2024.1.4,None,2024-08-14 18h43.58.662310 +0200,
PARAPSICOLOGÍA,,,,,2,3,53,1,35.36379689199384,,,,,,,,,,,,,,,,35.23897038400173,35.36379689199384,35.36379689199384,35.36379689199384,35.36379689199384,35.36379689199384,35.36379689199384,35.36379689199384,35.36379689199384,35.36379689199384,35.36379689199384,35.36379689199384,35.36379689199384,35.36379689199384,35.36379689199384,35.36379689199384,35.36379689199384,35.52137034400948,None,None,None,None,None,None,None,None,None,None,None,None,1,[0.19895556301344186],[0.1989650079922285],0,,,,,,,,,,,,,,,,,,906256,001,2024-08-14_18h43.51.134,SenstirEs_warningandinstructions,2024.1.4,None,2024-08-14 18h43.58.662310 +0200,
VISTA,,,,,2,4,54,21,35.647378942987416,,,,,,,,,,,,,,,,35.5225078969961,35.647378942987416,35.647378942987416,35.647378942987416,35.647378942987416,35.647378942987416,35.647378942987416,35.647378942987416,35.647378942987416,35.647378942987416,35.647378942987416,35.647378942987416,35.647378942987416,35.647378942987416,35.647378942987416,35.647378942987416,35.647378942987416,35.871912487986265,None,None,None,None,None,None,None,None,None,None,None,None,1,[0.26628850601264276],[0.2662977360014338],0,,,,,,,,,,,,,,,,,,906256,001,2024-08-14_18h43.51.134,SenstirEs_warningandinstructions,2024.1.4,None,2024-08-14 18h43.58.662310 +0200,
PODRÍA,,,,,2,5,55,14,35.997330704005435,,,,,,,,,,,,,,,,35.87333614999079,35.997330704005435,35.997330704005435,35.997330704005435,35.997330704005435,35.997330704005435,35.997330704005435,35.997330704005435,35.997330704005435,35.997330704005435,35.997330704005435,35.997330704005435,35.997330704005435,35.997330704005435,35.997330704005435,35.997330704005435,35.997330704005435,36.15643730398733,None,None,None,None,None,None,None,None,None,None,None,None,1,[0.19919359299819916],[0.1992027429805603],0,,,,,,,,,,,,,,,,,,906256,001,2024-08-14_18h43.51.134,SenstirEs_warningandinstructions,2024.1.4,None,2024-08-14 18h43.58.662310 +0200,
TELEVISION,,,,,2,6,56,15,36.28046910901321,,,,,,,,,,,,,,,,36.15758796900627,36.28046910901321,36.28046910901321,36.28046910901321,36.28046910901321,36.28046910901321,36.28046910901321,36.28046910901321,36.28046910901321,36.28046910901321,36.28046910901321,36.28046910901321,36.28046910901321,36.28046910901321,36.28046910901321,36.28046910901321,36.28046910901321,36.5718369219976,None,None,None,None,None,None,None,None,None,None,None,None,1,[0.3306206029956229],[0.330629489995772],0,,,,,,,,,,,,,,,,,,906256,001,2024-08-14_18h43.51.134,SenstirEs_warningandinstructions,2024.1.4,None,2024-08-14 18h43.58.662310 +0200,
NO COMESTIBLE,,,,,2,7,57,17,36.69722740299767,,,,,,,,,,,,,,,,36.57316153901047,36.69722740299767,36.69722740299767,36.69722740299767,36.69722740299767,36.69722740299767,36.69722740299767,36.69722740299767,36.69722740299767,36.69722740299767,36.69722740299767,36.69722740299767,36.69722740299767,36.69722740299767,36.69722740299767,36.69722740299767,36.69722740299767,37.055456035013776,None,None,None,None,None,None,None,None,None,None,None,None,1,[0.39847802999429405],[0.3984860290074721],0,,,,,,,,,,,,,,,,,,906256,001,2024-08-14_18h43.51.134,SenstirEs_warningandinstructions,2024.1.4,None,2024-08-14 18h43.58.662310 +0200,
PICAPORTE,,,,,2,8,58,4,37.18058048101375,,,,,,,,,,,,,,,,37.05660904900287,37.18058048101375,37.18058048101375,37.18058048101375,37.18058048101375,37.18058048101375,37.18058048101375,37.18058048101375,37.18058048101375,37.18058048101375,37.18058048101375,37.18058048101375,37.18058048101375,37.18058048101375,37.18058048101375,37.18058048101375,37.18058048101375,37.47415252198698,None,None,None,None,None,None,None,None,None,None,None,None,1,[0.3300081939960364],[0.330018906010082],0,,,,,,,,,,,,,,,,,,906256,001,2024-08-14_18h43.51.134,SenstirEs_warningandinstructions,2024.1.4,None,2024-08-14 18h43.58.662310 +0200,
ALÉRGICO,,,,,2,9,59,18,37.59733917401172,,,,,,,,,,,,,,,,37.47552572400309,37.59733917401172,37.59733917401172,37.59733917401172,37.59733917401172,37.59733917401172,37.59733917401172,37.59733917401172,37.59733917401172,37.59733917401172,37.59733917401172,37.59733917401172,37.59733917401172,37.59733917401172,37.59733917401172,37.59733917401172,37.59733917401172,37.7550258100091,None,None,None,None,None,None,None,None,None,None,None,None,1,[0.1969817570061423],[0.19699061501887627],0,,,,,,,,,,,,,,,,,,906256,001,2024-08-14_18h43.51.134,SenstirEs_warningandinstructions,2024.1.4,None,2024-08-14 18h43.58.662310 +0200,
MALA PERSONA,,,,,2,10,60,5,37.88075322800432,,,,,,,,,,,,,,,,37.756160327990074,37.88075322800432,37.88075322800432,37.88075322800432,37.88075322800432,37.88075322800432,37.88075322800432,37.88075322800432,37.88075322800432,37.88075322800432,37.88075322800432,37.88075322800432,37.88075322800432,37.88075322800432,37.88075322800432,37.88075322800432,37.88075322800432,38.3047198090062,None,None,None,None,None,None,None,None,None,None,None,None,1,[0.464610046998132],[0.464618298021378],0,,,,,,,,,,,,,,,,,,906256,001,2024-08-14_18h43.51.134,SenstirEs_warningandinstructions,2024.1.4,None,2024-08-14 18h43.58.662310 +0200,
COLUMNA VERTEBRAL,,,,,2,11,61,24,38.43050199499703,,,,,,,,,,,,,,,,38.305877487990074,38.43050199499703,38.43050199499703,38.43050199499703,38.43050199499703,38.43050199499703,38.43050199499703,38.43050199499703,38.43050199499703,38.43050199499703,38.43050199499703,38.43050199499703,38.43050199499703,38.43050199499703,38.43050199499703,38.43050199499703,38.43050199499703,38.72181725600967,None,None,None,None,None,None,None,None,None,None,None,None,1,[0.3310569009918254],[0.3310654339729808],0,,,,,,,,,,,,,,,,,,906256,001,2024-08-14_18h43.51.134,SenstirEs_warningandinstructions,2024.1.4,None,2024-08-14 18h43.58.662310 +0200,
,,,,,,,,,38.847375773999374,,,,,,,,,,,,,,,,38.7232111839985,38.847375773999374,38.847375773999374,38.847375773999374,38.847375773999374,38.847375773999374,38.847375773999374,38.847375773999374,38.847375773999374,38.847375773999374,38.847375773999374,38.847375773999374,38.847375773999374,38.847375773999374,38.847375773999374,38.847375773999374,38.847375773999374,,,,,,,,,,,,,,,,,,,,,,,,,,,,,,,,,,,,,,,,,,
