﻿Word,SentirEs_19.thisRepN,SentirEs_19.thisTrialN,SentirEs_19.thisN,SentirEs_19.thisIndex,SentirEs_45.thisRepN,SentirEs_45.thisTrialN,SentirEs_45.thisN,SentirEs_45.thisIndex,SentirEs_78.thisRepN,SentirEs_78.thisTrialN,SentirEs_78.thisN,SentirEs_78.thisIndex,SentirEs_80.thisRepN,SentirEs_80.thisTrialN,SentirEs_80.thisN,SentirEs_80.thisIndex,thisRow.t,notes,warning_Eng.started,warning_SentirEs.started,next_warning.started,warning_Eng.stopped,next_warning.numClicks,next_warning.timesOn,next_warning.timesOff,SentirEs_intructions_Eng.started,intructions.started,next_instructions.started,SentirEs_intructions_Eng.stopped,next_instructions.numClicks,next_instructions.timesOn,next_instructions.timesOff,SentirEs_likert_Eng.started,text.started,stimuli.started,perceptual_audition.started,perceptual_gustatory.started,perceptual_haptic.started,perceptual_interocepticve.started,perceptual_olfaction.started,perceptual_visual.started,Audition.started,Gustatory.started,Haptic.started,Interoception.started,Olfaction.started,Vision.started,next.started,Dont_know.started,SentirEs_likert_Eng.stopped,Audition.response,Audition.rt,Gustatory.response,Gustatory.rt,Haptic.response,Haptic.rt,Interoception.response,Interoception.rt,Olfaction.response,Olfaction.rt,Vision.response,Vision.rt,next.numClicks,next.timesOn,next.timesOff,Dont_know.numClicks,Dont_know.timesOn,Dont_know.timesOff,SenstirEs_catch_Eng_1.started,catch_1.started,bear.started,bird.started,fish.started,SenstirEs_catch_Eng_1.stopped,bear.numClicks,bear.timesOn,bear.timesOff,bird.numClicks,bird.timesOn,bird.timesOff,fish.numClicks,fish.timesOn,fish.timesOff,SenstirEs_catch_Eng_2.started,catch_2.started,fifteen.started,one_hundred.started,seventy_two.started,SenstirEs_catch_Eng_2.stopped,fifteen.numClicks,fifteen.timesOn,fifteen.timesOff,one_hundred.numClicks,one_hundred.timesOn,one_hundred.timesOff,seventy_two.numClicks,seventy_two.timesOn,seventy_two.timesOff,SenstirEs_catch_Eng_3.started,catch_3.started,sandwitch.started,apple.started,cauliflower.started,SenstirEs_catch_Eng_3.stopped,sandwitch.numClicks,sandwitch.timesOn,sandwitch.timesOff,apple.numClicks,apple.timesOn,apple.timesOff,cauliflower.numClicks,cauliflower.timesOn,cauliflower.timesOff,end.started,readingtext.started,key_resp.started,end.stopped,key_resp.keys,key_resp.rt,key_resp.duration,participant,session,date,expName,psychopyVersion,frameRate,expStart,
,,,,,,,,,,,,,,,,,,,0.040412314992863685,0.0833188829710707,0.0833188829710707,2.132789329974912,1,[2.0900876250234433],[2.0900958179845475],,,,,,,,,,,,,,,,,,,,,,,,,,,,,,,,,,,,,,,,,,,,,,,,,,,,,,,,,,,,,,,,,,,,,,,,,,,,,,,,,,,,,,,,,,,,,,,,FILE_SELECTING_ENG,001,2024-08-19_13h21.00.475,SenstirEs_warningandinstructions,2024.1.4,None,2024-08-19 13h21.19.183055 +0200,
,,,,,,,,,,,,,,,,,,,,,,,,,,2.132912244007457,2.1622032889863476,2.1622032889863476,2.633660912979394,1,[0.4989258170244284],[0.4989349049865268],,,,,,,,,,,,,,,,,,,,,,,,,,,,,,,,,,,,,,,,,,,,,,,,,,,,,,,,,,,,,,,,,,,,,,,,,,,,,,,,,,,,,,,,,FILE_SELECTING_ENG,001,2024-08-19_13h21.00.475,SenstirEs_warningandinstructions,2024.1.4,None,2024-08-19 13h21.19.183055 +0200,
TOUCHING,0,0,0,0,,,,,,,,,,,,,2.881710478977766,,,,,,,,,,,,,,,,2.641838438983541,2.881710478977766,2.881710478977766,2.881710478977766,2.881710478977766,2.881710478977766,2.881710478977766,2.881710478977766,2.881710478977766,2.881710478977766,2.881710478977766,2.881710478977766,2.881710478977766,2.881710478977766,2.881710478977766,2.881710478977766,2.881710478977766,8.315526888007298,0.0,1.6074839460197836,1.0,2.300529138010461,3.0,2.979524875001516,1.0,3.568066110019572,2.0,4.45389945799252,3.0,5.0301220480469055,1,[5.563325866009109],[5.563336185994558],0,,,,,,,,,,,,,,,,,,,,,,,,,,,,,,,,,,,,,,,,,,,,,,,,,,,,,,,FILE_SELECTING_ENG,001,2024-08-19_13h21.00.475,SenstirEs_warningandinstructions,2024.1.4,None,2024-08-19 13h21.19.183055 +0200,
JELL,0,1,1,1,,,,,,,,,,,,,8.510912744968664,,,,,,,,,,,,,,,,8.318528580013663,8.510912744968664,8.510912744968664,8.510912744968664,8.510912744968664,8.510912744968664,8.510912744968664,8.510912744968664,8.510912744968664,8.510912744968664,8.510912744968664,8.510912744968664,8.510912744968664,8.510912744968664,8.510912744968664,8.510912744968664,8.510912744968664,13.62462677899748,3.0,0.9581591120222583,3.0,1.5433516040211543,2.0,3.0636870660237037,2.0,3.061883463000413,5.0,4.487562753958628,5.0,4.487727870000526,1,[5.174161002971232],[5.174172657018062],0,,,,,,,,,,,,,,,,,,,,,,,,,,,,,,,,,,,,,,,,,,,,,,,,,,,,,,,FILE_SELECTING_ENG,001,2024-08-19_13h21.00.475,SenstirEs_warningandinstructions,2024.1.4,None,2024-08-19 13h21.19.183055 +0200,
DAYTIME,0,2,2,2,,,,,,,,,,,,,13.778296331001911,,,,,,,,,,,,,,,,13.626174988981802,13.778296331001911,13.778296331001911,13.778296331001911,13.778296331001911,13.778296331001911,13.778296331001911,13.778296331001911,13.778296331001911,13.778296331001911,13.778296331001911,13.778296331001911,13.778296331001911,13.778296331001911,13.778296331001911,13.778296331001911,13.778296331001911,20.552083535003476,2.0,2.052904408017639,2.0,2.0575812769820914,1.0,4.0148212219937705,1.0,4.0158254990237765,3.0,5.486151815974154,3.0,5.412480554019567,1,[6.817836410016753],[6.817849804006983],0,,,,,,,,,,,,,,,,,,,,,,,,,,,,,,,,,,,,,,,,,,,,,,,,,,,,,,,FILE_SELECTING_ENG,001,2024-08-19_13h21.00.475,SenstirEs_warningandinstructions,2024.1.4,None,2024-08-19 13h21.19.183055 +0200,
IN SIGHT,0,3,3,3,,,,,,,,,,,,,20.682915430981666,,,,,,,,,,,,,,,,20.55348340800265,20.682915430981666,20.682915430981666,20.682915430981666,20.682915430981666,20.682915430981666,20.682915430981666,20.682915430981666,20.682915430981666,20.682915430981666,20.682915430981666,20.682915430981666,20.682915430981666,20.682915430981666,20.682915430981666,20.682915430981666,20.682915430981666,28.340090802987106,4.0,2.4936046099755913,4.0,2.425199043005705,5.0,4.241586148971692,5.0,4.241046059993096,0.0,6.424542678985745,0.0,6.42647038504947,1,[7.693174416956026],[7.693183002003934],0,,,,,,,,,,,,,,,,,,,,,,,,,,,,,,,,,,,,,,,,,,,,,,,,,,,,,,,FILE_SELECTING_ENG,001,2024-08-19_13h21.00.475,SenstirEs_warningandinstructions,2024.1.4,None,2024-08-19 13h21.19.183055 +0200,
OVERRIDE,0,4,4,4,,,,,,,,,,,,,28.466617744998075,,,,,,,,,,,,,,,,28.3411805749638,28.466617744998075,28.466617744998075,28.466617744998075,28.466617744998075,28.466617744998075,28.466617744998075,28.466617744998075,28.466617744998075,28.466617744998075,28.466617744998075,28.466617744998075,28.466617744998075,28.466617744998075,28.466617744998075,28.466617744998075,28.466617744998075,34.335294432006776,0.0,2.2614235270302743,0.0,2.2636441710055806,1.0,3.904044288035948,1.0,3.90587273897836,2.0,5.123084015969653,2.0,5.124988622032106,1,[5.903714481974021],[5.903723263996653],0,,,,,,,,,,,,,,,,,,,,,,,,,,,,,,,,,,,,,,,,,,,,,,,,,,,,,,,FILE_SELECTING_ENG,001,2024-08-19_13h21.00.475,SenstirEs_warningandinstructions,2024.1.4,None,2024-08-19 13h21.19.183055 +0200,
TOUCH,0,5,5,5,,,,,,,,,,,,,34.46295439597452,,,,,,,,,,,,,,,,34.33689358597621,34.46295439597452,34.46295439597452,34.46295439597452,34.46295439597452,34.46295439597452,34.46295439597452,34.46295439597452,34.46295439597452,34.46295439597452,34.46295439597452,34.46295439597452,34.46295439597452,34.46295439597452,34.46295439597452,34.46295439597452,34.46295439597452,40.26781253796071,3.0,2.4787974749924615,3.0,2.4068257589824498,1.0,3.226615315012168,1.0,3.973506860958878,3.0,4.607989728974644,3.0,5.279156202042941,1,[5.841746583988424],[5.841754737019073],0,,,,,,,,,,,,,,,,,,,,,,,,,,,,,,,,,,,,,,,,,,,,,,,,,,,,,,,FILE_SELECTING_ENG,001,2024-08-19_13h21.00.475,SenstirEs_warningandinstructions,2024.1.4,None,2024-08-19 13h21.19.183055 +0200,
SOFTNESS,0,6,6,6,,,,,,,,,,,,,40.393916598986834,,,,,,,,,,,,,,,,40.268850241962355,40.393916598986834,40.393916598986834,40.393916598986834,40.393916598986834,40.393916598986834,40.393916598986834,40.393916598986834,40.393916598986834,40.393916598986834,40.393916598986834,40.393916598986834,40.393916598986834,40.393916598986834,40.393916598986834,40.393916598986834,40.393916598986834,46.057260465982836,1.0,1.5483862709952518,3.0,2.0325110609992407,2.0,2.702608785999473,3.0,3.116147193009965,2.0,4.29459049605066,3.0,4.8105289390077814,1,[5.697887755988631],[5.697896363039035],0,,,,,,,,,,,,,,,,,,,,,,,,,,,,,,,,,,,,,,,,,,,,,,,,,,,,,,,FILE_SELECTING_ENG,001,2024-08-19_13h21.00.475,SenstirEs_warningandinstructions,2024.1.4,None,2024-08-19 13h21.19.183055 +0200,
INTUITIONALLY,0,7,7,7,,,,,,,,,,,,,46.185446735005826,,,,,,,,,,,,,,,,46.05835195299005,46.185446735005826,46.185446735005826,46.185446735005826,46.185446735005826,46.185446735005826,46.185446735005826,46.185446735005826,46.185446735005826,46.185446735005826,46.185446735005826,46.185446735005826,46.185446735005826,46.185446735005826,46.185446735005826,46.185446735005826,46.185446735005826,54.17440652596997,1.0,1.2586986370151863,2.0,3.0607772830408067,3.0,3.927860918978695,5.0,4.804288740968332,3.0,5.92180701700272,2.0,7.2226648820214905,1,[8.026288239983842],[8.02629694098141],0,,,,,,,,,,,,,,,,,,,,,,,,,,,,,,,,,,,,,,,,,,,,,,,,,,,,,,,FILE_SELECTING_ENG,001,2024-08-19_13h21.00.475,SenstirEs_warningandinstructions,2024.1.4,None,2024-08-19 13h21.19.183055 +0200,
THIGHBONE,0,8,8,8,,,,,,,,,,,,,54.31046830699779,,,,,,,,,,,,,,,,54.175451582006644,54.31046830699779,54.31046830699779,54.31046830699779,54.31046830699779,54.31046830699779,54.31046830699779,54.31046830699779,54.31046830699779,54.31046830699779,54.31046830699779,54.31046830699779,54.31046830699779,54.31046830699779,54.31046830699779,54.31046830699779,54.31046830699779,61.43598917097552,0.0,1.8743937499821186,1.0,3.011738454049919,2.0,3.6753150559961796,1.0,4.576614693040028,2.0,5.594825846957974,5.0,6.552738396043424,1,[7.169495684036519],[7.169503968034405],0,,,,,,,,,,,,,,,,,,,,,,,,,,,,,,,,,,,,,,,,,,,,,,,,,,,,,,,FILE_SELECTING_ENG,001,2024-08-19_13h21.00.475,SenstirEs_warningandinstructions,2024.1.4,None,2024-08-19 13h21.19.183055 +0200,
PETTED,0,9,9,9,,,,,,,,,,,,,61.563764125981834,,,,,,,,,,,,,,,,61.43703326996183,61.563764125981834,61.563764125981834,61.563764125981834,61.563764125981834,61.563764125981834,61.563764125981834,61.563764125981834,61.563764125981834,61.563764125981834,61.563764125981834,61.563764125981834,61.563764125981834,61.563764125981834,61.563764125981834,61.563764125981834,61.563764125981834,67.72438284597592,4.0,1.1345752860070206,4.0,1.6648626750102267,2.0,2.4917493870016187,1.0,3.317244826001115,3.0,4.542377184028737,1.0,5.378887477039825,1,[6.196744473010767],[6.196754092001356],0,,,,,,,,,,,,,,,,,,,,,,,,,,,,,,,,,,,,,,,,,,,,,,,,,,,,,,,FILE_SELECTING_ENG,001,2024-08-19_13h21.00.475,SenstirEs_warningandinstructions,2024.1.4,None,2024-08-19 13h21.19.183055 +0200,
FONDLE,0,10,10,10,,,,,,,,,,,,,67.85153781296685,,,,,,,,,,,,,,,,67.72542708396213,67.85153781296685,67.85153781296685,67.85153781296685,67.85153781296685,67.85153781296685,67.85153781296685,67.85153781296685,67.85153781296685,67.85153781296685,67.85153781296685,67.85153781296685,67.85153781296685,67.85153781296685,67.85153781296685,67.85153781296685,67.85153781296685,73.65381639898987,0.0,1.592518213961739,2.0,2.273828118981328,0.0,2.8224359049927443,4.0,3.640007534995675,3.0,4.461540533986408,5.0,5.426570962998085,1,[5.841055552009493],[5.8410653049941175],0,,,,,,,,,,,,,,,,,,,,,,,,,,,,,,,,,,,,,,,,,,,,,,,,,,,,,,,FILE_SELECTING_ENG,001,2024-08-19_13h21.00.475,SenstirEs_warningandinstructions,2024.1.4,None,2024-08-19 13h21.19.183055 +0200,
FURRINESS,0,11,11,11,,,,,,,,,,,,,73.78105749195674,,,,,,,,,,,,,,,,73.65486051799962,73.78105749195674,73.78105749195674,73.78105749195674,73.78105749195674,73.78105749195674,73.78105749195674,73.78105749195674,73.78105749195674,73.78105749195674,73.78105749195674,73.78105749195674,73.78105749195674,73.78105749195674,73.78105749195674,73.78105749195674,73.78105749195674,81.22116974898381,2.0,1.26326610497199,4.0,2.611076038039755,0.0,3.7006496359826997,1.0,4.660617368994281,3.0,5.433302565012127,2.0,6.138851830968633,1,[7.477714475011453],[7.47772339801304],0,,,,,,,,,,,,,,,,,,,,,,,,,,,,,,,,,,,,,,,,,,,,,,,,,,,,,,,FILE_SELECTING_ENG,001,2024-08-19_13h21.00.475,SenstirEs_warningandinstructions,2024.1.4,None,2024-08-19 13h21.19.183055 +0200,
INDESTRUCTIBILITY,0,12,12,12,,,,,,,,,,,,,81.34901610400993,,,,,,,,,,,,,,,,81.22227559000021,81.34901610400993,81.34901610400993,81.34901610400993,81.34901610400993,81.34901610400993,81.34901610400993,81.34901610400993,81.34901610400993,81.34901610400993,81.34901610400993,81.34901610400993,81.34901610400993,81.34901610400993,81.34901610400993,81.34901610400993,81.34901610400993,91.0585735309869,5.0,3.061143068014644,4.0,3.6666733640013263,2.0,4.225157445995137,3.0,4.775707011984196,1.0,5.78947443200741,4.0,6.897526324028149,1,[9.746456533030141],[9.74646484805271],0,,,,,,,,,,,,,,,,,,,,,,,,,,,,,,,,,,,,,,,,,,,,,,,,,,,,,,,FILE_SELECTING_ENG,001,2024-08-19_13h21.00.475,SenstirEs_warningandinstructions,2024.1.4,None,2024-08-19 13h21.19.183055 +0200,
PUTTYLIKE,0,13,13,13,,,,,,,,,,,,,91.18439708300866,,,,,,,,,,,,,,,,91.05963302101009,91.18439708300866,91.18439708300866,91.18439708300866,91.18439708300866,91.18439708300866,91.18439708300866,91.18439708300866,91.18439708300866,91.18439708300866,91.18439708300866,91.18439708300866,91.18439708300866,91.18439708300866,91.18439708300866,91.18439708300866,91.18439708300866,98.72021388896974,1.0,1.1376308419858105,2.0,1.678538687992841,3.0,3.702931987005286,1.0,5.0509906389634125,2.0,5.734945700969547,3.0,6.355612002953421,1,[7.568817713006865],[7.568824961024802],0,,,,,,,,,,,,,,,,,,,,,,,,,,,,,,,,,,,,,,,,,,,,,,,,,,,,,,,FILE_SELECTING_ENG,001,2024-08-19_13h21.00.475,SenstirEs_warningandinstructions,2024.1.4,None,2024-08-19 13h21.19.183055 +0200,
HOWL,0,14,14,14,,,,,,,,,,,,,98.85930691496469,,,,,,,,,,,,,,,,98.72127606801223,98.85930691496469,98.85930691496469,98.85930691496469,98.85930691496469,98.85930691496469,98.85930691496469,98.85930691496469,98.85930691496469,98.85930691496469,98.85930691496469,98.85930691496469,98.85930691496469,98.85930691496469,98.85930691496469,98.85930691496469,98.85930691496469,105.24427165900124,0.0,1.9472645159694366,2.0,2.612636130012106,1.0,3.406433280033525,3.0,4.153102673008107,1.0,5.101675325015094,5.0,5.670602328027599,1,[6.418414139014203],[6.418423771974631],0,,,,,,,,,,,,,,,,,,,,,,,,,,,,,,,,,,,,,,,,,,,,,,,,,,,,,,,FILE_SELECTING_ENG,001,2024-08-19_13h21.00.475,SenstirEs_warningandinstructions,2024.1.4,None,2024-08-19 13h21.19.183055 +0200,
TOUCHINGLY,0,15,15,15,,,,,,,,,,,,,105.37635039299494,,,,,,,,,,,,,,,,105.24532457301393,105.37635039299494,105.37635039299494,105.37635039299494,105.37635039299494,105.37635039299494,105.37635039299494,105.37635039299494,105.37635039299494,105.37635039299494,105.37635039299494,105.37635039299494,105.37635039299494,105.37635039299494,105.37635039299494,105.37635039299494,105.37635039299494,151.43657066696323,1.0,1.3383299880078994,3.0,1.8877764970529824,1.0,2.426644633000251,4.0,44.017895327007864,2.0,45.016796624986455,3.0,45.49933973600855,1,[46.10177464195294],[46.10178381798323],0,,,,,,,,,,,,,,,,,,,,,,,,,,,,,,,,,,,,,,,,,,,,,,,,,,,,,,,FILE_SELECTING_ENG,001,2024-08-19_13h21.00.475,SenstirEs_warningandinstructions,2024.1.4,None,2024-08-19 13h21.19.183055 +0200,
FACE,0,16,16,16,,,,,,,,,,,,,151.56312577298377,,,,,,,,,,,,,,,,151.4376136189676,151.56312577298377,151.56312577298377,151.56312577298377,151.56312577298377,151.56312577298377,151.56312577298377,151.56312577298377,151.56312577298377,151.56312577298377,151.56312577298377,151.56312577298377,151.56312577298377,151.56312577298377,151.56312577298377,151.56312577298377,151.56312577298377,159.28528338298202,0.0,1.8008574189734645,2.0,2.217421629000455,1.0,3.567598322988488,3.0,4.043928694969509,2.0,5.14193827501731,5.0,5.910027676029131,1,[7.761772105004638],[7.7617815140401945],0,,,,,,,,,,,,,,,,,,,,,,,,,,,,,,,,,,,,,,,,,,,,,,,,,,,,,,,FILE_SELECTING_ENG,001,2024-08-19_13h21.00.475,SenstirEs_warningandinstructions,2024.1.4,None,2024-08-19 13h21.19.183055 +0200,
DEPLORED,0,17,17,17,,,,,,,,,,,,,159.41252763697412,,,,,,,,,,,,,,,,159.2863242859603,159.41252763697412,159.41252763697412,159.41252763697412,159.41252763697412,159.41252763697412,159.41252763697412,159.41252763697412,159.41252763697412,159.41252763697412,159.41252763697412,159.41252763697412,159.41252763697412,159.41252763697412,159.41252763697412,159.41252763697412,159.41252763697412,164.35525716398843,1.0,1.3355809620115906,2.0,1.8161829439923167,1.0,2.3623130960040726,3.0,2.9144658879959024,2.0,3.54108544299379,4.0,4.438029993034434,1,[4.981045114051085],[4.981053374998737],0,,,,,,,,,,,,,,,,,,,,,,,,,,,,,,,,,,,,,,,,,,,,,,,,,,,,,,,FILE_SELECTING_ENG,001,2024-08-19_13h21.00.475,SenstirEs_warningandinstructions,2024.1.4,None,2024-08-19 13h21.19.183055 +0200,
KNOB,0,18,18,18,,,,,,,,,,,,,164.49223413795698,,,,,,,,,,,,,,,,164.3563013150124,164.49223413795698,164.49223413795698,164.49223413795698,164.49223413795698,164.49223413795698,164.49223413795698,164.49223413795698,164.49223413795698,164.49223413795698,164.49223413795698,164.49223413795698,164.49223413795698,164.49223413795698,164.49223413795698,164.49223413795698,164.49223413795698,171.7038349849754,4.0,3.6110212419880554,3.0,4.678443992976099,2.0,5.213456490018871,3.0,5.679565862985328,2.0,6.162833551003132,3.0,6.719751045980956,1,[7.257867200998589],[7.257878781994805],0,,,,,,,,,,,,,,,,,,,,,,,,,,,,,,,,,,,,,,,,,,,,,,,,,,,,,,,FILE_SELECTING_ENG,001,2024-08-19_13h21.00.475,SenstirEs_warningandinstructions,2024.1.4,None,2024-08-19 13h21.19.183055 +0200,
,,,,,,,,,,,,,,,,,,,,,,,,,,,,,,,,,,,,,,,,,,,,,,,,,,,,,,,,,,,,,,,,,,,,,171.7047926840023,171.75869042798877,171.75869042798877,171.75869042798877,171.75869042798877,172.96214568597497,0,,,1,[1.2524731999728829],[1.2524811779730953],0,,,,,,,,,,,,,,,,,,,,,,,,,,,,,,,,,,,,,,,,FILE_SELECTING_ENG,001,2024-08-19_13h21.00.475,SenstirEs_warningandinstructions,2024.1.4,None,2024-08-19 13h21.19.183055 +0200,
FLUNG,,,,,0,0,0,0,,,,,,,,,173.12497134896694,,,,,,,,,,,,,,,,172.96796262997668,173.12497134896694,173.12497134896694,173.12497134896694,173.12497134896694,173.12497134896694,173.12497134896694,173.12497134896694,173.12497134896694,173.12497134896694,173.12497134896694,173.12497134896694,173.12497134896694,173.12497134896694,173.12497134896694,173.12497134896694,173.12497134896694,179.03489695995813,1.0,1.562034382019192,1.0,2.7801828749943525,2.0,3.1235409359796904,2.0,3.671285161981359,2.0,4.139600386028178,3.0,4.950791718962137,1,[5.96038582501933],[5.960394667985383],0,,,,,,,,,,,,,,,,,,,,,,,,,,,,,,,,,,,,,,,,,,,,,,,,,,,,,,,FILE_SELECTING_ENG,001,2024-08-19_13h21.00.475,SenstirEs_warningandinstructions,2024.1.4,None,2024-08-19 13h21.19.183055 +0200,
PARAPSYCHOLOGY,,,,,0,1,1,1,,,,,,,,,179.16428821196314,,,,,,,,,,,,,,,,179.03664138400927,179.16428821196314,179.16428821196314,179.16428821196314,179.16428821196314,179.16428821196314,179.16428821196314,179.16428821196314,179.16428821196314,179.16428821196314,179.16428821196314,179.16428821196314,179.16428821196314,179.16428821196314,179.16428821196314,179.16428821196314,179.16428821196314,184.77343804197153,1.0,1.5302460229722783,2.0,2.077011475979816,1.0,2.6262960609747097,4.0,3.516698517021723,2.0,4.276154093968216,5.0,5.041944172990043,1,[5.6450198300299235],[5.645029010018334],0,,,,,,,,,,,,,,,,,,,,,,,,,,,,,,,,,,,,,,,,,,,,,,,,,,,,,,,FILE_SELECTING_ENG,001,2024-08-19_13h21.00.475,SenstirEs_warningandinstructions,2024.1.4,None,2024-08-19 13h21.19.183055 +0200,
DEXTEROUS,,,,,0,2,2,2,,,,,,,,,184.90885965299094,,,,,,,,,,,,,,,,184.77465397596825,184.90885965299094,184.90885965299094,184.90885965299094,184.90885965299094,184.90885965299094,184.90885965299094,184.90885965299094,184.90885965299094,184.90885965299094,184.90885965299094,184.90885965299094,184.90885965299094,184.90885965299094,184.90885965299094,184.90885965299094,184.90885965299094,192.35593495197827,0.0,1.6783689220319502,1.0,2.227979773946572,3.0,3.0566391139873303,1.0,4.786751503997948,3.0,5.923140048980713,2.0,6.753159379994031,1,[7.492513640027028],[7.492522791028023],0,,,,,,,,,,,,,,,,,,,,,,,,,,,,,,,,,,,,,,,,,,,,,,,,,,,,,,,FILE_SELECTING_ENG,001,2024-08-19_13h21.00.475,SenstirEs_warningandinstructions,2024.1.4,None,2024-08-19 13h21.19.183055 +0200,
PESSIMISTIC,,,,,0,3,3,3,,,,,,,,,192.48267049499555,,,,,,,,,,,,,,,,192.3569688500138,192.48267049499555,192.48267049499555,192.48267049499555,192.48267049499555,192.48267049499555,192.48267049499555,192.48267049499555,192.48267049499555,192.48267049499555,192.48267049499555,192.48267049499555,192.48267049499555,192.48267049499555,192.48267049499555,192.48267049499555,192.48267049499555,198.45747889700579,3.0,1.6644348980044015,2.0,2.2904951400123537,1.0,3.287043087009806,1.0,3.2896838349988684,2.0,4.593463694036473,4.0,5.439187504991423,1,[5.956300186982844],[5.956378915987443],0,,,,,,,,,,,,,,,,,,,,,,,,,,,,,,,,,,,,,,,,,,,,,,,,,,,,,,,FILE_SELECTING_ENG,001,2024-08-19_13h21.00.475,SenstirEs_warningandinstructions,2024.1.4,None,2024-08-19 13h21.19.183055 +0200,
KNOCKER,,,,,0,4,4,4,,,,,,,,,198.62448790395865,,,,,,,,,,,,,,,,198.45978182100225,198.62448790395865,198.62448790395865,198.62448790395865,198.62448790395865,198.62448790395865,198.62448790395865,198.62448790395865,198.62448790395865,198.62448790395865,198.62448790395865,198.62448790395865,198.62448790395865,198.62448790395865,198.62448790395865,198.62448790395865,198.62448790395865,205.20480601896998,1.0,1.5860930919880047,3.0,2.534654979943298,2.0,3.159993626992218,3.0,3.6467025369638577,1.0,4.65465232700808,3.0,5.626545973005705,1,[6.6350919710239395],[6.635100453044288],0,,,,,,,,,,,,,,,,,,,,,,,,,,,,,,,,,,,,,,,,,,,,,,,,,,,,,,,FILE_SELECTING_ENG,001,2024-08-19_13h21.00.475,SenstirEs_warningandinstructions,2024.1.4,None,2024-08-19 13h21.19.183055 +0200,
BLACKHEART,,,,,0,5,5,5,,,,,,,,,205.3336055339896,,,,,,,,,,,,,,,,205.20608988200547,205.3336055339896,205.3336055339896,205.3336055339896,205.3336055339896,205.3336055339896,205.3336055339896,205.3336055339896,205.3336055339896,205.3336055339896,205.3336055339896,205.3336055339896,205.3336055339896,205.3336055339896,205.3336055339896,205.3336055339896,205.3336055339896,216.32414962595794,0.0,1.1976739279925823,4.0,2.681519326986745,2.0,3.7060779540333897,3.0,4.660918531008065,2.0,5.27424851100659,4.0,6.644745855999645,1,[11.028949148952961],[11.028958457987756],0,,,,,,,,,,,,,,,,,,,,,,,,,,,,,,,,,,,,,,,,,,,,,,,,,,,,,,,FILE_SELECTING_ENG,001,2024-08-19_13h21.00.475,SenstirEs_warningandinstructions,2024.1.4,None,2024-08-19 13h21.19.183055 +0200,
SKIES,,,,,0,6,6,6,,,,,,,,,216.4500901279971,,,,,,,,,,,,,,,,216.3252433569869,216.4500901279971,216.4500901279971,216.4500901279971,216.4500901279971,216.4500901279971,216.4500901279971,216.4500901279971,216.4500901279971,216.4500901279971,216.4500901279971,216.4500901279971,216.4500901279971,216.4500901279971,216.4500901279971,216.4500901279971,216.4500901279971,223.33717229700414,1.0,2.4758713779738173,1.0,2.9608627519919537,3.0,3.627684578008484,1.0,4.322818993998226,3.0,5.21701372199459,2.0,6.032110561965965,1,[6.92486192000797],[6.92487056000391],0,,,,,,,,,,,,,,,,,,,,,,,,,,,,,,,,,,,,,,,,,,,,,,,,,,,,,,,FILE_SELECTING_ENG,001,2024-08-19_13h21.00.475,SenstirEs_warningandinstructions,2024.1.4,None,2024-08-19 13h21.19.183055 +0200,
VIEW,,,,,0,7,7,7,,,,,,,,,223.46175404300448,,,,,,,,,,,,,,,,223.33821872796398,223.46175404300448,223.46175404300448,223.46175404300448,223.46175404300448,223.46175404300448,223.46175404300448,223.46175404300448,223.46175404300448,223.46175404300448,223.46175404300448,223.46175404300448,223.46175404300448,223.46175404300448,223.46175404300448,223.46175404300448,223.46175404300448,229.38738437299617,2.0,1.0650849399971776,3.0,2.60954314598348,1.0,3.4270725019741803,3.0,4.178295182005968,2.0,4.673888236982748,4.0,5.22437940601958,1,[5.961617563967593],[5.961627097974997],0,,,,,,,,,,,,,,,,,,,,,,,,,,,,,,,,,,,,,,,,,,,,,,,,,,,,,,,FILE_SELECTING_ENG,001,2024-08-19_13h21.00.475,SenstirEs_warningandinstructions,2024.1.4,None,2024-08-19 13h21.19.183055 +0200,
JEOPARDY,,,,,0,8,8,8,,,,,,,,,229.51454838598147,,,,,,,,,,,,,,,,229.38841971795773,229.51454838598147,229.51454838598147,229.51454838598147,229.51454838598147,229.51454838598147,229.51454838598147,229.51454838598147,229.51454838598147,229.51454838598147,229.51454838598147,229.51454838598147,229.51454838598147,229.51454838598147,229.51454838598147,229.51454838598147,229.51454838598147,234.78438749397174,0.0,1.3314996539847925,2.0,1.8611372059676796,2.0,2.398439478012733,4.0,2.958772157027852,2.0,3.510516563022975,3.0,4.8382205899688415,1,[5.308141885034274],[5.308151443023235],0,,,,,,,,,,,,,,,,,,,,,,,,,,,,,,,,,,,,,,,,,,,,,,,,,,,,,,,FILE_SELECTING_ENG,001,2024-08-19_13h21.00.475,SenstirEs_warningandinstructions,2024.1.4,None,2024-08-19 13h21.19.183055 +0200,
GRIP,,,,,0,9,9,9,,,,,,,,,234.9114915219834,,,,,,,,,,,,,,,,234.78542794298846,234.9114915219834,234.9114915219834,234.9114915219834,234.9114915219834,234.9114915219834,234.9114915219834,234.9114915219834,234.9114915219834,234.9114915219834,234.9114915219834,234.9114915219834,234.9114915219834,234.9114915219834,234.9114915219834,234.9114915219834,234.9114915219834,242.40354572696378,2.0,2.0005824280087836,2.0,3.7954824120388366,2.0,3.7980186950298958,1.0,5.268540833028965,5.0,5.890418582945131,4.0,6.654301888018381,1,[7.52929217799101],[7.5293007580330595],0,,,,,,,,,,,,,,,,,,,,,,,,,,,,,,,,,,,,,,,,,,,,,,,,,,,,,,,FILE_SELECTING_ENG,001,2024-08-19_13h21.00.475,SenstirEs_warningandinstructions,2024.1.4,None,2024-08-19 13h21.19.183055 +0200,
INCOMMUNICATIVENESS,,,,,0,10,10,10,,,,,,,,,242.53035824600374,,,,,,,,,,,,,,,,242.4045887159882,242.53035824600374,242.53035824600374,242.53035824600374,242.53035824600374,242.53035824600374,242.53035824600374,242.53035824600374,242.53035824600374,242.53035824600374,242.53035824600374,242.53035824600374,242.53035824600374,242.53035824600374,242.53035824600374,242.53035824600374,242.53035824600374,256.5352814839571,0.0,7.709215885028243,1.0,8.648839303001296,3.0,9.87426166300429,2.0,10.562702706025448,3.0,11.907375124050304,2.0,12.960200973029714,1,[14.043075816996861],[14.043085245997645],0,,,,,,,,,,,,,,,,,,,,,,,,,,,,,,,,,,,,,,,,,,,,,,,,,,,,,,,FILE_SELECTING_ENG,001,2024-08-19_13h21.00.475,SenstirEs_warningandinstructions,2024.1.4,None,2024-08-19 13h21.19.183055 +0200,
YOUTUBE,,,,,0,11,11,11,,,,,,,,,256.66216870601056,,,,,,,,,,,,,,,,256.53658582497155,256.66216870601056,256.66216870601056,256.66216870601056,256.66216870601056,256.66216870601056,256.66216870601056,256.66216870601056,256.66216870601056,256.66216870601056,256.66216870601056,256.66216870601056,256.66216870601056,256.66216870601056,256.66216870601056,256.66216870601056,256.66216870601056,263.21610290696844,2.0,1.2681971489801072,3.0,1.894987471983768,2.0,2.378091243968811,5.0,3.5672421859926544,1.0,4.923752293048892,2.0,6.028389756043907,1,[6.591725751000922],[6.591734430985525],0,,,,,,,,,,,,,,,,,,,,,,,,,,,,,,,,,,,,,,,,,,,,,,,,,,,,,,,FILE_SELECTING_ENG,001,2024-08-19_13h21.00.475,SenstirEs_warningandinstructions,2024.1.4,None,2024-08-19 13h21.19.183055 +0200,
UNLOOSE,,,,,0,12,12,12,,,,,,,,,263.3417564679985,,,,,,,,,,,,,,,,263.2177571989596,263.3417564679985,263.3417564679985,263.3417564679985,263.3417564679985,263.3417564679985,263.3417564679985,263.3417564679985,263.3417564679985,263.3417564679985,263.3417564679985,263.3417564679985,263.3417564679985,263.3417564679985,263.3417564679985,263.3417564679985,263.3417564679985,269.1523961269995,0.0,2.3468287989962846,4.0,3.927929433993995,4.0,3.930809929035604,4.0,3.9333184249699116,4.0,3.8477234410238452,2.0,5.242752643011045,1,[5.847091319970787],[5.847099667007569],0,,,,,,,,,,,,,,,,,,,,,,,,,,,,,,,,,,,,,,,,,,,,,,,,,,,,,,,FILE_SELECTING_ENG,001,2024-08-19_13h21.00.475,SenstirEs_warningandinstructions,2024.1.4,None,2024-08-19 13h21.19.183055 +0200,
JAB,,,,,0,13,13,13,,,,,,,,,269.2785767460009,,,,,,,,,,,,,,,,269.15343443199527,269.2785767460009,269.2785767460009,269.2785767460009,269.2785767460009,269.2785767460009,269.2785767460009,269.2785767460009,269.2785767460009,269.2785767460009,269.2785767460009,269.2785767460009,269.2785767460009,269.2785767460009,269.2785767460009,269.2785767460009,269.2785767460009,277.28696106997086,0.0,1.735627599991858,4.0,3.814961263036821,3.0,4.363894829992205,2.0,6.461955233011395,2.0,6.464411017950624,4.0,7.631747532985173,1,[8.047780902008526],[8.047787707007956],0,,,,,,,,,,,,,,,,,,,,,,,,,,,,,,,,,,,,,,,,,,,,,,,,,,,,,,,FILE_SELECTING_ENG,001,2024-08-19_13h21.00.475,SenstirEs_warningandinstructions,2024.1.4,None,2024-08-19 13h21.19.183055 +0200,
COULD,,,,,0,14,14,14,,,,,,,,,277.4122247619671,,,,,,,,,,,,,,,,277.28800848696847,277.4122247619671,277.4122247619671,277.4122247619671,277.4122247619671,277.4122247619671,277.4122247619671,277.4122247619671,277.4122247619671,277.4122247619671,277.4122247619671,277.4122247619671,277.4122247619671,277.4122247619671,277.4122247619671,277.4122247619671,277.4122247619671,284.6533227299806,0.0,1.5324007970048115,2.0,2.148249029996805,4.0,3.622590797021985,4.0,3.6251931990263984,3.0,4.573154914949555,2.0,6.0582276380155236,1,[7.277853469015099],[7.277862209011801],0,,,,,,,,,,,,,,,,,,,,,,,,,,,,,,,,,,,,,,,,,,,,,,,,,,,,,,,FILE_SELECTING_ENG,001,2024-08-19_13h21.00.475,SenstirEs_warningandinstructions,2024.1.4,None,2024-08-19 13h21.19.183055 +0200,
TV,,,,,0,15,15,15,,,,,,,,,284.7774061890086,,,,,,,,,,,,,,,,284.6543664059718,284.7774061890086,284.7774061890086,284.7774061890086,284.7774061890086,284.7774061890086,284.7774061890086,284.7774061890086,284.7774061890086,284.7774061890086,284.7774061890086,284.7774061890086,284.7774061890086,284.7774061890086,284.7774061890086,284.7774061890086,284.7774061890086,292.10310793999815,1.0,1.277594685961958,2.0,1.9599263819982298,2.0,3.1093366570421495,4.0,3.946802128048148,2.0,4.84736450004857,5.0,5.871693708002567,1,[7.3603722139960155],[7.360380897996947],0,,,,,,,,,,,,,,,,,,,,,,,,,,,,,,,,,,,,,,,,,,,,,,,,,,,,,,,FILE_SELECTING_ENG,001,2024-08-19_13h21.00.475,SenstirEs_warningandinstructions,2024.1.4,None,2024-08-19 13h21.19.183055 +0200,
VISIBLE,,,,,0,16,16,16,,,,,,,,,292.23132050200365,,,,,,,,,,,,,,,,292.10415074101184,292.23132050200365,292.23132050200365,292.23132050200365,292.23132050200365,292.23132050200365,292.23132050200365,292.23132050200365,292.23132050200365,292.23132050200365,292.23132050200365,292.23132050200365,292.23132050200365,292.23132050200365,292.23132050200365,292.23132050200365,292.23132050200365,305.0654217439587,0.0,6.193842734966893,2.0,6.792906642018352,1.0,7.6474211199674755,3.0,8.72602762002498,2.0,9.274746035982389,5.0,11.319349414028693,1,[12.873667661973741],[12.873675869021099],0,,,,,,,,,,,,,,,,,,,,,,,,,,,,,,,,,,,,,,,,,,,,,,,,,,,,,,,FILE_SELECTING_ENG,001,2024-08-19_13h21.00.475,SenstirEs_warningandinstructions,2024.1.4,None,2024-08-19 13h21.19.183055 +0200,
NONFOOD,,,,,0,17,17,17,,,,,,,,,305.19099507801,,,,,,,,,,,,,,,,305.0667355849873,305.19099507801,305.19099507801,305.19099507801,305.19099507801,305.19099507801,305.19099507801,305.19099507801,305.19099507801,305.19099507801,305.19099507801,305.19099507801,305.19099507801,305.19099507801,305.19099507801,305.19099507801,305.19099507801,312.2846905809711,0.0,1.1336725479923189,2.0,2.398188545019366,4.0,3.959896744985599,3.0,4.963593699038029,2.0,5.707945141999517,4.0,6.523021750035696,1,[7.128892209962942],[7.128901403979398],0,,,,,,,,,,,,,,,,,,,,,,,,,,,,,,,,,,,,,,,,,,,,,,,,,,,,,,,FILE_SELECTING_ENG,001,2024-08-19_13h21.00.475,SenstirEs_warningandinstructions,2024.1.4,None,2024-08-19 13h21.19.183055 +0200,
ALLERGIC,,,,,0,18,18,18,,,,,,,,,312.4236118749832,,,,,,,,,,,,,,,,312.2857218979625,312.4236118749832,312.4236118749832,312.4236118749832,312.4236118749832,312.4236118749832,312.4236118749832,312.4236118749832,312.4236118749832,312.4236118749832,312.4236118749832,312.4236118749832,312.4236118749832,312.4236118749832,312.4236118749832,312.4236118749832,312.4236118749832,318.2650250369916,0.0,1.3456460679881275,3.0,3.0785421439795755,3.0,3.0800656680366956,2.0,4.039336661982816,3.0,4.786809227953199,3.0,5.33533545100363,1,[5.88564703904558],[5.885655154008418],0,,,,,,,,,,,,,,,,,,,,,,,,,,,,,,,,,,,,,,,,,,,,,,,,,,,,,,,FILE_SELECTING_ENG,001,2024-08-19_13h21.00.475,SenstirEs_warningandinstructions,2024.1.4,None,2024-08-19 13h21.19.183055 +0200,
PRETTY,,,,,0,19,19,19,,,,,,,,,318.392973650014,,,,,,,,,,,,,,,,318.2660601440002,318.392973650014,318.392973650014,318.392973650014,318.392973650014,318.392973650014,318.392973650014,318.392973650014,318.392973650014,318.392973650014,318.392973650014,318.392973650014,318.392973650014,318.392973650014,318.392973650014,318.392973650014,318.392973650014,326.0519049880095,2.0,3.2173876719898544,1.0,3.980463800020516,1.0,4.595491153944749,4.0,5.483204326999839,2.0,6.31324951001443,5.0,7.015743089024909,1,[7.697512269020081],[7.697520885034464],0,,,,,,,,,,,,,,,,,,,,,,,,,,,,,,,,,,,,,,,,,,,,,,,,,,,,,,,FILE_SELECTING_ENG,001,2024-08-19_13h21.00.475,SenstirEs_warningandinstructions,2024.1.4,None,2024-08-19 13h21.19.183055 +0200,
SILKY,,,,,0,20,20,20,,,,,,,,,326.1753821930033,,,,,,,,,,,,,,,,326.052942661976,326.1753821930033,326.1753821930033,326.1753821930033,326.1753821930033,326.1753821930033,326.1753821930033,326.1753821930033,326.1753821930033,326.1753821930033,326.1753821930033,326.1753821930033,326.1753821930033,326.1753821930033,326.1753821930033,326.1753821930033,326.1753821930033,331.6582481350051,1.0,1.2652141829603352,2.0,1.746802723966539,1.0,2.558994114981033,4.0,3.2580489400424995,2.0,4.141220387013163,5.0,4.839742999989539,1,[5.514474667957984],[5.514484979968984],0,,,,,,,,,,,,,,,,,,,,,,,,,,,,,,,,,,,,,,,,,,,,,,,,,,,,,,,FILE_SELECTING_ENG,001,2024-08-19_13h21.00.475,SenstirEs_warningandinstructions,2024.1.4,None,2024-08-19 13h21.19.183055 +0200,
SIGHT,,,,,0,21,21,21,,,,,,,,,331.7813554299646,,,,,,,,,,,,,,,,331.6594205549918,331.7813554299646,331.7813554299646,331.7813554299646,331.7813554299646,331.7813554299646,331.7813554299646,331.7813554299646,331.7813554299646,331.7813554299646,331.7813554299646,331.7813554299646,331.7813554299646,331.7813554299646,331.7813554299646,331.7813554299646,331.7813554299646,339.9387441939907,1.0,3.6593007799820043,1.0,4.388781340967398,2.0,4.923812441993505,4.0,6.121498666994739,3.0,6.600967584003229,4.0,7.159818756044842,1,[8.192194549017586],[8.192203195008915],0,,,,,,,,,,,,,,,,,,,,,,,,,,,,,,,,,,,,,,,,,,,,,,,,,,,,,,,FILE_SELECTING_ENG,001,2024-08-19_13h21.00.475,SenstirEs_warningandinstructions,2024.1.4,None,2024-08-19 13h21.19.183055 +0200,
TAG,,,,,0,22,22,22,,,,,,,,,340.063056398998,,,,,,,,,,,,,,,,339.9397789509967,340.063056398998,340.063056398998,340.063056398998,340.063056398998,340.063056398998,340.063056398998,340.063056398998,340.063056398998,340.063056398998,340.063056398998,340.063056398998,340.063056398998,340.063056398998,340.063056398998,340.063056398998,340.063056398998,346.4399925409816,0.0,4.105352147947997,3.0,1.9575677440152504,2.0,3.0925101150060073,2.0,2.6896634540171362,4.0,5.642516992986202,3.0,1.9554382869973779,1,[6.411330052011181],[6.411339065991342],0,,,,,,,,,,,,,,,,,,,,,,,,,,,,,,,,,,,,,,,,,,,,,,,,,,,,,,,FILE_SELECTING_ENG,001,2024-08-19_13h21.00.475,SenstirEs_warningandinstructions,2024.1.4,None,2024-08-19 13h21.19.183055 +0200,
CURL UP,,,,,0,23,23,23,,,,,,,,,346.56007409095764,,,,,,,,,,,,,,,,346.44114576798165,346.56007409095764,346.56007409095764,346.56007409095764,346.56007409095764,346.56007409095764,346.56007409095764,346.56007409095764,346.56007409095764,346.56007409095764,346.56007409095764,346.56007409095764,346.56007409095764,346.56007409095764,346.56007409095764,346.56007409095764,346.56007409095764,351.82107609597733,0.0,1.255044340970926,2.0,1.7284971709595993,5.0,3.0191798100131564,3.0,3.567853306012694,2.0,4.251402060966939,4.0,4.870536456990521,1,[5.287338598980568],[5.287348776997533],0,,,,,,,,,,,,,,,,,,,,,,,,,,,,,,,,,,,,,,,,,,,,,,,,,,,,,,,FILE_SELECTING_ENG,001,2024-08-19_13h21.00.475,SenstirEs_warningandinstructions,2024.1.4,None,2024-08-19 13h21.19.183055 +0200,
SPINAL,,,,,0,24,24,24,,,,,,,,,351.9449833869585,,,,,,,,,,,,,,,,351.8221172550111,351.9449833869585,351.9449833869585,351.9449833869585,351.9449833869585,351.9449833869585,351.9449833869585,351.9449833869585,351.9449833869585,351.9449833869585,351.9449833869585,351.9449833869585,351.9449833869585,351.9449833869585,351.9449833869585,351.9449833869585,351.9449833869585,356.6484212849755,0.0,0.880219130020123,2.0,1.4773922400199808,4.0,2.4927530289860442,4.0,3.094841989048291,2.0,3.718733366986271,2.0,4.2579515899997205,1,[4.738133379025385],[4.738143189053517],0,,,,,,,,,,,,,,,,,,,,,,,,,,,,,,,,,,,,,,,,,,,,,,,,,,,,,,,FILE_SELECTING_ENG,001,2024-08-19_13h21.00.475,SenstirEs_warningandinstructions,2024.1.4,None,2024-08-19 13h21.19.183055 +0200,
,,,,,,,,,,,,,,,,,,,,,,,,,,,,,,,,,,,,,,,,,,,,,,,,,,,,,,,,,,,,,,,,,,,,,,,,,,,,,,,,,,,,356.6495071770041,356.70623845700175,356.70623845700175,356.70623845700175,356.70623845700175,357.7771988309687,1,[1.122282857017126],[1.1222919240244664],0,,,0,,,,,,,,,,,,,,,,,,,,,,,,,FILE_SELECTING_ENG,001,2024-08-19_13h21.00.475,SenstirEs_warningandinstructions,2024.1.4,None,2024-08-19 13h21.19.183055 +0200,
SIDE VIEW,,,,,,,,,0,0,0,0,,,,,357.9130248919828,,,,,,,,,,,,,,,,357.78426834597485,357.9130248919828,357.9130248919828,357.9130248919828,357.9130248919828,357.9130248919828,357.9130248919828,357.9130248919828,357.9130248919828,357.9130248919828,357.9130248919828,357.9130248919828,357.9130248919828,357.9130248919828,357.9130248919828,357.9130248919828,357.9130248919828,361.9385825219797,1.0,0.7324755599838682,2.0,1.46321259601973,1.0,1.9272659589769319,3.0,2.4759545320412144,2.0,3.2781866830191575,4.0,3.777043719019275,1,[4.064643869991414],[4.064653682988137],0,,,,,,,,,,,,,,,,,,,,,,,,,,,,,,,,,,,,,,,,,,,,,,,,,,,,,,,FILE_SELECTING_ENG,001,2024-08-19_13h21.00.475,SenstirEs_warningandinstructions,2024.1.4,None,2024-08-19 13h21.19.183055 +0200,
SMOOTH,,,,,,,,,0,1,1,1,,,,,362.0728910329635,,,,,,,,,,,,,,,,361.9405999009614,362.0728910329635,362.0728910329635,362.0728910329635,362.0728910329635,362.0728910329635,362.0728910329635,362.0728910329635,362.0728910329635,362.0728910329635,362.0728910329635,362.0728910329635,362.0728910329635,362.0728910329635,362.0728910329635,362.0728910329635,362.0728910329635,366.6347321450012,1.0,1.0742739670095034,2.0,1.5461177209508605,4.0,2.5365694759530015,4.0,3.0100227770162746,2.0,3.5595487449900247,3.0,4.190181119949557,1,[4.607939683017321],[4.607948757999111],0,,,,,,,,,,,,,,,,,,,,,,,,,,,,,,,,,,,,,,,,,,,,,,,,,,,,,,,FILE_SELECTING_ENG,001,2024-08-19_13h21.00.475,SenstirEs_warningandinstructions,2024.1.4,None,2024-08-19 13h21.19.183055 +0200,
HURTING,,,,,,,,,0,2,2,2,,,,,366.7621824889793,,,,,,,,,,,,,,,,366.6357694650069,366.7621824889793,366.7621824889793,366.7621824889793,366.7621824889793,366.7621824889793,366.7621824889793,366.7621824889793,366.7621824889793,366.7621824889793,366.7621824889793,366.7621824889793,366.7621824889793,366.7621824889793,366.7621824889793,366.7621824889793,366.7621824889793,370.9002998599899,0.0,1.0640109939849935,2.0,1.6631428640102968,1.0,2.211924859962892,4.0,2.706167550990358,2.0,3.199739083996974,3.0,3.6915811669896357,1,[4.176504766975995],[4.176513771992177],0,,,,,,,,,,,,,,,,,,,,,,,,,,,,,,,,,,,,,,,,,,,,,,,,,,,,,,,FILE_SELECTING_ENG,001,2024-08-19_13h21.00.475,SenstirEs_warningandinstructions,2024.1.4,None,2024-08-19 13h21.19.183055 +0200,
WIKIPEDIA,,,,,,,,,0,3,3,3,,,,,371.0281600370072,,,,,,,,,,,,,,,,370.90134624997154,371.0281600370072,371.0281600370072,371.0281600370072,371.0281600370072,371.0281600370072,371.0281600370072,371.0281600370072,371.0281600370072,371.0281600370072,371.0281600370072,371.0281600370072,371.0281600370072,371.0281600370072,371.0281600370072,371.0281600370072,371.0281600370072,376.1048130069976,1.0,1.2620491129928268,2.0,2.165039876010269,1.0,2.7080017749685794,3.0,3.192215964954812,2.0,3.9897119340021163,4.0,4.8372505370061845,1,[5.116114407952409],[5.1161243739770725],0,,,,,,,,,,,,,,,,,,,,,,,,,,,,,,,,,,,,,,,,,,,,,,,,,,,,,,,FILE_SELECTING_ENG,001,2024-08-19_13h21.00.475,SenstirEs_warningandinstructions,2024.1.4,None,2024-08-19 13h21.19.183055 +0200,
THYME,,,,,,,,,0,4,4,4,,,,,376.23915030097123,,,,,,,,,,,,,,,,376.1058500849758,376.23915030097123,376.23915030097123,376.23915030097123,376.23915030097123,376.23915030097123,376.23915030097123,376.23915030097123,376.23915030097123,376.23915030097123,376.23915030097123,376.23915030097123,376.23915030097123,376.23915030097123,376.23915030097123,376.23915030097123,376.23915030097123,380.90266642801,0.0,0.9426030660397373,2.0,1.4100982210366055,1.0,1.9939871979877353,5.0,3.0580531239975244,3.0,3.5425180950551294,4.0,3.9722584430128336,1,[4.708242366963532],[4.708251970005222],0,,,,,,,,,,,,,,,,,,,,,,,,,,,,,,,,,,,,,,,,,,,,,,,,,,,,,,,FILE_SELECTING_ENG,001,2024-08-19_13h21.00.475,SenstirEs_warningandinstructions,2024.1.4,None,2024-08-19 13h21.19.183055 +0200,
HEREWITH,,,,,,,,,0,5,5,5,,,,,381.0288153779693,,,,,,,,,,,,,,,,380.9036981969839,381.0288153779693,381.0288153779693,381.0288153779693,381.0288153779693,381.0288153779693,381.0288153779693,381.0288153779693,381.0288153779693,381.0288153779693,381.0288153779693,381.0288153779693,381.0288153779693,381.0288153779693,381.0288153779693,381.0288153779693,381.0288153779693,385.5146083299769,1.0,1.146805149037391,2.0,1.8806540389778093,1.0,2.3608174470136873,2.0,2.8919774779933505,1.0,3.561571375001222,4.0,4.184918563987594,1,[4.522102573013399],[4.522112753009424],0,,,,,,,,,,,,,,,,,,,,,,,,,,,,,,,,,,,,,,,,,,,,,,,,,,,,,,,FILE_SELECTING_ENG,001,2024-08-19_13h21.00.475,SenstirEs_warningandinstructions,2024.1.4,None,2024-08-19 13h21.19.183055 +0200,
EXCRETIVE,,,,,,,,,0,6,6,6,,,,,385.6443937100121,,,,,,,,,,,,,,,,385.51567752700066,385.6443937100121,385.6443937100121,385.6443937100121,385.6443937100121,385.6443937100121,385.6443937100121,385.6443937100121,385.6443937100121,385.6443937100121,385.6443937100121,385.6443937100121,385.6443937100121,385.6443937100121,385.6443937100121,385.6443937100121,385.6443937100121,390.6648136629956,1.0,0.9316424170392565,3.0,1.731212742975913,2.0,2.607527784013655,3.0,3.1430527750053443,2.0,3.6974326570052654,4.0,4.309783470991533,1,[5.058269469998777],[5.058278003998566],0,,,,,,,,,,,,,,,,,,,,,,,,,,,,,,,,,,,,,,,,,,,,,,,,,,,,,,,FILE_SELECTING_ENG,001,2024-08-19_13h21.00.475,SenstirEs_warningandinstructions,2024.1.4,None,2024-08-19 13h21.19.183055 +0200,
RUBDOWN,,,,,,,,,0,7,7,7,,,,,390.79049004695844,,,,,,,,,,,,,,,,390.6658484209911,390.79049004695844,390.79049004695844,390.79049004695844,390.79049004695844,390.79049004695844,390.79049004695844,390.79049004695844,390.79049004695844,390.79049004695844,390.79049004695844,390.79049004695844,390.79049004695844,390.79049004695844,390.79049004695844,390.79049004695844,390.79049004695844,403.80316361697624,2.0,8.5996534449514,3.0,10.626973714970518,1.0,9.533980065956712,3.0,11.1637934439932,2.0,11.696774919051677,5.0,12.368052900012117,1,[13.049761624017265],[13.049771232006606],0,,,,,,,,,,,,,,,,,,,,,,,,,,,,,,,,,,,,,,,,,,,,,,,,,,,,,,,FILE_SELECTING_ENG,001,2024-08-19_13h21.00.475,SenstirEs_warningandinstructions,2024.1.4,None,2024-08-19 13h21.19.183055 +0200,
BUNDLE UP,,,,,,,,,0,8,8,8,,,,,403.9303107020096,,,,,,,,,,,,,,,,403.8041941259871,403.9303107020096,403.9303107020096,403.9303107020096,403.9303107020096,403.9303107020096,403.9303107020096,403.9303107020096,403.9303107020096,403.9303107020096,403.9303107020096,403.9303107020096,403.9303107020096,403.9303107020096,403.9303107020096,403.9303107020096,403.9303107020096,408.60374041396426,1.0,1.193208968034014,2.0,1.6585829319665208,1.0,2.1254906919784844,5.0,2.942139757971745,4.0,3.485328149050474,3.0,4.359417247003876,1,[4.7098427809542045],[4.709851239982527],0,,,,,,,,,,,,,,,,,,,,,,,,,,,,,,,,,,,,,,,,,,,,,,,,,,,,,,,FILE_SELECTING_ENG,001,2024-08-19_13h21.00.475,SenstirEs_warningandinstructions,2024.1.4,None,2024-08-19 13h21.19.183055 +0200,
TAILBONE,,,,,,,,,0,9,9,9,,,,,408.73053572297795,,,,,,,,,,,,,,,,408.60476535296766,408.73053572297795,408.73053572297795,408.73053572297795,408.73053572297795,408.73053572297795,408.73053572297795,408.73053572297795,408.73053572297795,408.73053572297795,408.73053572297795,408.73053572297795,408.73053572297795,408.73053572297795,408.73053572297795,408.73053572297795,408.73053572297795,413.3165089180111,1.0,0.927551845961716,2.0,1.4809474859503098,1.0,1.9717968060285784,4.0,2.851919281994924,2.0,3.3287983300397173,4.0,4.220343298977241,1,[4.62508914800128],[4.625097100972198],0,,,,,,,,,,,,,,,,,,,,,,,,,,,,,,,,,,,,,,,,,,,,,,,,,,,,,,,FILE_SELECTING_ENG,001,2024-08-19_13h21.00.475,SenstirEs_warningandinstructions,2024.1.4,None,2024-08-19 13h21.19.183055 +0200,
RUB,,,,,,,,,0,10,10,10,,,,,413.4419293549727,,,,,,,,,,,,,,,,413.3177201600047,413.4419293549727,413.4419293549727,413.4419293549727,413.4419293549727,413.4419293549727,413.4419293549727,413.4419293549727,413.4419293549727,413.4419293549727,413.4419293549727,413.4419293549727,413.4419293549727,413.4419293549727,413.4419293549727,413.4419293549727,413.4419293549727,414.1316115009831,None,None,None,None,None,None,None,None,None,None,None,None,1,[0.7272864729748107],[0.7272957189707085],0,,,,,,,,,,,,,,,,,,,,,,,,,,,,,,,,,,,,,,,,,,,,,,,,,,,,,,,FILE_SELECTING_ENG,001,2024-08-19_13h21.00.475,SenstirEs_warningandinstructions,2024.1.4,None,2024-08-19 13h21.19.183055 +0200,
NAY,,,,,,,,,0,11,11,11,,,,,414.259819082974,,,,,,,,,,,,,,,,414.13300714700017,414.259819082974,414.259819082974,414.259819082974,414.259819082974,414.259819082974,414.259819082974,414.259819082974,414.259819082974,414.259819082974,414.259819082974,414.259819082974,414.259819082974,414.259819082974,414.259819082974,414.259819082974,414.259819082974,418.95544796297327,1.0,1.0007196690421551,1.0,1.4670046950341202,3.0,2.5291257870267145,3.0,3.0288749990286306,2.0,3.8401619629585184,3.0,4.315096281992737,1,[4.731136117014103],[4.731144992052577],0,,,,,,,,,,,,,,,,,,,,,,,,,,,,,,,,,,,,,,,,,,,,,,,,,,,,,,,FILE_SELECTING_ENG,001,2024-08-19_13h21.00.475,SenstirEs_warningandinstructions,2024.1.4,None,2024-08-19 13h21.19.183055 +0200,
PRICKLY,,,,,,,,,0,12,12,12,,,,,419.08968856098363,,,,,,,,,,,,,,,,418.95714955596486,419.08968856098363,419.08968856098363,419.08968856098363,419.08968856098363,419.08968856098363,419.08968856098363,419.08968856098363,419.08968856098363,419.08968856098363,419.08968856098363,419.08968856098363,419.08968856098363,419.08968856098363,419.08968856098363,419.08968856098363,419.08968856098363,423.420875078009,1.0,1.0732374010258354,3.0,1.7395710549899377,2.0,2.2034122410113923,4.0,3.216559035005048,4.0,2.7366048080148175,1.0,3.8218982480466366,1,[4.373254008998629],[4.373263279965613],0,,,,,,,,,,,,,,,,,,,,,,,,,,,,,,,,,,,,,,,,,,,,,,,,,,,,,,,FILE_SELECTING_ENG,001,2024-08-19_13h21.00.475,SenstirEs_warningandinstructions,2024.1.4,None,2024-08-19 13h21.19.183055 +0200,
GUARDIAN ANGEL,,,,,,,,,0,13,13,13,,,,,423.5553861889639,,,,,,,,,,,,,,,,423.42187852197094,423.5553861889639,423.5553861889639,423.5553861889639,423.5553861889639,423.5553861889639,423.5553861889639,423.5553861889639,423.5553861889639,423.5553861889639,423.5553861889639,423.5553861889639,423.5553861889639,423.5553861889639,423.5553861889639,423.5553861889639,423.5553861889639,429.03524593496695,1.0,1.0751846649800427,5.0,1.874596145004034,1.0,2.607247501029633,5.0,3.5406005249824375,0.0,4.410078123037238,2.0,4.960817956016399,1,[5.522811085975263],[5.522819663980044],0,,,,,,,,,,,,,,,,,,,,,,,,,,,,,,,,,,,,,,,,,,,,,,,,,,,,,,,FILE_SELECTING_ENG,001,2024-08-19_13h21.00.475,SenstirEs_warningandinstructions,2024.1.4,None,2024-08-19 13h21.19.183055 +0200,
SWEAR,,,,,,,,,0,14,14,14,,,,,429.16004002001137,,,,,,,,,,,,,,,,429.0362514570006,429.16004002001137,429.16004002001137,429.16004002001137,429.16004002001137,429.16004002001137,429.16004002001137,429.16004002001137,429.16004002001137,429.16004002001137,429.16004002001137,429.16004002001137,429.16004002001137,429.16004002001137,429.16004002001137,429.16004002001137,429.16004002001137,433.84771503298543,1.0,1.25946227600798,3.0,1.725886034022551,1.0,2.2616752780159004,4.0,3.2048806689563207,2.0,3.746405595971737,4.0,4.385154377960134,1,[4.723812123993412],[4.723821272025816],0,,,,,,,,,,,,,,,,,,,,,,,,,,,,,,,,,,,,,,,,,,,,,,,,,,,,,,,FILE_SELECTING_ENG,001,2024-08-19_13h21.00.475,SenstirEs_warningandinstructions,2024.1.4,None,2024-08-19 13h21.19.183055 +0200,
REWEAVE,,,,,,,,,0,15,15,15,,,,,433.9739334429614,,,,,,,,,,,,,,,,433.8488351589767,433.9739334429614,433.9739334429614,433.9739334429614,433.9739334429614,433.9739334429614,433.9739334429614,433.9739334429614,433.9739334429614,433.9739334429614,433.9739334429614,433.9739334429614,433.9739334429614,433.9739334429614,433.9739334429614,433.9739334429614,433.9739334429614,438.6672628929955,0.0,1.1324989009881392,1.0,1.599885430012364,3.0,2.5321902250288986,2.0,3.077014739974402,4.0,3.568015391996596,3.0,4.3170308049884625,1,[4.729628642031457],[4.729639606026467],0,,,,,,,,,,,,,,,,,,,,,,,,,,,,,,,,,,,,,,,,,,,,,,,,,,,,,,,FILE_SELECTING_ENG,001,2024-08-19_13h21.00.475,SenstirEs_warningandinstructions,2024.1.4,None,2024-08-19 13h21.19.183055 +0200,
BAR CODE,,,,,,,,,0,16,16,16,,,,,438.79426623898325,,,,,,,,,,,,,,,,438.6685461549787,438.79426623898325,438.79426623898325,438.79426623898325,438.79426623898325,438.79426623898325,438.79426623898325,438.79426623898325,438.79426623898325,438.79426623898325,438.79426623898325,438.79426623898325,438.79426623898325,438.79426623898325,438.79426623898325,438.79426623898325,438.79426623898325,443.98130241798935,0.0,1.5951076420024037,1.0,2.0645036789937876,1.0,2.5287976399995387,4.0,3.8959968120325357,3.0,4.3810087859747,4.0,4.796954496006947,1,[5.224137355980929],[5.224145681015216],0,,,,,,,,,,,,,,,,,,,,,,,,,,,,,,,,,,,,,,,,,,,,,,,,,,,,,,,FILE_SELECTING_ENG,001,2024-08-19_13h21.00.475,SenstirEs_warningandinstructions,2024.1.4,None,2024-08-19 13h21.19.183055 +0200,
BOP,,,,,,,,,0,17,17,17,,,,,444.1078891530051,,,,,,,,,,,,,,,,443.9823039119947,444.1078891530051,444.1078891530051,444.1078891530051,444.1078891530051,444.1078891530051,444.1078891530051,444.1078891530051,444.1078891530051,444.1078891530051,444.1078891530051,444.1078891530051,444.1078891530051,444.1078891530051,444.1078891530051,444.1078891530051,444.1078891530051,448.90473213000223,1.0,1.1986434399732389,1.0,1.6977748359786347,3.0,2.243688818998635,1.0,2.8498501300346106,2.0,3.6052218129625544,4.0,4.492315744049847,1,[4.833344199985731],[4.833353883004747],0,,,,,,,,,,,,,,,,,,,,,,,,,,,,,,,,,,,,,,,,,,,,,,,,,,,,,,,FILE_SELECTING_ENG,001,2024-08-19_13h21.00.475,SenstirEs_warningandinstructions,2024.1.4,None,2024-08-19 13h21.19.183055 +0200,
SEE,,,,,,,,,0,18,18,18,,,,,449.0384701479925,,,,,,,,,,,,,,,,448.90597629296826,449.0384701479925,449.0384701479925,449.0384701479925,449.0384701479925,449.0384701479925,449.0384701479925,449.0384701479925,449.0384701479925,449.0384701479925,449.0384701479925,449.0384701479925,449.0384701479925,449.0384701479925,449.0384701479925,449.0384701479925,449.0384701479925,453.2035715790116,1.0,0.8742503310204484,1.0,1.273145378974732,4.0,1.9430573339923285,3.0,2.474754845025018,4.0,2.960291085008066,2.0,3.783562243974302,1,[4.204031080997083],[4.204040504002478],0,,,,,,,,,,,,,,,,,,,,,,,,,,,,,,,,,,,,,,,,,,,,,,,,,,,,,,,FILE_SELECTING_ENG,001,2024-08-19_13h21.00.475,SenstirEs_warningandinstructions,2024.1.4,None,2024-08-19 13h21.19.183055 +0200,
HANDSHAKE,,,,,,,,,0,19,19,19,,,,,453.33004372299183,,,,,,,,,,,,,,,,453.2045759719913,453.33004372299183,453.33004372299183,453.33004372299183,453.33004372299183,453.33004372299183,453.33004372299183,453.33004372299183,453.33004372299183,453.33004372299183,453.33004372299183,453.33004372299183,453.33004372299183,453.33004372299183,453.33004372299183,453.33004372299183,453.33004372299183,458.2826224740129,1.0,0.9271331880008802,2.0,1.791730777011253,2.0,2.2578345400397666,3.0,2.8616141459788196,1.0,3.6082334350212477,4.0,4.1828365420224145,1,[4.990118609974161],[4.990127238968853],0,,,,,,,,,,,,,,,,,,,,,,,,,,,,,,,,,,,,,,,,,,,,,,,,,,,,,,,FILE_SELECTING_ENG,001,2024-08-19_13h21.00.475,SenstirEs_warningandinstructions,2024.1.4,None,2024-08-19 13h21.19.183055 +0200,
SIFTED,,,,,,,,,0,20,20,20,,,,,458.4094797860016,,,,,,,,,,,,,,,,458.28394482296426,458.4094797860016,458.4094797860016,458.4094797860016,458.4094797860016,458.4094797860016,458.4094797860016,458.4094797860016,458.4094797860016,458.4094797860016,458.4094797860016,458.4094797860016,458.4094797860016,458.4094797860016,458.4094797860016,458.4094797860016,458.4094797860016,462.65035287698265,1.0,1.2131912260083482,3.0,1.879648061003536,1.0,2.344815746007953,3.0,2.890430430008564,2.0,3.4311335990205407,4.0,3.931276435032487,1,[4.278377273993101],[4.278385728015564],0,,,,,,,,,,,,,,,,,,,,,,,,,,,,,,,,,,,,,,,,,,,,,,,,,,,,,,,FILE_SELECTING_ENG,001,2024-08-19_13h21.00.475,SenstirEs_warningandinstructions,2024.1.4,None,2024-08-19 13h21.19.183055 +0200,
ASSURE,,,,,,,,,0,21,21,21,,,,,462.7775638930034,,,,,,,,,,,,,,,,462.6513562959735,462.7775638930034,462.7775638930034,462.7775638930034,462.7775638930034,462.7775638930034,462.7775638930034,462.7775638930034,462.7775638930034,462.7775638930034,462.7775638930034,462.7775638930034,462.7775638930034,462.7775638930034,462.7775638930034,462.7775638930034,462.7775638930034,466.8976915649837,1.0,0.9281840760377236,3.0,1.533043923031073,2.0,1.948292120010592,4.0,2.441280536004342,1.0,3.26081702002557,3.0,3.818632760026958,1,[4.158609325997531],[4.158618487010244],0,,,,,,,,,,,,,,,,,,,,,,,,,,,,,,,,,,,,,,,,,,,,,,,,,,,,,,,FILE_SELECTING_ENG,001,2024-08-19_13h21.00.475,SenstirEs_warningandinstructions,2024.1.4,None,2024-08-19 13h21.19.183055 +0200,
CUDDLY,,,,,,,,,0,22,22,22,,,,,467.0263341719983,,,,,,,,,,,,,,,,466.89900280098664,467.0263341719983,467.0263341719983,467.0263341719983,467.0263341719983,467.0263341719983,467.0263341719983,467.0263341719983,467.0263341719983,467.0263341719983,467.0263341719983,467.0263341719983,467.0263341719983,467.0263341719983,467.0263341719983,467.0263341719983,467.0263341719983,471.5017998479889,1.0,0.9958826649817638,4.0,1.931449702999089,2.0,2.410098424006719,4.0,2.8942326650139876,2.0,3.562973856984172,4.0,4.175795284972992,1,[4.513367017963901],[4.51337641000282],0,,,,,,,,,,,,,,,,,,,,,,,,,,,,,,,,,,,,,,,,,,,,,,,,,,,,,,,FILE_SELECTING_ENG,001,2024-08-19_13h21.00.475,SenstirEs_warningandinstructions,2024.1.4,None,2024-08-19 13h21.19.183055 +0200,
POKE,,,,,,,,,0,23,23,23,,,,,471.62794536096044,,,,,,,,,,,,,,,,471.5028084429796,471.62794536096044,471.62794536096044,471.62794536096044,471.62794536096044,471.62794536096044,471.62794536096044,471.62794536096044,471.62794536096044,471.62794536096044,471.62794536096044,471.62794536096044,471.62794536096044,471.62794536096044,471.62794536096044,471.62794536096044,471.62794536096044,476.65158245596103,1.0,1.061747353989631,1.0,1.4740651430329308,3.0,2.680110826040618,2.0,3.1658144799876027,4.0,3.841842071036808,3.0,4.440438724006526,1,[5.058582875994034],[5.058591025997885],0,,,,,,,,,,,,,,,,,,,,,,,,,,,,,,,,,,,,,,,,,,,,,,,,,,,,,,,FILE_SELECTING_ENG,001,2024-08-19_13h21.00.475,SenstirEs_warningandinstructions,2024.1.4,None,2024-08-19 13h21.19.183055 +0200,
COLORS,,,,,,,,,0,24,24,24,,,,,476.776184413,,,,,,,,,,,,,,,,476.6525829919847,476.776184413,476.776184413,476.776184413,476.776184413,476.776184413,476.776184413,476.776184413,476.776184413,476.776184413,476.776184413,476.776184413,476.776184413,476.776184413,476.776184413,476.776184413,476.776184413,482.93180316197686,1.0,0.9930653150076978,2.0,1.406802592042368,0.0,2.27733365498716,5.0,3.020836060983129,1.0,4.096113721956499,3.0,5.039895784982946,1,[6.190637207997497],[6.190646922041196],0,,,,,,,,,,,,,,,,,,,,,,,,,,,,,,,,,,,,,,,,,,,,,,,,,,,,,,,FILE_SELECTING_ENG,001,2024-08-19_13h21.00.475,SenstirEs_warningandinstructions,2024.1.4,None,2024-08-19 13h21.19.183055 +0200,
FEEL,,,,,,,,,0,25,25,25,,,,,483.055944140011,,,,,,,,,,,,,,,,482.93307080696104,483.055944140011,483.055944140011,483.055944140011,483.055944140011,483.055944140011,483.055944140011,483.055944140011,483.055944140011,483.055944140011,483.055944140011,483.055944140011,483.055944140011,483.055944140011,483.055944140011,483.055944140011,483.055944140011,488.24936577596236,1.0,0.9306320900213905,3.0,1.542588766955305,4.0,2.0794095819583163,2.0,3.091916545992717,3.0,3.963809537992347,1.0,4.72870060702553,1,[5.227543205022812],[5.227551734016743],0,,,,,,,,,,,,,,,,,,,,,,,,,,,,,,,,,,,,,,,,,,,,,,,,,,,,,,,FILE_SELECTING_ENG,001,2024-08-19_13h21.00.475,SenstirEs_warningandinstructions,2024.1.4,None,2024-08-19 13h21.19.183055 +0200,
HARD,,,,,,,,,0,26,26,26,,,,,488.3719246140099,,,,,,,,,,,,,,,,488.25037234299816,488.3719246140099,488.3719246140099,488.3719246140099,488.3719246140099,488.3719246140099,488.3719246140099,488.3719246140099,488.3719246140099,488.3719246140099,488.3719246140099,488.3719246140099,488.3719246140099,488.3719246140099,488.3719246140099,488.3719246140099,488.3719246140099,492.9181661049952,1.0,0.9978558529983275,2.0,1.528298271005042,1.0,2.0621744520030916,3.0,2.6662957280059345,2.0,3.5605365940136835,5.0,4.2371366010047495,1,[4.579164469032548],[4.579173127014656],0,,,,,,,,,,,,,,,,,,,,,,,,,,,,,,,,,,,,,,,,,,,,,,,,,,,,,,,FILE_SELECTING_ENG,001,2024-08-19_13h21.00.475,SenstirEs_warningandinstructions,2024.1.4,None,2024-08-19 13h21.19.183055 +0200,
HYPERKINETIC,,,,,,,,,0,27,27,27,,,,,493.046309516998,,,,,,,,,,,,,,,,492.9191989899846,493.046309516998,493.046309516998,493.046309516998,493.046309516998,493.046309516998,493.046309516998,493.046309516998,493.046309516998,493.046309516998,493.046309516998,493.046309516998,493.046309516998,493.046309516998,493.046309516998,493.046309516998,493.046309516998,499.20434718299657,1.0,1.3935947000281885,2.0,2.799536694015842,2.0,3.3454324699705467,4.0,4.2731789399986155,3.0,4.809523513016757,2.0,5.784346505999565,1,[6.195901023980696],[6.195910077018198],0,,,,,,,,,,,,,,,,,,,,,,,,,,,,,,,,,,,,,,,,,,,,,,,,,,,,,,,FILE_SELECTING_ENG,001,2024-08-19_13h21.00.475,SenstirEs_warningandinstructions,2024.1.4,None,2024-08-19 13h21.19.183055 +0200,
VELVETINESS,,,,,,,,,0,28,28,28,,,,,499.33780722197844,,,,,,,,,,,,,,,,499.2053533369908,499.33780722197844,499.33780722197844,499.33780722197844,499.33780722197844,499.33780722197844,499.33780722197844,499.33780722197844,499.33780722197844,499.33780722197844,499.33780722197844,499.33780722197844,499.33780722197844,499.33780722197844,499.33780722197844,499.33780722197844,499.33780722197844,504.8147708160104,1.0,0.9397428880329244,3.0,2.47045144502772,1.0,3.0714364890009165,3.0,3.6087400360265747,2.0,4.433277136995457,5.0,5.106624593026936,1,[5.521290472999681],[5.521299435000401],0,,,,,,,,,,,,,,,,,,,,,,,,,,,,,,,,,,,,,,,,,,,,,,,,,,,,,,,FILE_SELECTING_ENG,001,2024-08-19_13h21.00.475,SenstirEs_warningandinstructions,2024.1.4,None,2024-08-19 13h21.19.183055 +0200,
SUBLIMATION,,,,,,,,,0,29,29,29,,,,,504.94101011398016,,,,,,,,,,,,,,,,504.8157828829717,504.94101011398016,504.94101011398016,504.94101011398016,504.94101011398016,504.94101011398016,504.94101011398016,504.94101011398016,504.94101011398016,504.94101011398016,504.94101011398016,504.94101011398016,504.94101011398016,504.94101011398016,504.94101011398016,504.94101011398016,504.94101011398016,513.6528187679942,4.0,2.4790346379741095,0.0,4.682228251011111,2.0,5.361307560990099,4.0,6.566767861950211,1.0,7.592940357979387,4.0,8.210242828994524,1,[8.750064538966399],[8.750076208962128],0,,,,,,,,,,,,,,,,,,,,,,,,,,,,,,,,,,,,,,,,,,,,,,,,,,,,,,,FILE_SELECTING_ENG,001,2024-08-19_13h21.00.475,SenstirEs_warningandinstructions,2024.1.4,None,2024-08-19 13h21.19.183055 +0200,
INTERNET SITE,,,,,,,,,0,30,30,30,,,,,513.7876604499761,,,,,,,,,,,,,,,,513.6538515459979,513.7876604499761,513.7876604499761,513.7876604499761,513.7876604499761,513.7876604499761,513.7876604499761,513.7876604499761,513.7876604499761,513.7876604499761,513.7876604499761,513.7876604499761,513.7876604499761,513.7876604499761,513.7876604499761,513.7876604499761,513.7876604499761,519.1032305809786,1.0,1.411317717982456,3.0,2.0212367170024663,1.0,2.8239709659828804,4.0,3.7576926850015298,3.0,4.2925779889919795,3.0,4.923961280030198,1,[5.360823925002478],[5.360833023965824],0,,,,,,,,,,,,,,,,,,,,,,,,,,,,,,,,,,,,,,,,,,,,,,,,,,,,,,,FILE_SELECTING_ENG,001,2024-08-19_13h21.00.475,SenstirEs_warningandinstructions,2024.1.4,None,2024-08-19 13h21.19.183055 +0200,
PICTURES,,,,,,,,,0,31,31,31,,,,,519.2373902079999,,,,,,,,,,,,,,,,519.1042440939927,519.2373902079999,519.2373902079999,519.2373902079999,519.2373902079999,519.2373902079999,519.2373902079999,519.2373902079999,519.2373902079999,519.2373902079999,519.2373902079999,519.2373902079999,519.2373902079999,519.2373902079999,519.2373902079999,519.2373902079999,519.2373902079999,527.2362532829866,2.0,1.671620024018921,2.0,2.20850235898979,1.0,4.357513424998615,4.0,5.2573278729687445,2.0,6.018475322984159,4.0,7.3682808529702015,1,[8.041497665981296],[8.0415080570383],0,,,,,,,,,,,,,,,,,,,,,,,,,,,,,,,,,,,,,,,,,,,,,,,,,,,,,,,FILE_SELECTING_ENG,001,2024-08-19_13h21.00.475,SenstirEs_warningandinstructions,2024.1.4,None,2024-08-19 13h21.19.183055 +0200,
BUS DRIVER,,,,,,,,,0,32,32,32,,,,,527.3708451139973,,,,,,,,,,,,,,,,527.237265889009,527.3708451139973,527.3708451139973,527.3708451139973,527.3708451139973,527.3708451139973,527.3708451139973,527.3708451139973,527.3708451139973,527.3708451139973,527.3708451139973,527.3708451139973,527.3708451139973,527.3708451139973,527.3708451139973,527.3708451139973,527.3708451139973,546.6472307440126,5.0,16.073940306028817,3.0,16.541653593012597,2.0,17.4734238589881,4.0,18.005959837988485,3.0,18.507369612983894,4.0,18.984874059970025,1,[19.321757025027182],[19.321763684041798],0,,,,,,,,,,,,,,,,,,,,,,,,,,,,,,,,,,,,,,,,,,,,,,,,,,,,,,,FILE_SELECTING_ENG,001,2024-08-19_13h21.00.475,SenstirEs_warningandinstructions,2024.1.4,None,2024-08-19 13h21.19.183055 +0200,
,,,,,,,,,,,,,,,,,,,,,,,,,,,,,,,,,,,,,,,,,,,,,,,,,,,,,,,,,,,,,,,,,,,,,,,,,,,,,,,,,,,,,,,,,,,,,,,,,,,546.6482997459825,546.7032172009931,546.7032172009931,546.7032172009931,546.7032172009931,547.841427863983,0,,,1,[1.187628563027829],[1.1876383859780617],0,,,,,,,,,,FILE_SELECTING_ENG,001,2024-08-19_13h21.00.475,SenstirEs_warningandinstructions,2024.1.4,None,2024-08-19 13h21.19.183055 +0200,
UNFOUNDED,,,,,,,,,,,,,0,0,0,0,547.9730171239935,,,,,,,,,,,,,,,,547.8466894919984,547.9730171239935,547.9730171239935,547.9730171239935,547.9730171239935,547.9730171239935,547.9730171239935,547.9730171239935,547.9730171239935,547.9730171239935,547.9730171239935,547.9730171239935,547.9730171239935,547.9730171239935,547.9730171239935,547.9730171239935,547.9730171239935,551.6841653920128,0.0,0.9307739119976759,1.0,1.2856871690019034,2.0,2.1637963880202733,1.0,2.576986116997432,3.0,2.99331201199675,4.0,3.4737900579930283,1,[3.746121358999517],[3.746129514009226],0,,,,,,,,,,,,,,,,,,,,,,,,,,,,,,,,,,,,,,,,,,,,,,,,,,,,,,,FILE_SELECTING_ENG,001,2024-08-19_13h21.00.475,SenstirEs_warningandinstructions,2024.1.4,None,2024-08-19 13h21.19.183055 +0200,
BRIGHTNESS,,,,,,,,,,,,,0,1,1,1,551.8099670619704,,,,,,,,,,,,,,,,551.685739278968,551.8099670619704,551.8099670619704,551.8099670619704,551.8099670619704,551.8099670619704,551.8099670619704,551.8099670619704,551.8099670619704,551.8099670619704,551.8099670619704,551.8099670619704,551.8099670619704,551.8099670619704,551.8099670619704,551.8099670619704,551.8099670619704,556.6317954469705,2.0,0.857714470999781,1.0,1.3302441830164753,4.0,2.1455283349496312,3.0,3.0266185560030863,3.0,3.5394858829677105,1.0,4.312487090996001,1,[4.857684143993538],[4.857692481018603],0,,,,,,,,,,,,,,,,,,,,,,,,,,,,,,,,,,,,,,,,,,,,,,,,,,,,,,,FILE_SELECTING_ENG,001,2024-08-19_13h21.00.475,SenstirEs_warningandinstructions,2024.1.4,None,2024-08-19 13h21.19.183055 +0200,
,,,,,,,,,,,,,,,,,,,,,,,,,,,,,,,,,,,,,,,,,,,,,,,,,,,,,,,,,,,,,,,,,,,,,,,,,,,,,,,,,,,,,,,,,,,,,,,,,,,,,,,,,,,,,,,,,,556.6327374450048,556.6534695389564,556.6534695389564,557.7394620460109,y,1.0660922969691455,None,FILE_SELECTING_ENG,001,2024-08-19_13h21.00.475,SenstirEs_warningandinstructions,2024.1.4,None,2024-08-19 13h21.19.183055 +0200,
