﻿Word,SentirEs_19.thisRepN,SentirEs_19.thisTrialN,SentirEs_19.thisN,SentirEs_19.thisIndex,SentirEs_45.thisRepN,SentirEs_45.thisTrialN,SentirEs_45.thisN,SentirEs_45.thisIndex,SentirEs_78.thisRepN,SentirEs_78.thisTrialN,SentirEs_78.thisN,SentirEs_78.thisIndex,SentirEs_80.thisRepN,SentirEs_80.thisTrialN,SentirEs_80.thisN,SentirEs_80.thisIndex,thisRow.t,notes,warning_span.started,warning_SentirEs.started,Siguente.started,warning_span.stopped,Siguente.numClicks,Siguente.timesOn,Siguente.timesOff,SentirEs_intructions_Span.started,intructions.started,Siguente_instructions.started,SentirEs_intructions_Span.stopped,Siguente_instructions.numClicks,Siguente_instructions.timesOn,Siguente_instructions.timesOff,SentirEs_likert_span.started,text.started,stimuli.started,perceptual_audition.started,perceptual_gustatory.started,perceptual_haptic.started,perceptual_interocepticve.started,perceptual_olfaction.started,perceptual_visual.started,Audition.started,Gustatory.started,Haptic.started,Interoception.started,Olfaction.started,Vision.started,Siguente_stim.started,No_se.started,SentirEs_likert_span.stopped,Audition.response,Audition.rt,Gustatory.response,Gustatory.rt,Haptic.response,Haptic.rt,Interoception.response,Interoception.rt,Olfaction.response,Olfaction.rt,Vision.response,Vision.rt,Siguente_stim.numClicks,Siguente_stim.timesOn,Siguente_stim.timesOff,No_se.numClicks,No_se.timesOn,No_se.timesOff,SenstirEs_catch_Span_1.started,catch_1.started,Oso.started,Ave.started,Pez.started,SenstirEs_catch_Span_1.stopped,Oso.numClicks,Oso.timesOn,Oso.timesOff,Ave.numClicks,Ave.timesOn,Ave.timesOff,Pez.numClicks,Pez.timesOn,Pez.timesOff,SenstirEs_catch_Span_2.started,catch_2.started,quinze.started,cien.started,setentaidos.started,SenstirEs_catch_Span_2.stopped,quinze.numClicks,quinze.timesOn,quinze.timesOff,cien.numClicks,cien.timesOn,cien.timesOff,setentaidos.numClicks,setentaidos.timesOn,setentaidos.timesOff,SenstirEs_catch_Span_3.started,catch_3.started,bacadillo.started,manzana.started,coliflor.started,SenstirEs_catch_Span_3.stopped,bacadillo.numClicks,bacadillo.timesOn,bacadillo.timesOff,manzana.numClicks,manzana.timesOn,manzana.timesOff,coliflor.numClicks,coliflor.timesOn,coliflor.timesOff,trial.started,readingtext.started,key_resp.started,trial.stopped,key_resp.keys,key_resp.rt,key_resp.duration,participant,session,date,expName,psychopyVersion,frameRate,expStart,
,,,,,,,,,,,,,,,,,,,0.024483968038111925,0.06955140200443566,0.06955140200443566,1.6200788610149175,1,[1.5938221180113032],[1.593833455001004],,,,,,,,,,,,,,,,,,,,,,,,,,,,,,,,,,,,,,,,,,,,,,,,,,,,,,,,,,,,,,,,,,,,,,,,,,,,,,,,,,,,,,,,,,,,,,,,SELECTING_FILES_SPAN,001,2024-08-19_13h08.45.276,SenstirEs_warningandinstructions,2024.1.4,None,2024-08-19 13h09.28.436192 +0200,
,,,,,,,,,,,,,,,,,,,,,,,,,,1.6202273149974644,1.6507594170398079,1.6507594170398079,2.1237030340125784,1,[0.5015416690148413],[0.5015533799887635],,,,,,,,,,,,,,,,,,,,,,,,,,,,,,,,,,,,,,,,,,,,,,,,,,,,,,,,,,,,,,,,,,,,,,,,,,,,,,,,,,,,,,,,,SELECTING_FILES_SPAN,001,2024-08-19_13h08.45.276,SenstirEs_warningandinstructions,2024.1.4,None,2024-08-19 13h09.28.436192 +0200,
EMOCIONANTE,0,0,0,0,,,,,,,,,,,,,2.355538151052315,,,,,,,,,,,,,,,,2.1314498980063945,2.355538151052315,2.355538151052315,2.355538151052315,2.355538151052315,2.355538151052315,2.355538151052315,2.355538151052315,2.355538151052315,2.355538151052315,2.355538151052315,2.355538151052315,2.355538151052315,2.355538151052315,2.355538151052315,2.355538151052315,2.355538151052315,7.625814973027445,1.0,2.0885953690158203,1.0,1.4849878320237622,3.0,2.7844374449923635,2.0,3.5870176249882206,2.0,4.182776300003752,4.0,4.652780202042777,1,[5.400714206974953],[5.4007236390025355],0,,,,,,,,,,,,,,,,,,,,,,,,,,,,,,,,,,,,,,,,,,,,,,,,,,,,,,,SELECTING_FILES_SPAN,001,2024-08-19_13h08.45.276,SenstirEs_warningandinstructions,2024.1.4,None,2024-08-19 13h09.28.436192 +0200,
CUAJAR,0,1,1,1,,,,,,,,,,,,,7.753640765033197,,,,,,,,,,,,,,,,7.627686194027774,7.753640765033197,7.753640765033197,7.753640765033197,7.753640765033197,7.753640765033197,7.753640765033197,7.753640765033197,7.753640765033197,7.753640765033197,7.753640765033197,7.753640765033197,7.753640765033197,7.753640765033197,7.753640765033197,7.753640765033197,7.753640765033197,12.876079344016034,4.0,0.9277851060032845,3.0,1.3273156660143286,3.0,1.7263443120173179,3.0,2.062892413989175,2.0,3.740664696029853,2.0,4.472961348015815,1,[5.156906376010738],[5.1569152980227955],0,,,,,,,,,,,,,,,,,,,,,,,,,,,,,,,,,,,,,,,,,,,,,,,,,,,,,,,SELECTING_FILES_SPAN,001,2024-08-19_13h08.45.276,SenstirEs_warningandinstructions,2024.1.4,None,2024-08-19 13h09.28.436192 +0200,
DIA,0,2,2,2,,,,,,,,,,,,,13.001359368034173,,,,,,,,,,,,,,,,12.877255020022858,13.001359368034173,13.001359368034173,13.001359368034173,13.001359368034173,13.001359368034173,13.001359368034173,13.001359368034173,13.001359368034173,13.001359368034173,13.001359368034173,13.001359368034173,13.001359368034173,13.001359368034173,13.001359368034173,13.001359368034173,13.001359368034173,18.87681829102803,1.0,1.4470067840302363,2.0,1.9768109410069883,1.0,2.5264472829876468,3.0,3.143873920023907,2.0,3.6827217289828695,4.0,5.104888563044369,1,[5.912007135979366],[5.912018275994342],0,,,,,,,,,,,,,,,,,,,,,,,,,,,,,,,,,,,,,,,,,,,,,,,,,,,,,,,SELECTING_FILES_SPAN,001,2024-08-19_13h08.45.276,SenstirEs_warningandinstructions,2024.1.4,None,2024-08-19 13h09.28.436192 +0200,
A LA VISTA,0,3,3,3,,,,,,,,,,,,,19.006330118048936,,,,,,,,,,,,,,,,18.877845100010745,19.006330118048936,19.006330118048936,19.006330118048936,19.006330118048936,19.006330118048936,19.006330118048936,19.006330118048936,19.006330118048936,19.006330118048936,19.006330118048936,19.006330118048936,19.006330118048936,19.006330118048936,19.006330118048936,19.006330118048936,19.006330118048936,25.342166806047317,4.0,1.390922821010463,3.0,2.12353623699164,2.0,2.997718063008506,4.0,3.8114834559964947,2.0,4.8909990200190805,4.0,5.768574685964268,1,[6.373565856018104],[6.3735750269843265],0,,,,,,,,,,,,,,,,,,,,,,,,,,,,,,,,,,,,,,,,,,,,,,,,,,,,,,,SELECTING_FILES_SPAN,001,2024-08-19_13h08.45.276,SenstirEs_warningandinstructions,2024.1.4,None,2024-08-19 13h09.28.436192 +0200,
SOBRESCRIBIR,0,4,4,4,,,,,,,,,,,,,25.471170574019197,,,,,,,,,,,,,,,,25.343185772013385,25.471170574019197,25.471170574019197,25.471170574019197,25.471170574019197,25.471170574019197,25.471170574019197,25.471170574019197,25.471170574019197,25.471170574019197,25.471170574019197,25.471170574019197,25.471170574019197,25.471170574019197,25.471170574019197,25.471170574019197,25.471170574019197,32.34266799403122,3.0,3.951120592013467,2.0,2.944158812984824,3.0,4.959951479977462,2.0,1.9267926440224983,0.0,1.0586722319712862,3.0,6.099393252981827,1,[6.908074189035688],[6.908083771995734],0,,,,,,,,,,,,,,,,,,,,,,,,,,,,,,,,,,,,,,,,,,,,,,,,,,,,,,,SELECTING_FILES_SPAN,001,2024-08-19_13h08.45.276,SenstirEs_warningandinstructions,2024.1.4,None,2024-08-19 13h09.28.436192 +0200,
TOCAR,0,5,5,5,,,,,,,,,,,,,32.46786561002955,,,,,,,,,,,,,,,,32.34369523101486,32.46786561002955,32.46786561002955,32.46786561002955,32.46786561002955,32.46786561002955,32.46786561002955,32.46786561002955,32.46786561002955,32.46786561002955,32.46786561002955,32.46786561002955,32.46786561002955,32.46786561002955,32.46786561002955,32.46786561002955,32.46786561002955,40.00808866601437,0.0,1.796244902012404,5.0,2.9307254099985585,3.0,4.201712695008609,2.0,5.014998731028754,1.0,6.430760394025128,1.0,6.432341818988789,1,[7.578092526004184],[7.578101482999045],0,,,,,,,,,,,,,,,,,,,,,,,,,,,,,,,,,,,,,,,,,,,,,,,,,,,,,,,SELECTING_FILES_SPAN,001,2024-08-19_13h08.45.276,SenstirEs_warningandinstructions,2024.1.4,None,2024-08-19 13h09.28.436192 +0200,
SUAVIDAD,0,6,6,6,,,,,,,,,,,,,40.134302148013376,,,,,,,,,,,,,,,,40.00953965703957,40.134302148013376,40.134302148013376,40.134302148013376,40.134302148013376,40.134302148013376,40.134302148013376,40.134302148013376,40.134302148013376,40.134302148013376,40.134302148013376,40.134302148013376,40.134302148013376,40.134302148013376,40.134302148013376,40.134302148013376,40.134302148013376,46.90918868902372,2.0,4.146526569966227,2.0,4.149748663010541,3.0,2.4090850919601507,3.0,2.411025273031555,3.0,5.30957116902573,3.0,5.862928202957846,1,[6.813480777025688],[6.813491648004856],0,,,,,,,,,,,,,,,,,,,,,,,,,,,,,,,,,,,,,,,,,,,,,,,,,,,,,,,SELECTING_FILES_SPAN,001,2024-08-19_13h08.45.276,SenstirEs_warningandinstructions,2024.1.4,None,2024-08-19 13h09.28.436192 +0200,
INTUITIVAMENTE,0,7,7,7,,,,,,,,,,,,,47.033445811015554,,,,,,,,,,,,,,,,46.91024304804159,47.033445811015554,47.033445811015554,47.033445811015554,47.033445811015554,47.033445811015554,47.033445811015554,47.033445811015554,47.033445811015554,47.033445811015554,47.033445811015554,47.033445811015554,47.033445811015554,47.033445811015554,47.033445811015554,47.033445811015554,47.033445811015554,55.714291626994964,1.0,3.927651032980066,2.0,2.6801575469435193,2.0,5.133163099992089,2.0,1.5235854769707657,2.0,1.4528893239912577,1.0,6.082955501973629,1,[8.716530273959506],[8.71654039999703],0,,,,,,,,,,,,,,,,,,,,,,,,,,,,,,,,,,,,,,,,,,,,,,,,,,,,,,,SELECTING_FILES_SPAN,001,2024-08-19_13h08.45.276,SenstirEs_warningandinstructions,2024.1.4,None,2024-08-19 13h09.28.436192 +0200,
FÉMUR,0,8,8,8,,,,,,,,,,,,,55.840135397040285,,,,,,,,,,,,,,,,55.71586890902836,55.840135397040285,55.840135397040285,55.840135397040285,55.840135397040285,55.840135397040285,55.840135397040285,55.840135397040285,55.840135397040285,55.840135397040285,55.840135397040285,55.840135397040285,55.840135397040285,55.840135397040285,55.840135397040285,55.840135397040285,55.840135397040285,61.6296972350101,1.0,4.810424919007346,2.0,3.990300339006353,1.0,3.2190698190242983,4.0,2.271259009023197,2.0,1.5908302890020423,4.0,0.852711007988546,1,[5.824557010026183],[5.824569654010702],0,,,,,,,,,,,,,,,,,,,,,,,,,,,,,,,,,,,,,,,,,,,,,,,,,,,,,,,SELECTING_FILES_SPAN,001,2024-08-19_13h08.45.276,SenstirEs_warningandinstructions,2024.1.4,None,2024-08-19 13h09.28.436192 +0200,
ACARICIADO,0,9,9,9,,,,,,,,,,,,,61.75514879304683,,,,,,,,,,,,,,,,61.63073067803634,61.75514879304683,61.75514879304683,61.75514879304683,61.75514879304683,61.75514879304683,61.75514879304683,61.75514879304683,61.75514879304683,61.75514879304683,61.75514879304683,61.75514879304683,61.75514879304683,61.75514879304683,61.75514879304683,61.75514879304683,61.75514879304683,69.39501823700266,3.0,4.64259297697572,1.0,2.9292778220260516,None,None,2.0,1.9907745119999163,4.0,0.8551563679939136,2.0,6.404058982967399,1,[7.674709945975337],[7.6747203940176405],0,,,,,,,,,,,,,,,,,,,,,,,,,,,,,,,,,,,,,,,,,,,,,,,,,,,,,,,SELECTING_FILES_SPAN,001,2024-08-19_13h08.45.276,SenstirEs_warningandinstructions,2024.1.4,None,2024-08-19 13h09.28.436192 +0200,
ACARICIAR,0,10,10,10,,,,,,,,,,,,,69.52130258100806,,,,,,,,,,,,,,,,69.3961490910151,69.52130258100806,69.52130258100806,69.52130258100806,69.52130258100806,69.52130258100806,69.52130258100806,69.52130258100806,69.52130258100806,69.52130258100806,69.52130258100806,69.52130258100806,69.52130258100806,69.52130258100806,69.52130258100806,69.52130258100806,69.52130258100806,75.58017132204259,0.0,2.002145592996385,2.0,2.7466281990054995,1.0,3.3618193899746984,3.0,3.914520510006696,2.0,4.606442780001089,5.0,5.488758130988572,1,[6.095689200039487],[6.0956981659983285],0,,,,,,,,,,,,,,,,,,,,,,,,,,,,,,,,,,,,,,,,,,,,,,,,,,,,,,,SELECTING_FILES_SPAN,001,2024-08-19_13h08.45.276,SenstirEs_warningandinstructions,2024.1.4,None,2024-08-19 13h09.28.436192 +0200,
PELUDO,0,11,11,11,,,,,,,,,,,,,75.70379837503424,,,,,,,,,,,,,,,,75.5813118290389,75.70379837503424,75.70379837503424,75.70379837503424,75.70379837503424,75.70379837503424,75.70379837503424,75.70379837503424,75.70379837503424,75.70379837503424,75.70379837503424,75.70379837503424,75.70379837503424,75.70379837503424,75.70379837503424,75.70379837503424,75.70379837503424,82.07828128500842,4.0,1.7268140590167604,2.0,2.5268723639892414,1.0,3.3414572160108946,3.0,4.27723031694768,2.0,5.2242781550157815,4.0,5.857843153993599,1,[6.410064583003987],[6.410072767001111],0,,,,,,,,,,,,,,,,,,,,,,,,,,,,,,,,,,,,,,,,,,,,,,,,,,,,,,,SELECTING_FILES_SPAN,001,2024-08-19_13h08.45.276,SenstirEs_warningandinstructions,2024.1.4,None,2024-08-19 13h09.28.436192 +0200,
INDESTRUCTIBILIDAD,0,12,12,12,,,,,,,,,,,,,82.20508749899454,,,,,,,,,,,,,,,,82.07931272999849,82.20508749899454,82.20508749899454,82.20508749899454,82.20508749899454,82.20508749899454,82.20508749899454,82.20508749899454,82.20508749899454,82.20508749899454,82.20508749899454,82.20508749899454,82.20508749899454,82.20508749899454,82.20508749899454,82.20508749899454,82.20508749899454,91.04312278900761,1.0,1.5946451309719123,2.0,2.342332011961844,1.0,3.1629464050056413,3.0,4.243251656007487,2.0,4.922600702964701,4.0,5.941050556022674,1,[8.87498968001455],[8.875000573985744],0,,,,,,,,,,,,,,,,,,,,,,,,,,,,,,,,,,,,,,,,,,,,,,,,,,,,,,,SELECTING_FILES_SPAN,001,2024-08-19_13h08.45.276,SenstirEs_warningandinstructions,2024.1.4,None,2024-08-19 13h09.28.436192 +0200,
MASILLOSO,0,13,13,13,,,,,,,,,,,,,91.16672941599973,,,,,,,,,,,,,,,,91.0441403730074,91.16672941599973,91.16672941599973,91.16672941599973,91.16672941599973,91.16672941599973,91.16672941599973,91.16672941599973,91.16672941599973,91.16672941599973,91.16672941599973,91.16672941599973,91.16672941599973,91.16672941599973,91.16672941599973,91.16672941599973,91.16672941599973,96.52734165702714,0.0,1.2621023830142803,3.0,2.402078145009,2.0,2.9982575579779223,4.0,4.162602121010423,4.0,3.4767060999874957,None,None,1,[5.396070635993965],[5.396082193008624],0,,,,,,,,,,,,,,,,,,,,,,,,,,,,,,,,,,,,,,,,,,,,,,,,,,,,,,,SELECTING_FILES_SPAN,001,2024-08-19_13h08.45.276,SenstirEs_warningandinstructions,2024.1.4,None,2024-08-19 13h09.28.436192 +0200,
AULLIDO,0,14,14,14,,,,,,,,,,,,,96.66687496099621,,,,,,,,,,,,,,,,96.52840127900708,96.66687496099621,96.66687496099621,96.66687496099621,96.66687496099621,96.66687496099621,96.66687496099621,96.66687496099621,96.66687496099621,96.66687496099621,96.66687496099621,96.66687496099621,96.66687496099621,96.66687496099621,96.66687496099621,96.66687496099621,96.66687496099621,102.8950244380394,2.0,4.0641970169963315,2.0,4.703255871019792,3.0,2.774622931960039,4.0,2.1468480809708126,4.0,1.5414325359743088,5.0,0.4070700940210372,1,[6.273554018989671],[6.273562042973936],0,,,,,,,,,,,,,,,,,,,,,,,,,,,,,,,,,,,,,,,,,,,,,,,,,,,,,,,SELECTING_FILES_SPAN,001,2024-08-19_13h08.45.276,SenstirEs_warningandinstructions,2024.1.4,None,2024-08-19 13h09.28.436192 +0200,
TACTILMENTE,0,15,15,15,,,,,,,,,,,,,103.0358972310205,,,,,,,,,,,,,,,,102.89605116599705,103.0358972310205,103.0358972310205,103.0358972310205,103.0358972310205,103.0358972310205,103.0358972310205,103.0358972310205,103.0358972310205,103.0358972310205,103.0358972310205,103.0358972310205,103.0358972310205,103.0358972310205,103.0358972310205,103.0358972310205,103.0358972310205,110.01068515900988,0.0,2.244163630006369,1.0,2.846798980026506,1.0,3.3207466690219007,3.0,5.16011451598024,3.0,4.66242680803407,2.0,6.180075560987461,1,[7.011345941980835],[7.011354410962667],0,,,,,,,,,,,,,,,,,,,,,,,,,,,,,,,,,,,,,,,,,,,,,,,,,,,,,,,SELECTING_FILES_SPAN,001,2024-08-19_13h08.45.276,SenstirEs_warningandinstructions,2024.1.4,None,2024-08-19 13h09.28.436192 +0200,
CARA,0,16,16,16,,,,,,,,,,,,,110.13625949702691,,,,,,,,,,,,,,,,110.01172058604425,110.13625949702691,110.13625949702691,110.13625949702691,110.13625949702691,110.13625949702691,110.13625949702691,110.13625949702691,110.13625949702691,110.13625949702691,110.13625949702691,110.13625949702691,110.13625949702691,110.13625949702691,110.13625949702691,110.13625949702691,110.13625949702691,116.52755915600574,2.0,2.279181339952629,1.0,2.8833518250030465,2.0,2.2800380309927277,3.0,5.026960576011334,3.0,4.47670909302542,1.0,5.744975704990793,1,[6.428250605997164],[6.4282620199956],0,,,,,,,,,,,,,,,,,,,,,,,,,,,,,,,,,,,,,,,,,,,,,,,,,,,,,,,SELECTING_FILES_SPAN,001,2024-08-19_13h08.45.276,SenstirEs_warningandinstructions,2024.1.4,None,2024-08-19 13h09.28.436192 +0200,
DEPLORAR,0,17,17,17,,,,,,,,,,,,,116.65393408201635,,,,,,,,,,,,,,,,116.528865135042,116.65393408201635,116.65393408201635,116.65393408201635,116.65393408201635,116.65393408201635,116.65393408201635,116.65393408201635,116.65393408201635,116.65393408201635,116.65393408201635,116.65393408201635,116.65393408201635,116.65393408201635,116.65393408201635,116.65393408201635,116.65393408201635,122.81783121300396,1.0,4.979158171976451,3.0,3.5430603200220503,1.0,2.814439014007803,3.0,1.5555478989845142,2.0,2.1778320049634203,4.0,0.793295746028889,1,[6.198138346022461],[6.19814715202665],0,,,,,,,,,,,,,,,,,,,,,,,,,,,,,,,,,,,,,,,,,,,,,,,,,,,,,,,SELECTING_FILES_SPAN,001,2024-08-19_13h08.45.276,SenstirEs_warningandinstructions,2024.1.4,None,2024-08-19 13h09.28.436192 +0200,
TORRINO ,0,18,18,18,,,,,,,,,,,,,122.94999617099529,,,,,,,,,,,,,,,,122.81885761604644,122.94999617099529,122.94999617099529,122.94999617099529,122.94999617099529,122.94999617099529,122.94999617099529,122.94999617099529,122.94999617099529,122.94999617099529,122.94999617099529,122.94999617099529,122.94999617099529,122.94999617099529,122.94999617099529,122.94999617099529,122.94999617099529,134.27622990804957,0.0,4.736760759027675,2.0,7.204709078010637,1.0,7.824988820008002,3.0,8.453940208011772,2.0,9.52315634698607,3.0,10.20520921802381,1,[11.359372195031028],[11.359384263050742],0,,,,,,,,,,,,,,,,,,,,,,,,,,,,,,,,,,,,,,,,,,,,,,,,,,,,,,,SELECTING_FILES_SPAN,001,2024-08-19_13h08.45.276,SenstirEs_warningandinstructions,2024.1.4,None,2024-08-19 13h09.28.436192 +0200,
,,,,,,,,,,,,,,,,,,,,,,,,,,,,,,,,,,,,,,,,,,,,,,,,,,,,,,,,,,,,,,,,,,,,,134.27757004403975,134.33565186004853,134.33565186004853,134.33565186004853,134.33565186004853,135.370191420021,0,,,1,[1.0863942179712467],[1.0864088619709946],0,,,,,,,,,,,,,,,,,,,,,,,,,,,,,,,,,,,,,,,,SELECTING_FILES_SPAN,001,2024-08-19_13h08.45.276,SenstirEs_warningandinstructions,2024.1.4,None,2024-08-19 13h09.28.436192 +0200,
DIESTRO,,,,,0,0,0,2,,,,,,,,,135.50524083303753,,,,,,,,,,,,,,,,135.3774622970377,135.50524083303753,135.50524083303753,135.50524083303753,135.50524083303753,135.50524083303753,135.50524083303753,135.50524083303753,135.50524083303753,135.50524083303753,135.50524083303753,135.50524083303753,135.50524083303753,135.50524083303753,135.50524083303753,135.50524083303753,135.50524083303753,141.84382312203525,1.0,1.1319763580104336,2.0,1.929024820041377,1.0,2.6935514839715324,3.0,3.3817261299700476,2.0,4.477696436981205,5.0,5.826611245982349,1,[6.3770217089913785],[6.3770333679858595],0,,,,,,,,,,,,,,,,,,,,,,,,,,,,,,,,,,,,,,,,,,,,,,,,,,,,,,,SELECTING_FILES_SPAN,001,2024-08-19_13h08.45.276,SenstirEs_warningandinstructions,2024.1.4,None,2024-08-19 13h09.28.436192 +0200,
SEDOSO,,,,,0,1,1,20,,,,,,,,,141.96683326904895,,,,,,,,,,,,,,,,141.84549226501258,141.96683326904895,141.96683326904895,141.96683326904895,141.96683326904895,141.96683326904895,141.96683326904895,141.96683326904895,141.96683326904895,141.96683326904895,141.96683326904895,141.96683326904895,141.96683326904895,141.96683326904895,141.96683326904895,141.96683326904895,141.96683326904895,150.0767435580492,5.0,1.7306459909887053,4.0,2.3973787389695644,3.0,3.617903475998901,4.0,4.50059465598315,1.0,5.976992908981629,0.0,6.926955547009129,1,[8.144201596966013],[8.144211248960346],0,,,,,,,,,,,,,,,,,,,,,,,,,,,,,,,,,,,,,,,,,,,,,,,,,,,,,,,SELECTING_FILES_SPAN,001,2024-08-19_13h08.45.276,SenstirEs_warningandinstructions,2024.1.4,None,2024-08-19 13h09.28.436192 +0200,
NO COMESTIBLE,,,,,0,2,2,17,,,,,,,,,150.20262420800282,,,,,,,,,,,,,,,,150.07777043501846,150.20262420800282,150.20262420800282,150.20262420800282,150.20262420800282,150.20262420800282,150.20262420800282,150.20262420800282,150.20262420800282,150.20262420800282,150.20262420800282,150.20262420800282,150.20262420800282,150.20262420800282,150.20262420800282,150.20262420800282,150.20262420800282,157.09595182101475,1.0,1.8634991149883717,3.0,2.6010672470438294,2.0,3.1572770189959556,2.0,3.925472026981879,0.0,5.020556636038236,3.0,5.9005685719894245,1,[6.930669528956059],[6.930680087010842],0,,,,,,,,,,,,,,,,,,,,,,,,,,,,,,,,,,,,,,,,,,,,,,,,,,,,,,,SELECTING_FILES_SPAN,001,2024-08-19_13h08.45.276,SenstirEs_warningandinstructions,2024.1.4,None,2024-08-19 13h09.28.436192 +0200,
PODRÍA,,,,,0,3,3,14,,,,,,,,,157.23251060501207,,,,,,,,,,,,,,,,157.09698268101783,157.23251060501207,157.23251060501207,157.23251060501207,157.23251060501207,157.23251060501207,157.23251060501207,157.23251060501207,157.23251060501207,157.23251060501207,157.23251060501207,157.23251060501207,157.23251060501207,157.23251060501207,157.23251060501207,157.23251060501207,157.23251060501207,181.60694745602086,0.0,1.8759562370250933,3.0,11.943782609014306,2.0,13.488286070001777,4.0,14.43657159799477,3.0,15.183527379005682,4.0,23.541976945998613,1,[24.420555209973827],[24.42056468798546],0,,,,,,,,,,,,,,,,,,,,,,,,,,,,,,,,,,,,,,,,,,,,,,,,,,,,,,,SELECTING_FILES_SPAN,001,2024-08-19_13h08.45.276,SenstirEs_warningandinstructions,2024.1.4,None,2024-08-19 13h09.28.436192 +0200,
ALÉRGICO,,,,,0,4,4,18,,,,,,,,,181.73798408202128,,,,,,,,,,,,,,,,181.6079760430148,181.73798408202128,181.73798408202128,181.73798408202128,181.73798408202128,181.73798408202128,181.73798408202128,181.73798408202128,181.73798408202128,181.73798408202128,181.73798408202128,181.73798408202128,181.73798408202128,181.73798408202128,181.73798408202128,181.73798408202128,181.73798408202128,194.56475661101285,0.0,7.886549977003597,1.0,9.244513540004846,3.0,10.18519703502534,2.0,10.808747059025336,4.0,11.690383842971642,3.0,12.243898647022434,1,[12.86727253603749],[12.867283343046438],0,,,,,,,,,,,,,,,,,,,,,,,,,,,,,,,,,,,,,,,,,,,,,,,,,,,,,,,SELECTING_FILES_SPAN,001,2024-08-19_13h08.45.276,SenstirEs_warningandinstructions,2024.1.4,None,2024-08-19 13h09.28.436192 +0200,
GOLPE,,,,,0,5,5,13,,,,,,,,,194.69864632602548,,,,,,,,,,,,,,,,194.56595745502273,194.69864632602548,194.69864632602548,194.69864632602548,194.69864632602548,194.69864632602548,194.69864632602548,194.69864632602548,194.69864632602548,194.69864632602548,194.69864632602548,194.69864632602548,194.69864632602548,194.69864632602548,194.69864632602548,194.69864632602548,194.69864632602548,200.94571426603943,0.0,1.2798093209858052,2.0,2.143663930008188,1.0,2.709904457035009,4.0,4.069191085989587,2.0,4.758141365018673,4.0,5.741358976985794,1,[6.293345691985451],[6.293355891946703],0,,,,,,,,,,,,,,,,,,,,,,,,,,,,,,,,,,,,,,,,,,,,,,,,,,,,,,,SELECTING_FILES_SPAN,001,2024-08-19_13h08.45.276,SenstirEs_warningandinstructions,2024.1.4,None,2024-08-19 13h09.28.436192 +0200,
VISTA,,,,,0,6,6,21,,,,,,,,,201.0715792220435,,,,,,,,,,,,,,,,200.94691073399736,201.0715792220435,201.0715792220435,201.0715792220435,201.0715792220435,201.0715792220435,201.0715792220435,201.0715792220435,201.0715792220435,201.0715792220435,201.0715792220435,201.0715792220435,201.0715792220435,201.0715792220435,201.0715792220435,201.0715792220435,201.0715792220435,208.34074992500246,0.0,1.962380019016564,2.0,2.761442599003203,1.0,3.3802324279677123,4.0,4.263379110023379,3.0,5.689958053000737,2.0,6.426361992955208,1,[7.306353466003202],[7.306363117997535],0,,,,,,,,,,,,,,,,,,,,,,,,,,,,,,,,,,,,,,,,,,,,,,,,,,,,,,,SELECTING_FILES_SPAN,001,2024-08-19_13h08.45.276,SenstirEs_warningandinstructions,2024.1.4,None,2024-08-19 13h09.28.436192 +0200,
INCOMUNICABILIDAD,,,,,0,7,7,10,,,,,,,,,208.4673097790219,,,,,,,,,,,,,,,,208.34177317400463,208.4673097790219,208.4673097790219,208.4673097790219,208.4673097790219,208.4673097790219,208.4673097790219,208.4673097790219,208.4673097790219,208.4673097790219,208.4673097790219,208.4673097790219,208.4673097790219,208.4673097790219,208.4673097790219,208.4673097790219,208.4673097790219,215.57349255803274,0.0,1.7437556970398873,2.0,3.4459528760053217,1.0,4.0132719370303676,4.0,4.894152727967594,2.0,5.579948191007134,1.0,6.467942224000581,1,[7.144631181959994],[7.1446399269625545],0,,,,,,,,,,,,,,,,,,,,,,,,,,,,,,,,,,,,,,,,,,,,,,,,,,,,,,,SELECTING_FILES_SPAN,001,2024-08-19_13h08.45.276,SenstirEs_warningandinstructions,2024.1.4,None,2024-08-19 13h09.28.436192 +0200,
TELEVISION,,,,,0,8,8,15,,,,,,,,,215.7035377030261,,,,,,,,,,,,,,,,215.57451853802195,215.7035377030261,215.7035377030261,215.7035377030261,215.7035377030261,215.7035377030261,215.7035377030261,215.7035377030261,215.7035377030261,215.7035377030261,215.7035377030261,215.7035377030261,215.7035377030261,215.7035377030261,215.7035377030261,215.7035377030261,215.7035377030261,222.25570899504237,0.0,1.6670552439754829,3.0,2.4838148879935034,2.0,3.0445389630040154,5.0,3.978412923985161,4.0,4.727362257021014,3.0,5.75770813098643,1,[6.589265461021569],[6.589275146019645],0,,,,,,,,,,,,,,,,,,,,,,,,,,,,,,,,,,,,,,,,,,,,,,,,,,,,,,,SELECTING_FILES_SPAN,001,2024-08-19_13h08.45.276,SenstirEs_warningandinstructions,2024.1.4,None,2024-08-19 13h09.28.436192 +0200,
COLUMNA VERTEBRAL,,,,,0,9,9,24,,,,,,,,,222.38103276200127,,,,,,,,,,,,,,,,222.2570925920154,222.38103276200127,222.38103276200127,222.38103276200127,222.38103276200127,222.38103276200127,222.38103276200127,222.38103276200127,222.38103276200127,222.38103276200127,222.38103276200127,222.38103276200127,222.38103276200127,222.38103276200127,222.38103276200127,222.38103276200127,222.38103276200127,228.11136469704797,0.0,1.5830373829812743,1.0,2.3151617649709806,1.0,2.864129989990033,3.0,3.4835092599969357,2.0,4.181268951972015,4.0,5.425561581039801,1,[5.768866333004553],[5.768876694026403],0,,,,,,,,,,,,,,,,,,,,,,,,,,,,,,,,,,,,,,,,,,,,,,,,,,,,,,,SELECTING_FILES_SPAN,001,2024-08-19_13h08.45.276,SenstirEs_warningandinstructions,2024.1.4,None,2024-08-19 13h09.28.436192 +0200,
AGARRE,,,,,0,10,10,9,,,,,,,,,228.23772519401973,,,,,,,,,,,,,,,,228.11239080800442,228.23772519401973,228.23772519401973,228.23772519401973,228.23772519401973,228.23772519401973,228.23772519401973,228.23772519401973,228.23772519401973,228.23772519401973,228.23772519401973,228.23772519401973,228.23772519401973,228.23772519401973,228.23772519401973,228.23772519401973,228.23772519401973,234.1916674990207,1.0,1.3310391019913368,2.0,2.4991933800047264,1.0,2.981805233983323,3.0,3.4617387569742277,2.0,4.304225159983616,4.0,5.322160482988693,1,[5.992326008039527],[5.992336773022544],0,,,,,,,,,,,,,,,,,,,,,,,,,,,,,,,,,,,,,,,,,,,,,,,,,,,,,,,SELECTING_FILES_SPAN,001,2024-08-19_13h08.45.276,SenstirEs_warningandinstructions,2024.1.4,None,2024-08-19 13h09.28.436192 +0200,
VISIBLE,,,,,0,11,11,16,,,,,,,,,234.31466429500142,,,,,,,,,,,,,,,,234.1927459849976,234.31466429500142,234.31466429500142,234.31466429500142,234.31466429500142,234.31466429500142,234.31466429500142,234.31466429500142,234.31466429500142,234.31466429500142,234.31466429500142,234.31466429500142,234.31466429500142,234.31466429500142,234.31466429500142,234.31466429500142,234.31466429500142,242.30694420303917,1.0,1.5974507390055805,3.0,2.336057669017464,1.0,3.3489244660013355,3.0,4.158705540001392,2.0,5.7253382849739864,5.0,7.021771838015411,1,[8.02768489398295],[8.027694082004018],0,,,,,,,,,,,,,,,,,,,,,,,,,,,,,,,,,,,,,,,,,,,,,,,,,,,,,,,SELECTING_FILES_SPAN,001,2024-08-19_13h08.45.276,SenstirEs_warningandinstructions,2024.1.4,None,2024-08-19 13h09.28.436192 +0200,
ETIQUETA,,,,,0,12,12,22,,,,,,,,,242.43277599202702,,,,,,,,,,,,,,,,242.30796750402078,242.43277599202702,242.43277599202702,242.43277599202702,242.43277599202702,242.43277599202702,242.43277599202702,242.43277599202702,242.43277599202702,242.43277599202702,242.43277599202702,242.43277599202702,242.43277599202702,242.43277599202702,242.43277599202702,242.43277599202702,242.43277599202702,249.8914864230319,5.0,1.7357751170056872,3.0,2.3396162610151805,2.0,3.0944887200021185,5.0,4.030054078961257,3.0,4.579082112992182,1.0,6.008507330028806,1,[7.492939185991418],[7.492950185958762],0,,,,,,,,,,,,,,,,,,,,,,,,,,,,,,,,,,,,,,,,,,,,,,,,,,,,,,,SELECTING_FILES_SPAN,001,2024-08-19_13h08.45.276,SenstirEs_warningandinstructions,2024.1.4,None,2024-08-19 13h09.28.436192 +0200,
VISTA,,,,,0,13,13,7,,,,,,,,,250.01855839800555,,,,,,,,,,,,,,,,249.89252217899775,250.01855839800555,250.01855839800555,250.01855839800555,250.01855839800555,250.01855839800555,250.01855839800555,250.01855839800555,250.01855839800555,250.01855839800555,250.01855839800555,250.01855839800555,250.01855839800555,250.01855839800555,250.01855839800555,250.01855839800555,250.01855839800555,257.2075614960049,0.0,1.7511564919841476,2.0,2.3018970250268467,3.0,4.109745648049284,3.0,4.11270107497694,3.0,4.861381657945458,1.0,5.472832594008651,1,[7.227837352023926],[7.227846850990318],0,,,,,,,,,,,,,,,,,,,,,,,,,,,,,,,,,,,,,,,,,,,,,,,,,,,,,,,SELECTING_FILES_SPAN,001,2024-08-19_13h08.45.276,SenstirEs_warningandinstructions,2024.1.4,None,2024-08-19 13h09.28.436192 +0200,
TIRADO,,,,,0,14,14,0,,,,,,,,,257.3317490910413,,,,,,,,,,,,,,,,257.2085882210522,257.3317490910413,257.3317490910413,257.3317490910413,257.3317490910413,257.3317490910413,257.3317490910413,257.3317490910413,257.3317490910413,257.3317490910413,257.3317490910413,257.3317490910413,257.3317490910413,257.3317490910413,257.3317490910413,257.3317490910413,257.3317490910413,263.27704148204066,1.0,1.4007381239789538,5.0,2.3176920959958807,4.0,3.077826867986005,3.0,3.8951304699876346,4.0,4.659860572020989,2.0,5.282625253021251,1,[5.981797988002654],[5.981808300013654],0,,,,,,,,,,,,,,,,,,,,,,,,,,,,,,,,,,,,,,,,,,,,,,,,,,,,,,,SELECTING_FILES_SPAN,001,2024-08-19_13h08.45.276,SenstirEs_warningandinstructions,2024.1.4,None,2024-08-19 13h09.28.436192 +0200,
CIELOS,,,,,0,15,15,6,,,,,,,,,263.3997761339997,,,,,,,,,,,,,,,,263.27806888503255,263.3997761339997,263.3997761339997,263.3997761339997,263.3997761339997,263.3997761339997,263.3997761339997,263.3997761339997,263.3997761339997,263.3997761339997,263.3997761339997,263.3997761339997,263.3997761339997,263.3997761339997,263.3997761339997,263.3997761339997,263.3997761339997,269.3464559389977,0.0,1.1979377469979227,2.0,1.8119105559890158,1.0,2.683752363023814,3.0,3.4315361289773136,2.0,4.060145171999466,5.0,5.1074826319818385,1,[5.979891931987368],[5.9799013389856555],0,,,,,,,,,,,,,,,,,,,,,,,,,,,,,,,,,,,,,,,,,,,,,,,,,,,,,,,SELECTING_FILES_SPAN,001,2024-08-19_13h08.45.276,SenstirEs_warningandinstructions,2024.1.4,None,2024-08-19 13h09.28.436192 +0200,
BONITO,,,,,0,16,16,19,,,,,,,,,269.4810066950158,,,,,,,,,,,,,,,,269.3476434330223,269.4810066950158,269.4810066950158,269.4810066950158,269.4810066950158,269.4810066950158,269.4810066950158,269.4810066950158,269.4810066950158,269.4810066950158,269.4810066950158,269.4810066950158,269.4810066950158,269.4810066950158,269.4810066950158,269.4810066950158,269.4810066950158,276.5729392740177,1.0,1.624436678015627,3.0,2.573234807990957,1.0,4.139290324994363,3.0,4.941982126969378,3.0,5.621855684032198,4.0,6.332416761026252,1,[7.138391310989391],[7.138402362994384],0,,,,,,,,,,,,,,,,,,,,,,,,,,,,,,,,,,,,,,,,,,,,,,,,,,,,,,,SELECTING_FILES_SPAN,001,2024-08-19_13h08.45.276,SenstirEs_warningandinstructions,2024.1.4,None,2024-08-19 13h09.28.436192 +0200,
PARAPSICOLOGÍA,,,,,0,17,17,1,,,,,,,,,276.70020106603624,,,,,,,,,,,,,,,,276.57396587904077,276.70020106603624,276.70020106603624,276.70020106603624,276.70020106603624,276.70020106603624,276.70020106603624,276.70020106603624,276.70020106603624,276.70020106603624,276.70020106603624,276.70020106603624,276.70020106603624,276.70020106603624,276.70020106603624,276.70020106603624,276.70020106603624,285.3791227490292,5.0,2.4696533320238814,3.0,3.0274311769753695,5.0,3.7132629560073838,3.0,4.935623227036558,4.0,6.468442787998356,3.0,7.159260644984897,1,[8.717365906981286],[8.717376603977755],0,,,,,,,,,,,,,,,,,,,,,,,,,,,,,,,,,,,,,,,,,,,,,,,,,,,,,,,SELECTING_FILES_SPAN,001,2024-08-19_13h08.45.276,SenstirEs_warningandinstructions,2024.1.4,None,2024-08-19 13h09.28.436192 +0200,
ENROSCARSE,,,,,0,18,18,23,,,,,,,,,285.51457072404446,,,,,,,,,,,,,,,,285.3801532930229,285.51457072404446,285.51457072404446,285.51457072404446,285.51457072404446,285.51457072404446,285.51457072404446,285.51457072404446,285.51457072404446,285.51457072404446,285.51457072404446,285.51457072404446,285.51457072404446,285.51457072404446,285.51457072404446,285.51457072404446,285.51457072404446,294.1884354900103,0.0,1.6777989299735054,1.0,2.296256668982096,1.0,2.849591150006745,4.0,6.693294748954941,3.0,7.434938326012343,2.0,7.9864393710158765,1,[8.718681713973638],[8.718691624992061],0,,,,,,,,,,,,,,,,,,,,,,,,,,,,,,,,,,,,,,,,,,,,,,,,,,,,,,,SELECTING_FILES_SPAN,001,2024-08-19_13h08.45.276,SenstirEs_warningandinstructions,2024.1.4,None,2024-08-19 13h09.28.436192 +0200,
YOUTUBE,,,,,0,19,19,11,,,,,,,,,294.31810269504786,,,,,,,,,,,,,,,,294.18946514400886,294.31810269504786,294.31810269504786,294.31810269504786,294.31810269504786,294.31810269504786,294.31810269504786,294.31810269504786,294.31810269504786,294.31810269504786,294.31810269504786,294.31810269504786,294.31810269504786,294.31810269504786,294.31810269504786,294.31810269504786,294.31810269504786,299.6237983070314,1.0,1.1996053489856422,3.0,1.8132622960256413,1.0,2.429716669023037,4.0,3.379257560998667,3.0,4.378297048970126,3.0,4.380286988976877,1,[5.3441690059844404],[5.344179556006566],0,,,,,,,,,,,,,,,,,,,,,,,,,,,,,,,,,,,,,,,,,,,,,,,,,,,,,,,SELECTING_FILES_SPAN,001,2024-08-19_13h08.45.276,SenstirEs_warningandinstructions,2024.1.4,None,2024-08-19 13h09.28.436192 +0200,
AFLOJAR,,,,,0,20,20,12,,,,,,,,,299.7556674689986,,,,,,,,,,,,,,,,299.6248213640065,299.7556674689986,299.7556674689986,299.7556674689986,299.7556674689986,299.7556674689986,299.7556674689986,299.7556674689986,299.7556674689986,299.7556674689986,299.7556674689986,299.7556674689986,299.7556674689986,299.7556674689986,299.7556674689986,299.7556674689986,299.7556674689986,306.22793289500987,4.0,2.046944819041528,4.0,2.0498426469857804,3.0,3.342170764983166,4.0,2.0494520040228963,0.0,5.4143496379838325,4.0,1.9696205949876457,1,[6.5112122489954345],[6.511226564005483],0,,,,,,,,,,,,,,,,,,,,,,,,,,,,,,,,,,,,,,,,,,,,,,,,,,,,,,,SELECTING_FILES_SPAN,001,2024-08-19_13h08.45.276,SenstirEs_warningandinstructions,2024.1.4,None,2024-08-19 13h09.28.436192 +0200,
PICAPORTE,,,,,0,21,21,4,,,,,,,,,306.3497646780452,,,,,,,,,,,,,,,,306.2289536250173,306.3497646780452,306.3497646780452,306.3497646780452,306.3497646780452,306.3497646780452,306.3497646780452,306.3497646780452,306.3497646780452,306.3497646780452,306.3497646780452,306.3497646780452,306.3497646780452,306.3497646780452,306.3497646780452,306.3497646780452,306.3497646780452,312.47345504903933,0.0,1.2087653980124742,3.0,1.7483566890005022,1.0,2.7659257060149685,3.0,3.388616597978398,3.0,4.137630256998818,5.0,5.619247427966911,1,[6.158254891983233],[6.158265573962126],0,,,,,,,,,,,,,,,,,,,,,,,,,,,,,,,,,,,,,,,,,,,,,,,,,,,,,,,SELECTING_FILES_SPAN,001,2024-08-19_13h08.45.276,SenstirEs_warningandinstructions,2024.1.4,None,2024-08-19 13h09.28.436192 +0200,
PESIMISTA,,,,,0,22,22,3,,,,,,,,,312.60114250704646,,,,,,,,,,,,,,,,312.47447177703725,312.60114250704646,312.60114250704646,312.60114250704646,312.60114250704646,312.60114250704646,312.60114250704646,312.60114250704646,312.60114250704646,312.60114250704646,312.60114250704646,312.60114250704646,312.60114250704646,312.60114250704646,312.60114250704646,312.60114250704646,312.60114250704646,321.2066663680016,0.0,2.0700277980067767,1.0,2.7305158330127597,2.0,3.9461222360259853,1.0,4.512063106987625,3.0,5.890970682026818,2.0,7.607808509026654,1,[8.643955747014843],[8.643965936964378],0,,,,,,,,,,,,,,,,,,,,,,,,,,,,,,,,,,,,,,,,,,,,,,,,,,,,,,,SELECTING_FILES_SPAN,001,2024-08-19_13h08.45.276,SenstirEs_warningandinstructions,2024.1.4,None,2024-08-19 13h09.28.436192 +0200,
MALA PERSONA,,,,,0,23,23,5,,,,,,,,,321.33001187903574,,,,,,,,,,,,,,,,321.20768212503754,321.33001187903574,321.33001187903574,321.33001187903574,321.33001187903574,321.33001187903574,321.33001187903574,321.33001187903574,321.33001187903574,321.33001187903574,321.33001187903574,321.33001187903574,321.33001187903574,321.33001187903574,321.33001187903574,321.33001187903574,321.33001187903574,331.54603500303347,2.0,3.5654516330105253,3.0,5.182794844964519,2.0,3.4974948989693075,5.0,6.3156674620113336,3.0,7.8131919269799255,2.0,9.328607481031213,1,[10.247004071017727],[10.247016008011997],0,,,,,,,,,,,,,,,,,,,,,,,,,,,,,,,,,,,,,,,,,,,,,,,,,,,,,,,SELECTING_FILES_SPAN,001,2024-08-19_13h08.45.276,SenstirEs_warningandinstructions,2024.1.4,None,2024-08-19 13h09.28.436192 +0200,
PELIGRO,,,,,0,24,24,8,,,,,,,,,331.6801822039997,,,,,,,,,,,,,,,,331.54708670801483,331.6801822039997,331.6801822039997,331.6801822039997,331.6801822039997,331.6801822039997,331.6801822039997,331.6801822039997,331.6801822039997,331.6801822039997,331.6801822039997,331.6801822039997,331.6801822039997,331.6801822039997,331.6801822039997,331.6801822039997,331.6801822039997,337.8901672119973,0.0,1.4748974700341932,2.0,2.274957834975794,1.0,2.835286278044805,5.0,3.989842923998367,4.0,4.603419652034063,3.0,5.300914463005029,1,[6.253365033015143],[6.253374666033778],0,,,,,,,,,,,,,,,,,,,,,,,,,,,,,,,,,,,,,,,,,,,,,,,,,,,,,,,SELECTING_FILES_SPAN,001,2024-08-19_13h08.45.276,SenstirEs_warningandinstructions,2024.1.4,None,2024-08-19 13h09.28.436192 +0200,
,,,,,,,,,,,,,,,,,,,,,,,,,,,,,,,,,,,,,,,,,,,,,,,,,,,,,,,,,,,,,,,,,,,,,,,,,,,,,,,,,,,,337.89110113005154,337.94627442903584,337.94627442903584,337.94627442903584,337.94627442903584,339.3187954790192,1,[1.4219715890358202],[1.4219824090250768],0,,,0,,,,,,,,,,,,,,,,,,,,,,,,,SELECTING_FILES_SPAN,001,2024-08-19_13h08.45.276,SenstirEs_warningandinstructions,2024.1.4,None,2024-08-19 13h09.28.436192 +0200,
CONDUCTOR DE AUTOBÚS,,,,,,,,,0,0,0,32,,,,,339.45248113101115,,,,,,,,,,,,,,,,339.32593763101613,339.45248113101115,339.45248113101115,339.45248113101115,339.45248113101115,339.45248113101115,339.45248113101115,339.45248113101115,339.45248113101115,339.45248113101115,339.45248113101115,339.45248113101115,339.45248113101115,339.45248113101115,339.45248113101115,339.45248113101115,339.45248113101115,346.88923628401244,0.0,1.7919637539889663,2.0,2.993480273988098,2.0,4.273805606004316,3.0,5.090092069003731,2.0,5.835669421008788,3.0,6.842321506992448,1,[7.473805214045569],[7.47381514305016],0,,,,,,,,,,,,,,,,,,,,,,,,,,,,,,,,,,,,,,,,,,,,,,,,,,,,,,,SELECTING_FILES_SPAN,001,2024-08-19_13h08.45.276,SenstirEs_warningandinstructions,2024.1.4,None,2024-08-19 13h09.28.436192 +0200,
SENTIR,,,,,,,,,0,1,1,25,,,,,347.0138365980238,,,,,,,,,,,,,,,,346.8909014860401,347.0138365980238,347.0138365980238,347.0138365980238,347.0138365980238,347.0138365980238,347.0138365980238,347.0138365980238,347.0138365980238,347.0138365980238,347.0138365980238,347.0138365980238,347.0138365980238,347.0138365980238,347.0138365980238,347.0138365980238,347.0138365980238,352.30761893303134,2.0,1.2671671169809997,1.0,2.0825413840357214,None,None,3.0,2.826620678009931,2.0,3.575623166980222,5.0,4.790559990971815,1,[5.32953445694875],[5.3295482689864],0,,,,,,,,,,,,,,,,,,,,,,,,,,,,,,,,,,,,,,,,,,,,,,,,,,,,,,,SELECTING_FILES_SPAN,001,2024-08-19_13h08.45.276,SenstirEs_warningandinstructions,2024.1.4,None,2024-08-19 13h09.28.436192 +0200,
ASEGURAR,,,,,,,,,0,2,2,21,,,,,352.4324851410347,,,,,,,,,,,,,,,,352.3089482030482,352.4324851410347,352.4324851410347,352.4324851410347,352.4324851410347,352.4324851410347,352.4324851410347,352.4324851410347,352.4324851410347,352.4324851410347,352.4324851410347,352.4324851410347,352.4324851410347,352.4324851410347,352.4324851410347,352.4324851410347,352.4324851410347,362.06075207400136,1.0,2.1312961039948277,1.0,3.6654256019974127,3.0,5.511052634974476,3.0,6.281151810020674,1.0,7.115566653024871,2.0,8.027372502023354,1,[9.665398735029157],[9.665409610024653],0,,,,,,,,,,,,,,,,,,,,,,,,,,,,,,,,,,,,,,,,,,,,,,,,,,,,,,,SELECTING_FILES_SPAN,001,2024-08-19_13h08.45.276,SenstirEs_warningandinstructions,2024.1.4,None,2024-08-19 13h09.28.436192 +0200,
MASAJE,,,,,,,,,0,3,3,7,,,,,362.18385979899904,,,,,,,,,,,,,,,,362.0617675730027,362.18385979899904,362.18385979899904,362.18385979899904,362.18385979899904,362.18385979899904,362.18385979899904,362.18385979899904,362.18385979899904,362.18385979899904,362.18385979899904,362.18385979899904,362.18385979899904,362.18385979899904,362.18385979899904,362.18385979899904,362.18385979899904,369.2586682170513,4.0,1.6588213379727677,3.0,2.4651659600203857,2.0,3.292608226009179,5.0,4.571034413005691,2.0,5.659745911019854,3.0,6.427434047043789,1,[7.109450044983532],[7.109460499021225],0,,,,,,,,,,,,,,,,,,,,,,,,,,,,,,,,,,,,,,,,,,,,,,,,,,,,,,,SELECTING_FILES_SPAN,001,2024-08-19_13h08.45.276,SenstirEs_warningandinstructions,2024.1.4,None,2024-08-19 13h09.28.436192 +0200,
MOUNMENTO,,,,,,,,,0,4,4,33,,,,,369.3804395199986,,,,,,,,,,,,,,,,369.25970687903464,369.3804395199986,369.3804395199986,369.3804395199986,369.3804395199986,369.3804395199986,369.3804395199986,369.3804395199986,369.3804395199986,369.3804395199986,369.3804395199986,369.3804395199986,369.3804395199986,369.3804395199986,369.3804395199986,369.3804395199986,369.3804395199986,374.90938884200295,0.0,1.2013156909961253,1.0,1.746869999973569,0.0,2.280084330996033,4.0,3.3437797999940813,3.0,4.1553776519722305,4.0,5.025851342012174,1,[5.562229779025074],[5.562239449995104],0,,,,,,,,,,,,,,,,,,,,,,,,,,,,,,,,,,,,,,,,,,,,,,,,,,,,,,,SELECTING_FILES_SPAN,001,2024-08-19_13h08.45.276,SenstirEs_warningandinstructions,2024.1.4,None,2024-08-19 13h09.28.436192 +0200,
SITIO WEB,,,,,,,,,0,5,5,30,,,,,375.03619752801023,,,,,,,,,,,,,,,,374.9104073769995,375.03619752801023,375.03619752801023,375.03619752801023,375.03619752801023,375.03619752801023,375.03619752801023,375.03619752801023,375.03619752801023,375.03619752801023,375.03619752801023,375.03619752801023,375.03619752801023,375.03619752801023,375.03619752801023,375.03619752801023,375.03619752801023,382.43843749305233,0.0,1.5257296740310267,1.0,2.194885916018393,1.0,3.2560481920372695,4.0,5.207364193978719,3.0,5.819110928976443,4.0,6.433937366004102,1,[7.43933363398537],[7.43934372602962],0,,,,,,,,,,,,,,,,,,,,,,,,,,,,,,,,,,,,,,,,,,,,,,,,,,,,,,,SELECTING_FILES_SPAN,001,2024-08-19_13h08.45.276,SenstirEs_warningandinstructions,2024.1.4,None,2024-08-19 13h09.28.436192 +0200,
ÁNGEL GUARDIAN,,,,,,,,,0,6,6,13,,,,,382.5674961760524,,,,,,,,,,,,,,,,382.43946208199486,382.5674961760524,382.5674961760524,382.5674961760524,382.5674961760524,382.5674961760524,382.5674961760524,382.5674961760524,382.5674961760524,382.5674961760524,382.5674961760524,382.5674961760524,382.5674961760524,382.5674961760524,382.5674961760524,382.5674961760524,382.5674961760524,389.10756700101774,2.0,1.4633013290003873,1.0,2.1960481560090557,3.0,3.147021162963938,2.0,3.6995897500310093,5.0,4.743541920033749,3.0,5.428229090000968,1,[6.578112869989127],[6.578124995983671],0,,,,,,,,,,,,,,,,,,,,,,,,,,,,,,,,,,,,,,,,,,,,,,,,,,,,,,,SELECTING_FILES_SPAN,001,2024-08-19_13h08.45.276,SenstirEs_warningandinstructions,2024.1.4,None,2024-08-19 13h09.28.436192 +0200,
TOMILLO,,,,,,,,,0,7,7,4,,,,,389.22987213300075,,,,,,,,,,,,,,,,389.1085781470174,389.22987213300075,389.22987213300075,389.22987213300075,389.22987213300075,389.22987213300075,389.22987213300075,389.22987213300075,389.22987213300075,389.22987213300075,389.22987213300075,389.22987213300075,389.22987213300075,389.22987213300075,389.22987213300075,389.22987213300075,389.22987213300075,395.896898742998,0.0,1.2143090480240062,1.0,2.0187386460020207,3.0,2.909305578970816,2.0,3.8100899410201237,4.0,5.359503621002659,3.0,6.1253415970131755,1,[6.701907325012144],[6.701917600003071],0,,,,,,,,,,,,,,,,,,,,,,,,,,,,,,,,,,,,,,,,,,,,,,,,,,,,,,,SELECTING_FILES_SPAN,001,2024-08-19_13h08.45.276,SenstirEs_warningandinstructions,2024.1.4,None,2024-08-19 13h09.28.436192 +0200,
ABRIGARSE,,,,,,,,,0,8,8,8,,,,,396.0292242190335,,,,,,,,,,,,,,,,395.89796977402875,396.0292242190335,396.0292242190335,396.0292242190335,396.0292242190335,396.0292242190335,396.0292242190335,396.0292242190335,396.0292242190335,396.0292242190335,396.0292242190335,396.0292242190335,396.0292242190335,396.0292242190335,396.0292242190335,396.0292242190335,396.0292242190335,403.17257106804755,1.0,1.354388799984008,2.0,2.7028853660449386,None,None,0.0,3.6519557849969715,4.0,4.340740597981494,2.0,5.705658585007768,1,[7.188153741997667],[7.188163126993459],0,,,,,,,,,,,,,,,,,,,,,,,,,,,,,,,,,,,,,,,,,,,,,,,,,,,,,,,SELECTING_FILES_SPAN,001,2024-08-19_13h08.45.276,SenstirEs_warningandinstructions,2024.1.4,None,2024-08-19 13h09.28.436192 +0200,
RETOMAR,,,,,,,,,0,9,9,15,,,,,403.29944841604447,,,,,,,,,,,,,,,,403.173678458028,403.29944841604447,403.29944841604447,403.29944841604447,403.29944841604447,403.29944841604447,403.29944841604447,403.29944841604447,403.29944841604447,403.29944841604447,403.29944841604447,403.29944841604447,403.29944841604447,403.29944841604447,403.29944841604447,403.29944841604447,403.29944841604447,410.6241975270095,4.0,1.7627082130056806,3.0,2.7677127049537376,1.0,3.5620350639801472,3.0,4.640704767021816,1.0,5.127528169017751,4.0,6.020220956008416,1,[7.36346364003839],[7.363474448036868],0,,,,,,,,,,,,,,,,,,,,,,,,,,,,,,,,,,,,,,,,,,,,,,,,,,,,,,,SELECTING_FILES_SPAN,001,2024-08-19_13h08.45.276,SenstirEs_warningandinstructions,2024.1.4,None,2024-08-19 13h09.28.436192 +0200,
JURAR,,,,,,,,,0,10,10,14,,,,,410.75092943001073,,,,,,,,,,,,,,,,410.6255022100522,410.75092943001073,410.75092943001073,410.75092943001073,410.75092943001073,410.75092943001073,410.75092943001073,410.75092943001073,410.75092943001073,410.75092943001073,410.75092943001073,410.75092943001073,410.75092943001073,410.75092943001073,410.75092943001073,410.75092943001073,410.75092943001073,416.1935911850305,1.0,1.4600765730137937,3.0,2.1951610569958575,2.0,2.8598933669854887,1.0,3.5255617490038276,3.0,4.194118669023737,2.0,5.074236788030248,1,[5.480068975011818],[5.480078938009683],0,,,,,,,,,,,,,,,,,,,,,,,,,,,,,,,,,,,,,,,,,,,,,,,,,,,,,,,SELECTING_FILES_SPAN,001,2024-08-19_13h08.45.276,SenstirEs_warningandinstructions,2024.1.4,None,2024-08-19 13h09.28.436192 +0200,
CÓDIGO DE BARRAS,,,,,,,,,0,11,11,16,,,,,416.3189471850055,,,,,,,,,,,,,,,,416.19462782499613,416.3189471850055,416.3189471850055,416.3189471850055,416.3189471850055,416.3189471850055,416.3189471850055,416.3189471850055,416.3189471850055,416.3189471850055,416.3189471850055,416.3189471850055,416.3189471850055,416.3189471850055,416.3189471850055,416.3189471850055,416.3189471850055,422.1770975170075,0.0,1.3234299650066532,3.0,1.9897077840287238,1.0,2.855491509020794,3.0,3.4731996720074676,4.0,5.217931445979048,5.0,4.736880417971406,1,[5.8938541450188495],[5.893863026984036],0,,,,,,,,,,,,,,,,,,,,,,,,,,,,,,,,,,,,,,,,,,,,,,,,,,,,,,,SELECTING_FILES_SPAN,001,2024-08-19_13h08.45.276,SenstirEs_warningandinstructions,2024.1.4,None,2024-08-19 13h09.28.436192 +0200,
NO,,,,,,,,,0,12,12,11,,,,,422.2979545679991,,,,,,,,,,,,,,,,422.1785020370153,422.2979545679991,422.2979545679991,422.2979545679991,422.2979545679991,422.2979545679991,422.2979545679991,422.2979545679991,422.2979545679991,422.2979545679991,422.2979545679991,422.2979545679991,422.2979545679991,422.2979545679991,422.2979545679991,422.2979545679991,422.2979545679991,427.7100397020113,0.0,1.7224979259772226,0.0,2.125034661963582,3.0,2.9267330950242467,2.0,3.4601045210147277,3.0,4.339941375015769,2.0,4.822036947996821,1,[5.445171992992982],[5.445182312978432],0,,,,,,,,,,,,,,,,,,,,,,,,,,,,,,,,,,,,,,,,,,,,,,,,,,,,,,,SELECTING_FILES_SPAN,001,2024-08-19_13h08.45.276,SenstirEs_warningandinstructions,2024.1.4,None,2024-08-19 13h09.28.436192 +0200,
DURA,,,,,,,,,0,13,13,26,,,,,427.8371211090125,,,,,,,,,,,,,,,,427.71104778000154,427.8371211090125,427.8371211090125,427.8371211090125,427.8371211090125,427.8371211090125,427.8371211090125,427.8371211090125,427.8371211090125,427.8371211090125,427.8371211090125,427.8371211090125,427.8371211090125,427.8371211090125,427.8371211090125,427.8371211090125,427.8371211090125,433.7388013700256,4.0,2.107604013988748,1.0,3.2449414770235308,4.0,2.108575075981207,1.0,4.053739942028187,4.0,5.057168997998815,3.0,5.598408788966481,1,[5.936184393009171],[5.936194506997708],0,,,,,,,,,,,,,,,,,,,,,,,,,,,,,,,,,,,,,,,,,,,,,,,,,,,,,,,SELECTING_FILES_SPAN,001,2024-08-19_13h08.45.276,SenstirEs_warningandinstructions,2024.1.4,None,2024-08-19 13h09.28.436192 +0200,
SUBLIMACIÓN,,,,,,,,,0,14,14,29,,,,,433.86574560700683,,,,,,,,,,,,,,,,433.7399073920096,433.86574560700683,433.86574560700683,433.86574560700683,433.86574560700683,433.86574560700683,433.86574560700683,433.86574560700683,433.86574560700683,433.86574560700683,433.86574560700683,433.86574560700683,433.86574560700683,433.86574560700683,433.86574560700683,433.86574560700683,433.86574560700683,440.23688124504406,4.0,4.133629815012682,1.0,3.327370968007017,2.0,2.7287887419806793,4.0,5.808886093960609,3.0,1.6504537159926258,3.0,1.6529702919651754,1,[6.410296018002555],[6.410306554986164],0,,,,,,,,,,,,,,,,,,,,,,,,,,,,,,,,,,,,,,,,,,,,,,,,,,,,,,,SELECTING_FILES_SPAN,001,2024-08-19_13h08.45.276,SenstirEs_warningandinstructions,2024.1.4,None,2024-08-19 13h09.28.436192 +0200,
EXCRETOR,,,,,,,,,0,15,15,6,,,,,440.36414803401567,,,,,,,,,,,,,,,,440.2378816319979,440.36414803401567,440.36414803401567,440.36414803401567,440.36414803401567,440.36414803401567,440.36414803401567,440.36414803401567,440.36414803401567,440.36414803401567,440.36414803401567,440.36414803401567,440.36414803401567,440.36414803401567,440.36414803401567,440.36414803401567,440.36414803401567,449.3045980660245,0.0,2.664249367022421,5.0,3.533529487962369,1.0,4.266673550999258,4.0,5.212239410029724,2.0,6.016565088997595,3.0,7.033167090034112,1,[8.978457355988212],[8.978467439010274],0,,,,,,,,,,,,,,,,,,,,,,,,,,,,,,,,,,,,,,,,,,,,,,,,,,,,,,,SELECTING_FILES_SPAN,001,2024-08-19_13h08.45.276,SenstirEs_warningandinstructions,2024.1.4,None,2024-08-19 13h09.28.436192 +0200,
CERNIR,,,,,,,,,0,16,16,20,,,,,449.4319372490281,,,,,,,,,,,,,,,,449.30560535599943,449.4319372490281,449.4319372490281,449.4319372490281,449.4319372490281,449.4319372490281,449.4319372490281,449.4319372490281,449.4319372490281,449.4319372490281,449.4319372490281,449.4319372490281,449.4319372490281,449.4319372490281,449.4319372490281,449.4319372490281,449.4319372490281,456.6536811750266,0.0,1.129815019958187,1.0,1.7965999830048531,None,None,4.0,3.5261428710073233,2.0,4.6593454529647715,0.0,6.129020849009976,1,[7.259680023009423],[7.2596907209954225],0,,,,,,,,,,,,,,,,,,,,,,,,,,,,,,,,,,,,,,,,,,,,,,,,,,,,,,,SELECTING_FILES_SPAN,001,2024-08-19_13h08.45.276,SenstirEs_warningandinstructions,2024.1.4,None,2024-08-19 13h09.28.436192 +0200,
COLORES,,,,,,,,,0,17,17,24,,,,,456.77956593304407,,,,,,,,,,,,,,,,456.65480759501224,456.77956593304407,456.77956593304407,456.77956593304407,456.77956593304407,456.77956593304407,456.77956593304407,456.77956593304407,456.77956593304407,456.77956593304407,456.77956593304407,456.77956593304407,456.77956593304407,456.77956593304407,456.77956593304407,456.77956593304407,456.77956593304407,461.85561135801254,1.0,1.265063947008457,4.0,1.8840658059925772,2.0,2.4139860299765132,3.0,3.0241127150366083,2.0,4.036497517023236,5.0,4.698990207980387,1,[5.112764944031369],[5.112774517037906],0,,,,,,,,,,,,,,,,,,,,,,,,,,,,,,,,,,,,,,,,,,,,,,,,,,,,,,,SELECTING_FILES_SPAN,001,2024-08-19_13h08.45.276,SenstirEs_warningandinstructions,2024.1.4,None,2024-08-19 13h09.28.436192 +0200,
ATERCIOPELADO,,,,,,,,,0,18,18,28,,,,,461.98065979301464,,,,,,,,,,,,,,,,461.8566192300059,461.98065979301464,461.98065979301464,461.98065979301464,461.98065979301464,461.98065979301464,461.98065979301464,461.98065979301464,461.98065979301464,461.98065979301464,461.98065979301464,461.98065979301464,461.98065979301464,461.98065979301464,461.98065979301464,461.98065979301464,461.98065979301464,467.9262916960288,0.0,1.5986014600493945,3.0,2.3313735789852217,1.0,2.8624757059733383,3.0,3.797775109007489,5.0,5.08915931195952,4.0,5.629052483011037,1,[5.981693200010341],[5.981703096011188],0,,,,,,,,,,,,,,,,,,,,,,,,,,,,,,,,,,,,,,,,,,,,,,,,,,,,,,,SELECTING_FILES_SPAN,001,2024-08-19_13h08.45.276,SenstirEs_warningandinstructions,2024.1.4,None,2024-08-19 13h09.28.436192 +0200,
DOLOROSO,,,,,,,,,0,19,19,2,,,,,468.0516923770192,,,,,,,,,,,,,,,,467.9273013320053,468.0516923770192,468.0516923770192,468.0516923770192,468.0516923770192,468.0516923770192,468.0516923770192,468.0516923770192,468.0516923770192,468.0516923770192,468.0516923770192,468.0516923770192,468.0516923770192,468.0516923770192,468.0516923770192,468.0516923770192,468.0516923770192,473.9241046590032,1.0,1.3241354710189626,2.0,2.3256265149684623,1.0,2.854279370047152,2.0,3.6554404090275057,1.0,4.603228869033046,1.0,5.088031799998134,1,[5.908777758013457],[5.908787782012951],0,,,,,,,,,,,,,,,,,,,,,,,,,,,,,,,,,,,,,,,,,,,,,,,,,,,,,,,SELECTING_FILES_SPAN,001,2024-08-19_13h08.45.276,SenstirEs_warningandinstructions,2024.1.4,None,2024-08-19 13h09.28.436192 +0200,
LISO,,,,,,,,,0,20,20,1,,,,,474.04533619299764,,,,,,,,,,,,,,,,473.9252950120135,474.04533619299764,474.04533619299764,474.04533619299764,474.04533619299764,474.04533619299764,474.04533619299764,474.04533619299764,474.04533619299764,474.04533619299764,474.04533619299764,474.04533619299764,474.04533619299764,474.04533619299764,474.04533619299764,474.04533619299764,474.04533619299764,479.85698398703244,0.0,1.5780271569965407,4.0,2.3780423200223595,2.0,2.9787185990135185,3.0,3.6562073610257357,2.0,4.195376490009949,1.0,5.279362078988925,1,[5.846477980026975],[5.8464883410488255],0,,,,,,,,,,,,,,,,,,,,,,,,,,,,,,,,,,,,,,,,,,,,,,,,,,,,,,,SELECTING_FILES_SPAN,001,2024-08-19_13h08.45.276,SenstirEs_warningandinstructions,2024.1.4,None,2024-08-19 13h09.28.436192 +0200,
VER,,,,,,,,,0,21,21,18,,,,,479.980978111038,,,,,,,,,,,,,,,,479.85799674800364,479.980978111038,479.980978111038,479.980978111038,479.980978111038,479.980978111038,479.980978111038,479.980978111038,479.980978111038,479.980978111038,479.980978111038,479.980978111038,479.980978111038,479.980978111038,479.980978111038,479.980978111038,479.980978111038,485.97261758102104,0.0,1.2449980090023018,4.0,2.1140693449997343,2.0,3.44385392597178,1.0,3.9789752539945766,4.0,4.589751618972514,2.0,5.272177110018674,1,[6.026592410984449],[6.026601919031236],0,,,,,,,,,,,,,,,,,,,,,,,,,,,,,,,,,,,,,,,,,,,,,,,,,,,,,,,SELECTING_FILES_SPAN,001,2024-08-19_13h08.45.276,SenstirEs_warningandinstructions,2024.1.4,None,2024-08-19 13h09.28.436192 +0200,
VISTA LATERAL,,,,,,,,,0,22,22,0,,,,,486.0993044510251,,,,,,,,,,,,,,,,485.9736182820052,486.0993044510251,486.0993044510251,486.0993044510251,486.0993044510251,486.0993044510251,486.0993044510251,486.0993044510251,486.0993044510251,486.0993044510251,486.0993044510251,486.0993044510251,486.0993044510251,486.0993044510251,486.0993044510251,486.0993044510251,486.0993044510251,491.7716925590066,1.0,1.3959882730268873,4.0,2.6623917520046234,None,None,1.0,3.738312016997952,4.0,4.554306692036334,2.0,5.160101280955132,1,[5.70984214899363],[5.709852972999215],0,,,,,,,,,,,,,,,,,,,,,,,,,,,,,,,,,,,,,,,,,,,,,,,,,,,,,,,SELECTING_FILES_SPAN,001,2024-08-19_13h08.45.276,SenstirEs_warningandinstructions,2024.1.4,None,2024-08-19 13h09.28.436192 +0200,
COXIS,,,,,,,,,0,23,23,9,,,,,491.89837254805025,,,,,,,,,,,,,,,,491.772752467019,491.89837254805025,491.89837254805025,491.89837254805025,491.89837254805025,491.89837254805025,491.89837254805025,491.89837254805025,491.89837254805025,491.89837254805025,491.89837254805025,491.89837254805025,491.89837254805025,491.89837254805025,491.89837254805025,491.89837254805025,491.89837254805025,497.0420953690191,0.0,1.1309579189983197,4.0,1.9282261990010738,2.0,2.86235792998923,1.0,3.407310013019014,4.0,4.080353512021247,2.0,4.695914046955295,1,[5.183568765001837],[5.183582391007803],0,,,,,,,,,,,,,,,,,,,,,,,,,,,,,,,,,,,,,,,,,,,,,,,,,,,,,,,SELECTING_FILES_SPAN,001,2024-08-19_13h08.45.276,SenstirEs_warningandinstructions,2024.1.4,None,2024-08-19 13h09.28.436192 +0200,
PICAR,,,,,,,,,0,24,24,23,,,,,497.1654904470197,,,,,,,,,,,,,,,,497.0430931210285,497.1654904470197,497.1654904470197,497.1654904470197,497.1654904470197,497.1654904470197,497.1654904470197,497.1654904470197,497.1654904470197,497.1654904470197,497.1654904470197,497.1654904470197,497.1654904470197,497.1654904470197,497.1654904470197,497.1654904470197,497.1654904470197,502.09485685202526,5.0,1.5330196249997243,4.0,1.9418386989855208,2.0,2.877155296970159,1.0,3.3376071950187907,4.0,3.944612375984434,2.0,4.488819837977644,1,[4.9631014370243065],[4.9631433640024625],0,,,,,,,,,,,,,,,,,,,,,,,,,,,,,,,,,,,,,,,,,,,,,,,,,,,,,,,SELECTING_FILES_SPAN,001,2024-08-19_13h08.45.276,SenstirEs_warningandinstructions,2024.1.4,None,2024-08-19 13h09.28.436192 +0200,
CARIÑOSO,,,,,,,,,0,25,25,22,,,,,502.22813592402963,,,,,,,,,,,,,,,,502.09587753901724,502.22813592402963,502.22813592402963,502.22813592402963,502.22813592402963,502.22813592402963,502.22813592402963,502.22813592402963,502.22813592402963,502.22813592402963,502.22813592402963,502.22813592402963,502.22813592402963,502.22813592402963,502.22813592402963,502.22813592402963,502.22813592402963,506.71138207102194,1.0,0.9412119099870324,4.0,1.7394941850216128,1.0,2.3365764080081135,3.0,2.8746820210362785,2.0,3.432501466013491,4.0,3.972121436963789,1,[4.526248247013427],[4.526258293015417],0,,,,,,,,,,,,,,,,,,,,,,,,,,,,,,,,,,,,,,,,,,,,,,,,,,,,,,,SELECTING_FILES_SPAN,001,2024-08-19_13h08.45.276,SenstirEs_warningandinstructions,2024.1.4,None,2024-08-19 13h09.28.436192 +0200,
FROTAR,,,,,,,,,0,26,26,10,,,,,506.8445718540461,,,,,,,,,,,,,,,,506.71239098202204,506.8445718540461,506.8445718540461,506.8445718540461,506.8445718540461,506.8445718540461,506.8445718540461,506.8445718540461,506.8445718540461,506.8445718540461,506.8445718540461,506.8445718540461,506.8445718540461,506.8445718540461,506.8445718540461,506.8445718540461,506.8445718540461,511.12246641801903,1.0,1.007855447998736,4.0,1.6058410899713635,1.0,2.1421869450132363,3.0,2.81466003699461,2.0,3.3589958650409244,4.0,3.972915139980614,1,[4.322851600009017],[4.322860903048422],0,,,,,,,,,,,,,,,,,,,,,,,,,,,,,,,,,,,,,,,,,,,,,,,,,,,,,,,SELECTING_FILES_SPAN,001,2024-08-19_13h08.45.276,SenstirEs_warningandinstructions,2024.1.4,None,2024-08-19 13h09.28.436192 +0200,
GOLPECITO,,,,,,,,,0,27,27,17,,,,,511.24774674203945,,,,,,,,,,,,,,,,511.12350367900217,511.24774674203945,511.24774674203945,511.24774674203945,511.24774674203945,511.24774674203945,511.24774674203945,511.24774674203945,511.24774674203945,511.24774674203945,511.24774674203945,511.24774674203945,511.24774674203945,511.24774674203945,511.24774674203945,511.24774674203945,511.24774674203945,515.9254252300016,1.0,1.2650072069955058,3.0,1.93385886301985,2.0,2.413863771012984,4.0,2.954813054006081,1.0,3.761366115999408,3.0,4.309581527020782,1,[4.71237346396083],[4.71238906896906],0,,,,,,,,,,,,,,,,,,,,,,,,,,,,,,,,,,,,,,,,,,,,,,,,,,,,,,,SELECTING_FILES_SPAN,001,2024-08-19_13h08.45.276,SenstirEs_warningandinstructions,2024.1.4,None,2024-08-19 13h09.28.436192 +0200,
WIKIPEDIA,,,,,,,,,0,28,28,3,,,,,516.052652643004,,,,,,,,,,,,,,,,515.9264423980494,516.052652643004,516.052652643004,516.052652643004,516.052652643004,516.052652643004,516.052652643004,516.052652643004,516.052652643004,516.052652643004,516.052652643004,516.052652643004,516.052652643004,516.052652643004,516.052652643004,516.052652643004,516.052652643004,521.4860730509972,1.0,0.9894617289537564,3.0,1.9241329439682886,1.0,2.3905628270003945,3.0,2.9371396810165606,4.0,4.30165927100461,4.0,5.190767388965469,1,[5.471235100994818],[5.471244971966371],0,,,,,,,,,,,,,,,,,,,,,,,,,,,,,,,,,,,,,,,,,,,,,,,,,,,,,,,SELECTING_FILES_SPAN,001,2024-08-19_13h08.45.276,SenstirEs_warningandinstructions,2024.1.4,None,2024-08-19 13h09.28.436192 +0200,
HIPERCINÉTICO,,,,,,,,,0,29,29,27,,,,,521.6119312670198,,,,,,,,,,,,,,,,521.4870782310027,521.6119312670198,521.6119312670198,521.6119312670198,521.6119312670198,521.6119312670198,521.6119312670198,521.6119312670198,521.6119312670198,521.6119312670198,521.6119312670198,521.6119312670198,521.6119312670198,521.6119312670198,521.6119312670198,521.6119312670198,521.6119312670198,526.0059143550461,1.0,1.5332338020089082,2.0,1.9979902550112456,1.0,2.3992632189765573,3.0,3.000029288989026,2.0,3.4607322869705968,4.0,3.947107871994376,1,[4.429294864996336],[4.429304366989527],0,,,,,,,,,,,,,,,,,,,,,,,,,,,,,,,,,,,,,,,,,,,,,,,,,,,,,,,SELECTING_FILES_SPAN,001,2024-08-19_13h08.45.276,SenstirEs_warningandinstructions,2024.1.4,None,2024-08-19 13h09.28.436192 +0200,
ESPINOSO,,,,,,,,,0,30,30,12,,,,,526.1332290280261,,,,,,,,,,,,,,,,526.0072982330457,526.1332290280261,526.1332290280261,526.1332290280261,526.1332290280261,526.1332290280261,526.1332290280261,526.1332290280261,526.1332290280261,526.1332290280261,526.1332290280261,526.1332290280261,526.1332290280261,526.1332290280261,526.1332290280261,526.1332290280261,526.1332290280261,530.6546237480361,1.0,1.1258810220169835,2.0,1.7319314269698225,1.0,2.1455965449567884,4.0,2.7101404090062715,None,None,0.0,3.7556781290331855,1,[4.559424531005789],[4.559434550988954],0,,,,,,,,,,,,,,,,,,,,,,,,,,,,,,,,,,,,,,,,,,,,,,,,,,,,,,,SELECTING_FILES_SPAN,001,2024-08-19_13h08.45.276,SenstirEs_warningandinstructions,2024.1.4,None,2024-08-19 13h09.28.436192 +0200,
APRETÓN DE MANOS,,,,,,,,,0,31,31,19,,,,,530.7819248280139,,,,,,,,,,,,,,,,530.6556831890484,530.7819248280139,530.7819248280139,530.7819248280139,530.7819248280139,530.7819248280139,530.7819248280139,530.7819248280139,530.7819248280139,530.7819248280139,530.7819248280139,530.7819248280139,530.7819248280139,530.7819248280139,530.7819248280139,530.7819248280139,530.7819248280139,536.2544945170521,3.0,2.0327243249630556,3.0,2.7661778450128622,2.0,3.5164498279918917,2.0,4.010390663985163,2.0,4.556697690975852,2.0,5.039162505010609,1,[5.510343567002565],[5.510353059973568],0,,,,,,,,,,,,,,,,,,,,,,,,,,,,,,,,,,,,,,,,,,,,,,,,,,,,,,,SELECTING_FILES_SPAN,001,2024-08-19_13h08.45.276,SenstirEs_warningandinstructions,2024.1.4,None,2024-08-19 13h09.28.436192 +0200,
IMÁGENES,,,,,,,,,0,32,32,31,,,,,536.3818155390327,,,,,,,,,,,,,,,,536.2554989550263,536.3818155390327,536.3818155390327,536.3818155390327,536.3818155390327,536.3818155390327,536.3818155390327,536.3818155390327,536.3818155390327,536.3818155390327,536.3818155390327,536.3818155390327,536.3818155390327,536.3818155390327,536.3818155390327,536.3818155390327,536.3818155390327,540.7356071620015,1.0,1.3305871000047773,2.0,1.7978368240292184,1.0,2.2680758989881724,3.0,2.747153103002347,2.0,3.4386048380401917,4.0,3.9896698700031266,1,[4.391623831004836],[4.391633549996186],0,,,,,,,,,,,,,,,,,,,,,,,,,,,,,,,,,,,,,,,,,,,,,,,,,,,,,,,SELECTING_FILES_SPAN,001,2024-08-19_13h08.45.276,SenstirEs_warningandinstructions,2024.1.4,None,2024-08-19 13h09.28.436192 +0200,
CONSIGUIENTE ,,,,,,,,,0,33,33,5,,,,,540.8614629050135,,,,,,,,,,,,,,,,540.7366104130051,540.8614629050135,540.8614629050135,540.8614629050135,540.8614629050135,540.8614629050135,540.8614629050135,540.8614629050135,540.8614629050135,540.8614629050135,540.8614629050135,540.8614629050135,540.8614629050135,540.8614629050135,540.8614629050135,540.8614629050135,540.8614629050135,545.1116358020226,1.0,0.8646438480354846,2.0,1.3360603930195794,1.0,1.8158741489751264,3.0,2.4951129149994813,1.0,3.442626627977006,4.0,3.9141242869663984,1,[4.282122678006999],[4.28213110298384],0,,,,,,,,,,,,,,,,,,,,,,,,,,,,,,,,,,,,,,,,,,,,,,,,,,,,,,,SELECTING_FILES_SPAN,001,2024-08-19_13h08.45.276,SenstirEs_warningandinstructions,2024.1.4,None,2024-08-19 13h09.28.436192 +0200,
,,,,,,,,,,,,,,,,,,,,,,,,,,,,,,,,,,,,,,,,,,,,,,,,,,,,,,,,,,,,,,,,,,,,,,,,,,,,,,,,,,,,,,,,,,,,,,,,,,,545.112667348003,545.1655280709965,545.1655280709965,545.1655280709965,545.1655280709965,546.5646372600459,0,,,1,[1.446385275979992],[1.446394467027858],0,,,,,,,,,,SELECTING_FILES_SPAN,001,2024-08-19_13h08.45.276,SenstirEs_warningandinstructions,2024.1.4,None,2024-08-19 13h09.28.436192 +0200,
BRILLO,,,,,,,,,,,,,0,0,0,1,546.7019716950017,,,,,,,,,,,,,,,,546.5773404380307,546.7019716950017,546.7019716950017,546.7019716950017,546.7019716950017,546.7019716950017,546.7019716950017,546.7019716950017,546.7019716950017,546.7019716950017,546.7019716950017,546.7019716950017,546.7019716950017,546.7019716950017,546.7019716950017,546.7019716950017,546.7019716950017,551.0887613660307,0.0,0.9230260130134411,2.0,2.257343976001721,2.0,1.6514840359450318,1.0,2.855213021975942,4.0,3.402458008029498,3.0,4.002207398007158,1,[4.421062148991041],[4.421071727992967],0,,,,,,,,,,,,,,,,,,,,,,,,,,,,,,,,,,,,,,,,,,,,,,,,,,,,,,,SELECTING_FILES_SPAN,001,2024-08-19_13h08.45.276,SenstirEs_warningandinstructions,2024.1.4,None,2024-08-19 13h09.28.436192 +0200,
INFUNDADO,,,,,,,,,,,,,0,1,1,0,551.2184661340434,,,,,,,,,,,,,,,,551.0903148620273,551.2184661340434,551.2184661340434,551.2184661340434,551.2184661340434,551.2184661340434,551.2184661340434,551.2184661340434,551.2184661340434,551.2184661340434,551.2184661340434,551.2184661340434,551.2184661340434,551.2184661340434,551.2184661340434,551.2184661340434,551.2184661340434,555.7238811540301,2.0,0.9942777419928461,1.0,1.4662755460012704,3.0,2.3974435480195098,2.0,2.927487367996946,3.0,3.526039199961815,1.0,4.059747742023319,1,[4.543817596044391],[4.543827913003042],0,,,,,,,,,,,,,,,,,,,,,,,,,,,,,,,,,,,,,,,,,,,,,,,,,,,,,,,SELECTING_FILES_SPAN,001,2024-08-19_13h08.45.276,SenstirEs_warningandinstructions,2024.1.4,None,2024-08-19 13h09.28.436192 +0200,
,,,,,,,,,,,,,,,,,,,,,,,,,,,,,,,,,,,,,,,,,,,,,,,,,,,,,,,,,,,,,,,,,,,,,,,,,,,,,,,,,,,,,,,,,,,,,,,,,,,,,,,,,,,,,,,,,,555.7247971790493,555.743289045,555.743289045,557.6761833470082,y,1.7565523299854249,None,SELECTING_FILES_SPAN,001,2024-08-19_13h08.45.276,SenstirEs_warningandinstructions,2024.1.4,None,2024-08-19 13h09.28.436192 +0200,
