﻿Word,SentirEs_19.thisRepN,SentirEs_19.thisTrialN,SentirEs_19.thisN,SentirEs_19.thisIndex,SentirEs_45.thisRepN,SentirEs_45.thisTrialN,SentirEs_45.thisN,SentirEs_45.thisIndex,thisRow.t,notes,warning_span.started,warning_SentirEs.started,next_warning.started,warning_span.stopped,next_warning.numClicks,next_warning.timesOn,next_warning.timesOff,SentirEs_intructions_Span.started,intructions.started,next_instructions.started,SentirEs_intructions_Span.stopped,next_instructions.numClicks,next_instructions.timesOn,next_instructions.timesOff,SentirEs_likert_span.started,text.started,stimuli.started,perceptual_audition.started,perceptual_gustatory.started,perceptual_haptic.started,perceptual_interocepticve.started,perceptual_olfaction.started,perceptual_visual.started,Audition.started,Gustatory.started,Haptic.started,Interoception.started,Olfaction.started,Vision.started,next.started,SentirEs_likert_span.stopped,Audition.response,Audition.rt,Gustatory.response,Gustatory.rt,Haptic.response,Haptic.rt,Interoception.response,Interoception.rt,Olfaction.response,Olfaction.rt,Vision.response,Vision.rt,next.numClicks,next.timesOn,next.timesOff,SenstirEs_catch_Span_1.started,catch_1.started,Oso.started,Ave.started,Pez.started,SenstirEs_catch_Span_1.stopped,Oso.numClicks,Oso.timesOn,Oso.timesOff,Ave.numClicks,Ave.timesOn,Ave.timesOff,Pez.numClicks,Pez.timesOn,Pez.timesOff,participant,session,date,expName,psychopyVersion,frameRate,expStart,
,,,,,,,,,,,0.030576396035030484,0.07519615802448243,0.07519615802448243,1.2281899109948426,1,[1.1953423500526696],[1.195354062016122],,,,,,,,,,,,,,,,,,,,,,,,,,,,,,,,,,,,,,,,,,,,,,,,,,,,,,,005213,001,2024-07-16_22h08.48.248,SenstirEs_warningandinstructions,2024.1.4,None,2024-07-16 22h08.57.077358 +0200,
,,,,,,,,,,,,,,,,,,1.228373271995224,1.2585740319918841,1.2585740319918841,2.277042967034504,1,[1.046449798042886],[1.0464594750665128],,,,,,,,,,,,,,,,,,,,,,,,,,,,,,,,,,,,,,,,,,,,,,,,005213,001,2024-07-16_22h08.48.248,SenstirEs_warningandinstructions,2024.1.4,None,2024-07-16 22h08.57.077358 +0200,
EMOCIONANTE,0,0,0,0,,,,,2.5095001260051504,,,,,,,,,,,,,,,,2.2831811300711706,2.5095001260051504,2.5095001260051504,2.5095001260051504,2.5095001260051504,2.5095001260051504,2.5095001260051504,2.5095001260051504,2.5095001260051504,2.5095001260051504,2.5095001260051504,2.5095001260051504,2.5095001260051504,2.5095001260051504,2.5095001260051504,2.5095001260051504,5.982861431082711,None,None,None,None,None,None,None,None,None,None,None,None,1,[3.600545204943046],[3.6005549689289182],,,,,,,,,,,,,,,,005213,001,2024-07-16_22h08.48.248,SenstirEs_warningandinstructions,2024.1.4,None,2024-07-16 22h08.57.077358 +0200,
CUAJAR,0,1,1,1,,,,,6.113721905043349,,,,,,,,,,,,,,,,5.984453751007095,6.113721905043349,6.113721905043349,6.113721905043349,6.113721905043349,6.113721905043349,6.113721905043349,6.113721905043349,6.113721905043349,6.113721905043349,6.113721905043349,6.113721905043349,6.113721905043349,6.113721905043349,6.113721905043349,6.113721905043349,6.784147768979892,None,None,None,None,None,None,None,None,None,None,None,None,1,[0.7086054669925943],[0.7086164399515837],,,,,,,,,,,,,,,,005213,001,2024-07-16_22h08.48.248,SenstirEs_warningandinstructions,2024.1.4,None,2024-07-16 22h08.57.077358 +0200,
DIA,0,2,2,2,,,,,6.908608605037443,,,,,,,,,,,,,,,,6.785425640991889,6.908608605037443,6.908608605037443,6.908608605037443,6.908608605037443,6.908608605037443,6.908608605037443,6.908608605037443,6.908608605037443,6.908608605037443,6.908608605037443,6.908608605037443,6.908608605037443,6.908608605037443,6.908608605037443,6.908608605037443,7.432788965990767,None,None,None,None,None,None,None,None,None,None,None,None,1,[0.5601911019766703],[0.5602012539748102],,,,,,,,,,,,,,,,005213,001,2024-07-16_22h08.48.248,SenstirEs_warningandinstructions,2024.1.4,None,2024-07-16 22h08.57.077358 +0200,
A LA VISTA,0,3,3,3,,,,,7.558519049081951,,,,,,,,,,,,,,,,7.433727635070682,7.558519049081951,7.558519049081951,7.558519049081951,7.558519049081951,7.558519049081951,7.558519049081951,7.558519049081951,7.558519049081951,7.558519049081951,7.558519049081951,7.558519049081951,7.558519049081951,7.558519049081951,7.558519049081951,7.558519049081951,7.765587729983963,None,None,None,None,None,None,None,None,None,None,None,None,1,[0.2419536110246554],[0.2419678900623694],,,,,,,,,,,,,,,,005213,001,2024-07-16_22h08.48.248,SenstirEs_warningandinstructions,2024.1.4,None,2024-07-16 22h08.57.077358 +0200,
SOBRESCRIBIR,0,4,4,4,,,,,7.891953397076577,,,,,,,,,,,,,,,,7.766474897041917,7.891953397076577,7.891953397076577,7.891953397076577,7.891953397076577,7.891953397076577,7.891953397076577,7.891953397076577,7.891953397076577,7.891953397076577,7.891953397076577,7.891953397076577,7.891953397076577,7.891953397076577,7.891953397076577,7.891953397076577,8.21590038400609,None,None,None,None,None,None,None,None,None,None,None,None,1,[0.361745567061007],[0.3617549530463293],,,,,,,,,,,,,,,,005213,001,2024-07-16_22h08.48.248,SenstirEs_warningandinstructions,2024.1.4,None,2024-07-16 22h08.57.077358 +0200,
TOCAR,0,5,5,5,,,,,8.34182931901887,,,,,,,,,,,,,,,,8.216799761052243,8.34182931901887,8.34182931901887,8.34182931901887,8.34182931901887,8.34182931901887,8.34182931901887,8.34182931901887,8.34182931901887,8.34182931901887,8.34182931901887,8.34182931901887,8.34182931901887,8.34182931901887,8.34182931901887,8.34182931901887,9.283319522975944,None,None,None,None,None,None,None,None,None,None,None,None,1,[0.9812261019833386],[0.9812368080019951],,,,,,,,,,,,,,,,005213,001,2024-07-16_22h08.48.248,SenstirEs_warningandinstructions,2024.1.4,None,2024-07-16 22h08.57.077358 +0200,
SUAVIDAD,0,6,6,6,,,,,9.408691146061756,,,,,,,,,,,,,,,,9.284208492026664,9.408691146061756,9.408691146061756,9.408691146061756,9.408691146061756,9.408691146061756,9.408691146061756,9.408691146061756,9.408691146061756,9.408691146061756,9.408691146061756,9.408691146061756,9.408691146061756,9.408691146061756,9.408691146061756,9.408691146061756,9.790787777048536,None,None,None,None,None,None,None,None,None,None,None,None,1,[0.42141787603031844],[0.4214277950813994],,,,,,,,,,,,,,,,005213,001,2024-07-16_22h08.48.248,SenstirEs_warningandinstructions,2024.1.4,None,2024-07-16 22h08.57.077358 +0200,
INTUITIVAMENTE,0,7,7,7,,,,,9.910174726042897,,,,,,,,,,,,,,,,9.791689953068271,9.910174726042897,9.910174726042897,9.910174726042897,9.910174726042897,9.910174726042897,9.910174726042897,9.910174726042897,9.910174726042897,9.910174726042897,9.910174726042897,9.910174726042897,9.910174726042897,9.910174726042897,9.910174726042897,9.910174726042897,10.290428308071569,None,None,None,None,None,None,None,None,None,None,None,None,1,[0.4135885250288993],[0.4136004240717739],,,,,,,,,,,,,,,,005213,001,2024-07-16_22h08.48.248,SenstirEs_warningandinstructions,2024.1.4,None,2024-07-16 22h08.57.077358 +0200,
FÉMUR,0,8,8,8,,,,,10.411433340981603,,,,,,,,,,,,,,,,10.29135844297707,10.411433340981603,10.411433340981603,10.411433340981603,10.411433340981603,10.411433340981603,10.411433340981603,10.411433340981603,10.411433340981603,10.411433340981603,10.411433340981603,10.411433340981603,10.411433340981603,10.411433340981603,10.411433340981603,10.411433340981603,10.798701692023315,None,None,None,None,None,None,None,None,None,None,None,None,1,[0.41945420496631414],[0.4194657579064369],,,,,,,,,,,,,,,,005213,001,2024-07-16_22h08.48.248,SenstirEs_warningandinstructions,2024.1.4,None,2024-07-16 22h08.57.077358 +0200,
ACARICIADO,0,9,9,9,,,,,10.925388229079545,,,,,,,,,,,,,,,,10.799810170079581,10.925388229079545,10.925388229079545,10.925388229079545,10.925388229079545,10.925388229079545,10.925388229079545,10.925388229079545,10.925388229079545,10.925388229079545,10.925388229079545,10.925388229079545,10.925388229079545,10.925388229079545,10.925388229079545,10.925388229079545,11.79980856005568,None,None,None,None,None,None,None,None,None,None,None,None,1,[0.9147405190160498],[0.9147513710195199],,,,,,,,,,,,,,,,005213,001,2024-07-16_22h08.48.248,SenstirEs_warningandinstructions,2024.1.4,None,2024-07-16 22h08.57.077358 +0200,
ACARICIAR,0,10,10,10,,,,,11.925211775000207,,,,,,,,,,,,,,,,11.800948775024153,11.925211775000207,11.925211775000207,11.925211775000207,11.925211775000207,11.925211775000207,11.925211775000207,11.925211775000207,11.925211775000207,11.925211775000207,11.925211775000207,11.925211775000207,11.925211775000207,11.925211775000207,11.925211775000207,11.925211775000207,12.43311507801991,None,None,None,None,None,None,None,None,None,None,None,None,1,[0.546288673998788],[0.5462975389091298],,,,,,,,,,,,,,,,005213,001,2024-07-16_22h08.48.248,SenstirEs_warningandinstructions,2024.1.4,None,2024-07-16 22h08.57.077358 +0200,
PELUDO,0,11,11,11,,,,,12.558773683034815,,,,,,,,,,,,,,,,12.434009653981775,12.558773683034815,12.558773683034815,12.558773683034815,12.558773683034815,12.558773683034815,12.558773683034815,12.558773683034815,12.558773683034815,12.558773683034815,12.558773683034815,12.558773683034815,12.558773683034815,12.558773683034815,12.558773683034815,12.558773683034815,12.84915747307241,None,None,None,None,None,None,None,None,None,None,None,None,1,[0.32883481902536005],[0.32884524401742965],,,,,,,,,,,,,,,,005213,001,2024-07-16_22h08.48.248,SenstirEs_warningandinstructions,2024.1.4,None,2024-07-16 22h08.57.077358 +0200,
INDESTRUCTIBILIDAD,0,12,12,12,,,,,12.975117339985445,,,,,,,,,,,,,,,,12.850043151061982,12.975117339985445,12.975117339985445,12.975117339985445,12.975117339985445,12.975117339985445,12.975117339985445,12.975117339985445,12.975117339985445,12.975117339985445,12.975117339985445,12.975117339985445,12.975117339985445,12.975117339985445,12.975117339985445,12.975117339985445,13.266309774015099,None,None,None,None,None,None,None,None,None,None,None,None,1,[0.3304731360403821],[0.330482779070735],,,,,,,,,,,,,,,,005213,001,2024-07-16_22h08.48.248,SenstirEs_warningandinstructions,2024.1.4,None,2024-07-16 22h08.57.077358 +0200,
MASILLOSO,0,13,13,13,,,,,13.391556536080316,,,,,,,,,,,,,,,,13.267196180066094,13.391556536080316,13.391556536080316,13.391556536080316,13.391556536080316,13.391556536080316,13.391556536080316,13.391556536080316,13.391556536080316,13.391556536080316,13.391556536080316,13.391556536080316,13.391556536080316,13.391556536080316,13.391556536080316,13.391556536080316,13.783898408990353,None,None,None,None,None,None,None,None,None,None,None,None,1,[0.43009757390245795],[0.43010763090569526],,,,,,,,,,,,,,,,005213,001,2024-07-16_22h08.48.248,SenstirEs_warningandinstructions,2024.1.4,None,2024-07-16 22h08.57.077358 +0200,
AULLIDO,0,14,14,14,,,,,13.908434426994063,,,,,,,,,,,,,,,,13.784794120001607,13.908434426994063,13.908434426994063,13.908434426994063,13.908434426994063,13.908434426994063,13.908434426994063,13.908434426994063,13.908434426994063,13.908434426994063,13.908434426994063,13.908434426994063,13.908434426994063,13.908434426994063,13.908434426994063,13.908434426994063,14.232121512992308,None,None,None,None,None,None,None,None,None,None,None,None,1,[0.362480903044343],[0.3624914949759841],,,,,,,,,,,,,,,,005213,001,2024-07-16_22h08.48.248,SenstirEs_warningandinstructions,2024.1.4,None,2024-07-16 22h08.57.077358 +0200,
TACTILMENTE,0,15,15,15,,,,,14.358429030049592,,,,,,,,,,,,,,,,14.233023085980676,14.358429030049592,14.358429030049592,14.358429030049592,14.358429030049592,14.358429030049592,14.358429030049592,14.358429030049592,14.358429030049592,14.358429030049592,14.358429030049592,14.358429030049592,14.358429030049592,14.358429030049592,14.358429030049592,14.358429030049592,14.750489523052238,None,None,None,None,None,None,None,None,None,None,None,None,1,[0.43328786303754896],[0.4332992139970884],,,,,,,,,,,,,,,,005213,001,2024-07-16_22h08.48.248,SenstirEs_warningandinstructions,2024.1.4,None,2024-07-16 22h08.57.077358 +0200,
CARA,0,16,16,16,,,,,14.875070636975579,,,,,,,,,,,,,,,,14.751376913976856,14.875070636975579,14.875070636975579,14.875070636975579,14.875070636975579,14.875070636975579,14.875070636975579,14.875070636975579,14.875070636975579,14.875070636975579,14.875070636975579,14.875070636975579,14.875070636975579,14.875070636975579,14.875070636975579,14.875070636975579,15.142199109075591,None,None,None,None,None,None,None,None,None,None,None,None,1,[0.30592131498269737],[0.30593153391964734],,,,,,,,,,,,,,,,005213,001,2024-07-16_22h08.48.248,SenstirEs_warningandinstructions,2024.1.4,None,2024-07-16 22h08.57.077358 +0200,
DEPLORAR,0,17,17,17,,,,,15.262631459976546,,,,,,,,,,,,,,,,15.14308282698039,15.262631459976546,15.262631459976546,15.262631459976546,15.262631459976546,15.262631459976546,15.262631459976546,15.262631459976546,15.262631459976546,15.262631459976546,15.262631459976546,15.262631459976546,15.262631459976546,15.262631459976546,15.262631459976546,15.262631459976546,15.616024533985183,None,None,None,None,None,None,None,None,None,None,None,None,1,[0.38612799695692956],[0.3861379979643971],,,,,,,,,,,,,,,,005213,001,2024-07-16_22h08.48.248,SenstirEs_warningandinstructions,2024.1.4,None,2024-07-16 22h08.57.077358 +0200,
TORRINO ,0,18,18,18,,,,,15.741753284004517,,,,,,,,,,,,,,,,15.616944671026431,15.741753284004517,15.741753284004517,15.741753284004517,15.741753284004517,15.741753284004517,15.741753284004517,15.741753284004517,15.741753284004517,15.741753284004517,15.741753284004517,15.741753284004517,15.741753284004517,15.741753284004517,15.741753284004517,15.741753284004517,16.08336412406061,None,None,None,None,None,None,None,None,None,None,None,None,1,[0.3809894350124523],[0.3810038979863748],,,,,,,,,,,,,,,,005213,001,2024-07-16_22h08.48.248,SenstirEs_warningandinstructions,2024.1.4,None,2024-07-16 22h08.57.077358 +0200,
,,,,,,,,,,,,,,,,,,,,,,,,,,,,,,,,,,,,,,,,,,,,,,,,,,,,,,,,,16.084200154989958,16.131666376022622,16.131666376022622,16.131666376022622,16.131666376022622,17.69399115606211,0,,,1,[1.6055496060289443],[1.605560124036856],0,,,005213,001,2024-07-16_22h08.48.248,SenstirEs_warningandinstructions,2024.1.4,None,2024-07-16 22h08.57.077358 +0200,
TIRADO,,,,,0,0,0,0,17.830584984039888,,,,,,,,,,,,,,,,17.6984886219725,17.830584984039888,17.830584984039888,17.830584984039888,17.830584984039888,17.830584984039888,17.830584984039888,17.830584984039888,17.830584984039888,17.830584984039888,17.830584984039888,17.830584984039888,17.830584984039888,17.830584984039888,17.830584984039888,17.830584984039888,19.9168999530375,None,None,None,None,None,None,None,None,None,None,None,None,1,[2.117139899986796],[2.117152324062772],,,,,,,,,,,,,,,,005213,001,2024-07-16_22h08.48.248,SenstirEs_warningandinstructions,2024.1.4,None,2024-07-16 22h08.57.077358 +0200,
PARAPSICOLOGÍA,,,,,0,1,1,1,20.041748878080398,,,,,,,,,,,,,,,,19.918676604982466,20.041748878080398,20.041748878080398,20.041748878080398,20.041748878080398,20.041748878080398,20.041748878080398,20.041748878080398,20.041748878080398,20.041748878080398,20.041748878080398,20.041748878080398,20.041748878080398,20.041748878080398,20.041748878080398,20.041748878080398,20.315740499063395,None,None,None,None,None,None,None,None,None,None,None,None,1,[0.30795545200817287],[0.3079653740860522],,,,,,,,,,,,,,,,005213,001,2024-07-16_22h08.48.248,SenstirEs_warningandinstructions,2024.1.4,None,2024-07-16 22h08.57.077358 +0200,
DIESTRO,,,,,0,2,2,2,20.441882780054584,,,,,,,,,,,,,,,,20.316627654014155,20.441882780054584,20.441882780054584,20.441882780054584,20.441882780054584,20.441882780054584,20.441882780054584,20.441882780054584,20.441882780054584,20.441882780054584,20.441882780054584,20.441882780054584,20.441882780054584,20.441882780054584,20.441882780054584,20.441882780054584,20.733884855988435,None,None,None,None,None,None,None,None,None,None,None,None,1,[0.3309528629761189],[0.3309675839263946],,,,,,,,,,,,,,,,005213,001,2024-07-16_22h08.48.248,SenstirEs_warningandinstructions,2024.1.4,None,2024-07-16 22h08.57.077358 +0200,
PESIMISTA,,,,,0,3,3,3,20.858314044075087,,,,,,,,,,,,,,,,20.73506116005592,20.858314044075087,20.858314044075087,20.858314044075087,20.858314044075087,20.858314044075087,20.858314044075087,20.858314044075087,20.858314044075087,20.858314044075087,20.858314044075087,20.858314044075087,20.858314044075087,20.858314044075087,20.858314044075087,20.858314044075087,21.182407972984947,None,None,None,None,None,None,None,None,None,None,None,None,1,[0.3590938829584047],[0.3591036609141156],,,,,,,,,,,,,,,,005213,001,2024-07-16_22h08.48.248,SenstirEs_warningandinstructions,2024.1.4,None,2024-07-16 22h08.57.077358 +0200,
PICAPORTE,,,,,0,4,4,4,21.30838012206368,,,,,,,,,,,,,,,,21.183298628078774,21.30838012206368,21.30838012206368,21.30838012206368,21.30838012206368,21.30838012206368,21.30838012206368,21.30838012206368,21.30838012206368,21.30838012206368,21.30838012206368,21.30838012206368,21.30838012206368,21.30838012206368,21.30838012206368,21.30838012206368,21.65027607907541,None,None,None,None,None,None,None,None,None,None,None,None,1,[0.3811222619842738],[0.38113328895997256],,,,,,,,,,,,,,,,005213,001,2024-07-16_22h08.48.248,SenstirEs_warningandinstructions,2024.1.4,None,2024-07-16 22h08.57.077358 +0200,
MALA PERSONA,,,,,0,5,5,5,21.775090418057516,,,,,,,,,,,,,,,,21.65116734406911,21.775090418057516,21.775090418057516,21.775090418057516,21.775090418057516,21.775090418057516,21.775090418057516,21.775090418057516,21.775090418057516,21.775090418057516,21.775090418057516,21.775090418057516,21.775090418057516,21.775090418057516,21.775090418057516,21.775090418057516,22.183840797049925,None,None,None,None,None,None,None,None,None,None,None,None,1,[0.44506494293455034],[0.44508113199844956],,,,,,,,,,,,,,,,005213,001,2024-07-16_22h08.48.248,SenstirEs_warningandinstructions,2024.1.4,None,2024-07-16 22h08.57.077358 +0200,
CIELOS,,,,,0,6,6,6,22.30843905499205,,,,,,,,,,,,,,,,22.18473374505993,22.30843905499205,22.30843905499205,22.30843905499205,22.30843905499205,22.30843905499205,22.30843905499205,22.30843905499205,22.30843905499205,22.30843905499205,22.30843905499205,22.30843905499205,22.30843905499205,22.30843905499205,22.30843905499205,22.30843905499205,22.733365184045397,None,None,None,None,None,None,None,None,None,None,None,None,1,[0.4617495851125568],[0.46175999101251364],,,,,,,,,,,,,,,,005213,001,2024-07-16_22h08.48.248,SenstirEs_warningandinstructions,2024.1.4,None,2024-07-16 22h08.57.077358 +0200,
VISTA,,,,,0,7,7,7,22.85811678506434,,,,,,,,,,,,,,,,22.73425604298245,22.85811678506434,22.85811678506434,22.85811678506434,22.85811678506434,22.85811678506434,22.85811678506434,22.85811678506434,22.85811678506434,22.85811678506434,22.85811678506434,22.85811678506434,22.85811678506434,22.85811678506434,22.85811678506434,22.85811678506434,23.232330049038865,None,None,None,None,None,None,None,None,None,None,None,None,1,[0.4119033160386607],[0.4119128950405866],,,,,,,,,,,,,,,,005213,001,2024-07-16_22h08.48.248,SenstirEs_warningandinstructions,2024.1.4,None,2024-07-16 22h08.57.077358 +0200,
PELIGRO,,,,,0,8,8,8,23.358378175995313,,,,,,,,,,,,,,,,23.233219670015387,23.358378175995313,23.358378175995313,23.358378175995313,23.358378175995313,23.358378175995313,23.358378175995313,23.358378175995313,23.358378175995313,23.358378175995313,23.358378175995313,23.358378175995313,23.358378175995313,23.358378175995313,23.358378175995313,23.358378175995313,23.732173950062133,None,None,None,None,None,None,None,None,None,None,None,None,1,[0.4127257299842313],[0.41273534996435046],,,,,,,,,,,,,,,,005213,001,2024-07-16_22h08.48.248,SenstirEs_warningandinstructions,2024.1.4,None,2024-07-16 22h08.57.077358 +0200,
AGARRE,,,,,0,9,9,9,23.8585170020815,,,,,,,,,,,,,,,,23.733081058016978,23.8585170020815,23.8585170020815,23.8585170020815,23.8585170020815,23.8585170020815,23.8585170020815,23.8585170020815,23.8585170020815,23.8585170020815,23.8585170020815,23.8585170020815,23.8585170020815,23.8585170020815,23.8585170020815,23.8585170020815,24.083636382012628,None,None,None,None,None,None,None,None,None,None,None,None,1,[0.26343333802651614],[0.2634453970240429],,,,,,,,,,,,,,,,005213,001,2024-07-16_22h08.48.248,SenstirEs_warningandinstructions,2024.1.4,None,2024-07-16 22h08.57.077358 +0200,
INCOMUNICABILIDAD,,,,,0,10,10,10,24.208300121012144,,,,,,,,,,,,,,,,24.08454802201595,24.208300121012144,24.208300121012144,24.208300121012144,24.208300121012144,24.208300121012144,24.208300121012144,24.208300121012144,24.208300121012144,24.208300121012144,24.208300121012144,24.208300121012144,24.208300121012144,24.208300121012144,24.208300121012144,24.208300121012144,24.83403225603979,None,None,None,None,None,None,None,None,None,None,None,None,1,[0.662273320951499],[0.6622847369872034],,,,,,,,,,,,,,,,005213,001,2024-07-16_22h08.48.248,SenstirEs_warningandinstructions,2024.1.4,None,2024-07-16 22h08.57.077358 +0200,
YOUTUBE,,,,,0,11,11,11,24.958122575073503,,,,,,,,,,,,,,,,24.834940692060627,24.958122575073503,24.958122575073503,24.958122575073503,24.958122575073503,24.958122575073503,24.958122575073503,24.958122575073503,24.958122575073503,24.958122575073503,24.958122575073503,24.958122575073503,24.958122575073503,24.958122575073503,24.958122575073503,24.958122575073503,25.249372265068814,None,None,None,None,None,None,None,None,None,None,None,None,1,[0.3279056779574603],[0.3279150079470128],,,,,,,,,,,,,,,,005213,001,2024-07-16_22h08.48.248,SenstirEs_warningandinstructions,2024.1.4,None,2024-07-16 22h08.57.077358 +0200,
AFLOJAR,,,,,0,12,12,12,25.374979401007295,,,,,,,,,,,,,,,,25.25028406199999,25.374979401007295,25.374979401007295,25.374979401007295,25.374979401007295,25.374979401007295,25.374979401007295,25.374979401007295,25.374979401007295,25.374979401007295,25.374979401007295,25.374979401007295,25.374979401007295,25.374979401007295,25.374979401007295,25.374979401007295,25.650158619042486,None,None,None,None,None,None,None,None,None,None,None,None,1,[0.31334550492465496],[0.31335535598918796],,,,,,,,,,,,,,,,005213,001,2024-07-16_22h08.48.248,SenstirEs_warningandinstructions,2024.1.4,None,2024-07-16 22h08.57.077358 +0200,
GOLPE,,,,,0,13,13,13,25.77499273000285,,,,,,,,,,,,,,,,25.651062399032526,25.77499273000285,25.77499273000285,25.77499273000285,25.77499273000285,25.77499273000285,25.77499273000285,25.77499273000285,25.77499273000285,25.77499273000285,25.77499273000285,25.77499273000285,25.77499273000285,25.77499273000285,25.77499273000285,25.77499273000285,26.049204054987058,None,None,None,None,None,None,None,None,None,None,None,None,1,[0.31271814892534167],[0.3127282499335706],,,,,,,,,,,,,,,,005213,001,2024-07-16_22h08.48.248,SenstirEs_warningandinstructions,2024.1.4,None,2024-07-16 22h08.57.077358 +0200,
PODRÍA,,,,,0,14,14,14,26.17502402199898,,,,,,,,,,,,,,,,26.05010360502638,26.17502402199898,26.17502402199898,26.17502402199898,26.17502402199898,26.17502402199898,26.17502402199898,26.17502402199898,26.17502402199898,26.17502402199898,26.17502402199898,26.17502402199898,26.17502402199898,26.17502402199898,26.17502402199898,26.17502402199898,26.49028327607084,None,None,None,None,None,None,None,None,None,None,None,None,1,[0.3547877880046144],[0.3548006670316681],,,,,,,,,,,,,,,,005213,001,2024-07-16_22h08.48.248,SenstirEs_warningandinstructions,2024.1.4,None,2024-07-16 22h08.57.077358 +0200,
TELEVISION,,,,,0,15,15,15,26.61036364804022,,,,,,,,,,,,,,,,26.491165810031816,26.61036364804022,26.61036364804022,26.61036364804022,26.61036364804022,26.61036364804022,26.61036364804022,26.61036364804022,26.61036364804022,26.61036364804022,26.61036364804022,26.61036364804022,26.61036364804022,26.61036364804022,26.61036364804022,26.61036364804022,27.165348473004997,None,None,None,None,None,None,None,None,None,None,None,None,1,[0.5888407879974693],[0.5888509990181774],,,,,,,,,,,,,,,,005213,001,2024-07-16_22h08.48.248,SenstirEs_warningandinstructions,2024.1.4,None,2024-07-16 22h08.57.077358 +0200,
VISIBLE,,,,,0,16,16,16,27.29190107306931,,,,,,,,,,,,,,,,27.166242428007536,27.29190107306931,27.29190107306931,27.29190107306931,27.29190107306931,27.29190107306931,27.29190107306931,27.29190107306931,27.29190107306931,27.29190107306931,27.29190107306931,27.29190107306931,27.29190107306931,27.29190107306931,27.29190107306931,27.29190107306931,27.69915409805253,None,None,None,None,None,None,None,None,None,None,None,None,1,[0.44743426493369043],[0.4474438119214028],,,,,,,,,,,,,,,,005213,001,2024-07-16_22h08.48.248,SenstirEs_warningandinstructions,2024.1.4,None,2024-07-16 22h08.57.077358 +0200,
NO COMESTIBLE,,,,,0,17,17,17,27.824936737073585,,,,,,,,,,,,,,,,27.700046783080325,27.824936737073585,27.824936737073585,27.824936737073585,27.824936737073585,27.824936737073585,27.824936737073585,27.824936737073585,27.824936737073585,27.824936737073585,27.824936737073585,27.824936737073585,27.824936737073585,27.824936737073585,27.824936737073585,27.824936737073585,28.448959558969364,None,None,None,None,None,None,None,None,None,None,None,None,1,[0.6629042879212648],[0.6629144969629124],,,,,,,,,,,,,,,,005213,001,2024-07-16_22h08.48.248,SenstirEs_warningandinstructions,2024.1.4,None,2024-07-16 22h08.57.077358 +0200,
,,,,,,,,,28.574995279079303,,,,,,,,,,,,,,,,28.449847688083537,28.574995279079303,28.574995279079303,28.574995279079303,28.574995279079303,28.574995279079303,28.574995279079303,28.574995279079303,28.574995279079303,28.574995279079303,28.574995279079303,28.574995279079303,28.574995279079303,28.574995279079303,28.574995279079303,28.574995279079303,,,,,,,,,,,,,,,,,,,,,,,,,,,,,,,,,,,,,,,
