﻿Word,trials.thisRepN,trials.thisTrialN,trials.thisN,trials.thisIndex,trials_2.thisRepN,trials_2.thisTrialN,trials_2.thisN,trials_2.thisIndex,thisRow.t,notes,warning_span.started,warning_SentirEs.started,next_warning.started,warning_span.stopped,next_warning.numClicks,next_warning.timesOn,next_warning.timesOff,SentirEs_intructions_Span.started,intructions.started,next_instructions.started,SentirEs_intructions_Span.stopped,next_instructions.numClicks,next_instructions.timesOn,next_instructions.timesOff,SentirEs_Span_19.started,text.started,stimuli.started,perceptual_audition.started,perceptual_gustatory.started,perceptual_haptic.started,perceptual_interocepticve.started,perceptual_olfaction.started,perceptual_visual.started,Audition.started,Gustatory.started,Haptic.started,Interoception.started,Olfaction.started,Vision.started,next.started,SentirEs_Span_19.stopped,Audition.response,Audition.rt,Gustatory.response,Gustatory.rt,Haptic.response,Haptic.rt,Interoception.response,Interoception.rt,Olfaction.response,Olfaction.rt,Vision.response,Vision.rt,next.numClicks,next.timesOn,next.timesOff,catch_1_span.started,catch_1.started,Oso.started,Ave.started,Pez.started,catch_1_span.stopped,Oso.numClicks,Oso.timesOn,Oso.timesOff,Ave.numClicks,Ave.timesOn,Ave.timesOff,Pez.numClicks,Pez.timesOn,Pez.timesOff,participant,session,date,expName,psychopyVersion,frameRate,expStart,
,,,,,,,,,,,0.024769590003415942,0.05689985095523298,0.05689985095523298,1.5795973419444636,1,[1.553333984920755],[1.5533409729832783],,,,,,,,,,,,,,,,,,,,,,,,,,,,,,,,,,,,,,,,,,,,,,,,,,,,,,,368022,001,2024-07-16_21h44.07.963,SenstirEs_warningandinstructions,2024.1.4,None,2024-07-16 21h44.13.557026 +0200,
,,,,,,,,,,,,,,,,,,1.5797107999678701,1.6065756499301642,1.6065756499301642,2.1288313820259646,1,[0.5475082920165733],[0.5475149690173566],,,,,,,,,,,,,,,,,,,,,,,,,,,,,,,,,,,,,,,,,,,,,,,,368022,001,2024-07-16_21h44.07.963,SenstirEs_warningandinstructions,2024.1.4,None,2024-07-16 21h44.13.557026 +0200,
EMOCIONANTE,0,0,0,0,,,,,2.3400836220243946,,,,,,,,,,,,,,,,2.1341404899721965,2.3400836220243946,2.3400836220243946,2.3400836220243946,2.3400836220243946,2.3400836220243946,2.3400836220243946,2.3400836220243946,2.3400836220243946,2.3400836220243946,2.3400836220243946,2.3400836220243946,2.3400836220243946,2.3400836220243946,2.3400836220243946,2.3400836220243946,3.0208827949827537,None,None,None,None,None,None,None,None,None,None,None,None,1,[0.7984291820321232],[0.798436286044307],,,,,,,,,,,,,,,,368022,001,2024-07-16_21h44.07.963,SenstirEs_warningandinstructions,2024.1.4,None,2024-07-16 21h44.13.557026 +0200,
CUAJAR,0,1,1,1,,,,,3.1401477030012757,,,,,,,,,,,,,,,,3.0224554230226204,3.1401477030012757,3.1401477030012757,3.1401477030012757,3.1401477030012757,3.1401477030012757,3.1401477030012757,3.1401477030012757,3.1401477030012757,3.1401477030012757,3.1401477030012757,3.1401477030012757,3.1401477030012757,3.1401477030012757,3.1401477030012757,3.1401477030012757,3.23309854301624,None,None,None,None,None,None,None,None,None,None,None,None,1,[0.1230606670724228],[0.12306725501548499],,,,,,,,,,,,,,,,368022,001,2024-07-16_21h44.07.963,SenstirEs_warningandinstructions,2024.1.4,None,2024-07-16 21h44.13.557026 +0200,
DIA,0,2,2,2,,,,,3.3568967960309237,,,,,,,,,,,,,,,,3.2340011389460415,3.3568967960309237,3.3568967960309237,3.3568967960309237,3.3568967960309237,3.3568967960309237,3.3568967960309237,3.3568967960309237,3.3568967960309237,3.3568967960309237,3.3568967960309237,3.3568967960309237,3.3568967960309237,3.3568967960309237,3.3568967960309237,3.3568967960309237,3.4387790160253644,None,None,None,None,None,None,None,None,None,None,None,None,1,[0.11836822691839188],[0.1183768849587068],,,,,,,,,,,,,,,,368022,001,2024-07-16_21h44.07.963,SenstirEs_warningandinstructions,2024.1.4,None,2024-07-16 21h44.13.557026 +0200,
A LA VISTA,0,3,3,3,,,,,3.5568499480141327,,,,,,,,,,,,,,,,3.439818028942682,3.5568499480141327,3.5568499480141327,3.5568499480141327,3.5568499480141327,3.5568499480141327,3.5568499480141327,3.5568499480141327,3.5568499480141327,3.5568499480141327,3.5568499480141327,3.5568499480141327,3.5568499480141327,3.5568499480141327,3.5568499480141327,3.5568499480141327,3.5829765769885853,None,None,None,None,None,None,None,None,None,None,None,None,1,[0.053953579044900835],[0.05396226397715509],,,,,,,,,,,,,,,,368022,001,2024-07-16_21h44.07.963,SenstirEs_warningandinstructions,2024.1.4,None,2024-07-16 21h44.13.557026 +0200,
SOBRESCRIBIR,0,4,4,4,,,,,3.70679355901666,,,,,,,,,,,,,,,,3.5838770859409124,3.70679355901666,3.70679355901666,3.70679355901666,3.70679355901666,3.70679355901666,3.70679355901666,3.70679355901666,3.70679355901666,3.70679355901666,3.70679355901666,3.70679355901666,3.70679355901666,3.70679355901666,3.70679355901666,3.70679355901666,3.733479880960658,None,None,None,None,None,None,None,None,None,None,None,None,1,[0.06209218397270888],[0.062098760972730815],,,,,,,,,,,,,,,,368022,001,2024-07-16_21h44.07.963,SenstirEs_warningandinstructions,2024.1.4,None,2024-07-16 21h44.13.557026 +0200,
TOCAR,0,5,5,5,,,,,3.8567602169932798,,,,,,,,,,,,,,,,3.734386040014215,3.8567602169932798,3.8567602169932798,3.8567602169932798,3.8567602169932798,3.8567602169932798,3.8567602169932798,3.8567602169932798,3.8567602169932798,3.8567602169932798,3.8567602169932798,3.8567602169932798,3.8567602169932798,3.8567602169932798,3.8567602169932798,3.8567602169932798,4.116616133018397,None,None,None,None,None,None,None,None,None,None,None,None,1,[0.298952869954519],[0.29896200203802437],,,,,,,,,,,,,,,,368022,001,2024-07-16_21h44.07.963,SenstirEs_warningandinstructions,2024.1.4,None,2024-07-16 21h44.13.557026 +0200,
SUAVIDAD,0,6,6,6,,,,,4.228258125018328,,,,,,,,,,,,,,,,4.117523121996783,4.228258125018328,4.228258125018328,4.228258125018328,4.228258125018328,4.228258125018328,4.228258125018328,4.228258125018328,4.228258125018328,4.228258125018328,4.228258125018328,4.228258125018328,4.228258125018328,4.228258125018328,4.228258125018328,4.228258125018328,4.253991588018835,None,None,None,None,None,None,None,None,None,None,None,None,1,[0.0534965549595654],[0.05350299191195518],,,,,,,,,,,,,,,,368022,001,2024-07-16_21h44.07.963,SenstirEs_warningandinstructions,2024.1.4,None,2024-07-16 21h44.13.557026 +0200,
INTUITIVAMENTE,0,7,7,7,,,,,4.373574704979546,,,,,,,,,,,,,,,,4.254894032026641,4.373574704979546,4.373574704979546,4.373574704979546,4.373574704979546,4.373574704979546,4.373574704979546,4.373574704979546,4.373574704979546,4.373574704979546,4.373574704979546,4.373574704979546,4.373574704979546,4.373574704979546,4.373574704979546,4.373574704979546,4.467099381959997,None,None,None,None,None,None,None,None,None,None,None,None,1,[0.12743747199419886],[0.1274464400485158],,,,,,,,,,,,,,,,368022,001,2024-07-16_21h44.07.963,SenstirEs_warningandinstructions,2024.1.4,None,2024-07-16 21h44.13.557026 +0200,
FÉMUR,0,8,8,8,,,,,4.590059962007217,,,,,,,,,,,,,,,,4.468003886984661,4.590059962007217,4.590059962007217,4.590059962007217,4.590059962007217,4.590059962007217,4.590059962007217,4.590059962007217,4.590059962007217,4.590059962007217,4.590059962007217,4.590059962007217,4.590059962007217,4.590059962007217,4.590059962007217,4.590059962007217,4.616529796971008,None,None,None,None,None,None,None,None,None,None,None,None,1,[0.060781443025916815],[0.060793048003688455],,,,,,,,,,,,,,,,368022,001,2024-07-16_21h44.07.963,SenstirEs_warningandinstructions,2024.1.4,None,2024-07-16 21h44.13.557026 +0200,
ACARICIADO,0,9,9,9,,,,,4.728130014031194,,,,,,,,,,,,,,,,4.617454478982836,4.728130014031194,4.728130014031194,4.728130014031194,4.728130014031194,4.728130014031194,4.728130014031194,4.728130014031194,4.728130014031194,4.728130014031194,4.728130014031194,4.728130014031194,4.728130014031194,4.728130014031194,4.728130014031194,4.728130014031194,4.816159748006612,None,None,None,None,None,None,None,None,None,None,None,None,1,[0.11602669698186219],[0.11603585397824645],,,,,,,,,,,,,,,,368022,001,2024-07-16_21h44.07.963,SenstirEs_warningandinstructions,2024.1.4,None,2024-07-16 21h44.13.557026 +0200,
ACARICIAR,0,10,10,10,,,,,4.927488452987745,,,,,,,,,,,,,,,,4.817081275978126,4.927488452987745,4.927488452987745,4.927488452987745,4.927488452987745,4.927488452987745,4.927488452987745,4.927488452987745,4.927488452987745,4.927488452987745,4.927488452987745,4.927488452987745,4.927488452987745,4.927488452987745,4.927488452987745,4.927488452987745,5.016764389001764,None,None,None,None,None,None,None,None,None,None,None,None,1,[0.11571804608684033],[0.11572823498863727],,,,,,,,,,,,,,,,368022,001,2024-07-16_21h44.07.963,SenstirEs_warningandinstructions,2024.1.4,None,2024-07-16 21h44.13.557026 +0200,
PELUDO,0,11,11,11,,,,,5.143170514027588,,,,,,,,,,,,,,,,5.017675529001281,5.143170514027588,5.143170514027588,5.143170514027588,5.143170514027588,5.143170514027588,5.143170514027588,5.143170514027588,5.143170514027588,5.143170514027588,5.143170514027588,5.143170514027588,5.143170514027588,5.143170514027588,5.143170514027588,5.143170514027588,5.170671727973968,None,None,None,None,None,None,None,None,None,None,None,None,1,[0.06593502208124846],[0.06594172609038651],,,,,,,,,,,,,,,,368022,001,2024-07-16_21h44.07.963,SenstirEs_warningandinstructions,2024.1.4,None,2024-07-16 21h44.13.557026 +0200,
INDESTRUCTIBILIDAD,0,12,12,12,,,,,5.2930486960103735,,,,,,,,,,,,,,,,5.171600350993685,5.2930486960103735,5.2930486960103735,5.2930486960103735,5.2930486960103735,5.2930486960103735,5.2930486960103735,5.2930486960103735,5.2930486960103735,5.2930486960103735,5.2930486960103735,5.2930486960103735,5.2930486960103735,5.2930486960103735,5.2930486960103735,5.2930486960103735,5.370005761971697,None,None,None,None,None,None,None,None,None,None,None,None,1,[0.1157244669739157],[0.11573100707028061],,,,,,,,,,,,,,,,368022,001,2024-07-16_21h44.07.963,SenstirEs_warningandinstructions,2024.1.4,None,2024-07-16 21h44.13.557026 +0200,
MASILLOSO,0,13,13,13,,,,,5.493301669950597,,,,,,,,,,,,,,,,5.371207179035991,5.493301669950597,5.493301669950597,5.493301669950597,5.493301669950597,5.493301669950597,5.493301669950597,5.493301669950597,5.493301669950597,5.493301669950597,5.493301669950597,5.493301669950597,5.493301669950597,5.493301669950597,5.493301669950597,5.493301669950597,5.636223683948629,None,None,None,None,None,None,None,None,None,None,None,None,1,[0.1818348829401657],[0.18184442492201924],,,,,,,,,,,,,,,,368022,001,2024-07-16_21h44.07.963,SenstirEs_warningandinstructions,2024.1.4,None,2024-07-16 21h44.13.557026 +0200,
AULLIDO,0,14,14,14,,,,,5.759782681940123,,,,,,,,,,,,,,,,5.637289833975956,5.759782681940123,5.759782681940123,5.759782681940123,5.759782681940123,5.759782681940123,5.759782681940123,5.759782681940123,5.759782681940123,5.759782681940123,5.759782681940123,5.759782681940123,5.759782681940123,5.759782681940123,5.759782681940123,5.759782681940123,5.786658658995293,None,None,None,None,None,None,None,None,None,None,None,None,1,[0.06604755495209247],[0.06605440296698362],,,,,,,,,,,,,,,,368022,001,2024-07-16_21h44.07.963,SenstirEs_warningandinstructions,2024.1.4,None,2024-07-16 21h44.13.557026 +0200,
TACTILMENTE,0,15,15,15,,,,,5.909983159042895,,,,,,,,,,,,,,,,5.787558631040156,5.909983159042895,5.909983159042895,5.909983159042895,5.909983159042895,5.909983159042895,5.909983159042895,5.909983159042895,5.909983159042895,5.909983159042895,5.909983159042895,5.909983159042895,5.909983159042895,5.909983159042895,5.909983159042895,5.909983159042895,6.053388078929856,None,None,None,None,None,None,None,None,None,None,None,None,1,[0.18224999494850636],[0.18225643190089613],,,,,,,,,,,,,,,,368022,001,2024-07-16_21h44.07.963,SenstirEs_warningandinstructions,2024.1.4,None,2024-07-16 21h44.13.557026 +0200,
CARA,0,16,16,16,,,,,6.176674432004802,,,,,,,,,,,,,,,,6.054284235928208,6.176674432004802,6.176674432004802,6.176674432004802,6.176674432004802,6.176674432004802,6.176674432004802,6.176674432004802,6.176674432004802,6.176674432004802,6.176674432004802,6.176674432004802,6.176674432004802,6.176674432004802,6.176674432004802,6.176674432004802,6.3197306810179725,None,None,None,None,None,None,None,None,None,None,None,None,1,[0.182506704935804],[0.18251585389953107],,,,,,,,,,,,,,,,368022,001,2024-07-16_21h44.07.963,SenstirEs_warningandinstructions,2024.1.4,None,2024-07-16 21h44.13.557026 +0200,
DEPLORAR,0,17,17,17,,,,,6.431797303957865,,,,,,,,,,,,,,,,6.320632696035318,6.431797303957865,6.431797303957865,6.431797303957865,6.431797303957865,6.431797303957865,6.431797303957865,6.431797303957865,6.431797303957865,6.431797303957865,6.431797303957865,6.431797303957865,6.431797303957865,6.431797303957865,6.431797303957865,6.431797303957865,6.520291893975809,None,None,None,None,None,None,None,None,None,None,None,None,1,[0.11549566208850592],[0.11550216702744365],,,,,,,,,,,,,,,,368022,001,2024-07-16_21h44.07.963,SenstirEs_warningandinstructions,2024.1.4,None,2024-07-16 21h44.13.557026 +0200,
TORRINO ,0,18,18,18,,,,,6.643192399991676,,,,,,,,,,,,,,,,6.521200682967901,6.643192399991676,6.643192399991676,6.643192399991676,6.643192399991676,6.643192399991676,6.643192399991676,6.643192399991676,6.643192399991676,6.643192399991676,6.643192399991676,6.643192399991676,6.643192399991676,6.643192399991676,6.643192399991676,6.643192399991676,6.840882780961692,None,None,None,None,None,None,None,None,None,None,None,None,1,[0.23611128795892],[0.23612039792351425],,,,,,,,,,,,,,,,368022,001,2024-07-16_21h44.07.963,SenstirEs_warningandinstructions,2024.1.4,None,2024-07-16 21h44.13.557026 +0200,
,,,,,,,,,,,,,,,,,,,,,,,,,,,,,,,,,,,,,,,,,,,,,,,,,,,,,,,,,6.841727469931357,6.893105546943843,6.893105546943843,6.893105546943843,6.893105546943843,8.399462661938742,0,,,1,[1.5538358639460057],[1.5538441789103672],0,,,368022,001,2024-07-16_21h44.07.963,SenstirEs_warningandinstructions,2024.1.4,None,2024-07-16 21h44.13.557026 +0200,
,,,,,,,,,8.513848687987775,,,,,,,,,,,,,,,,8.40337404399179,8.513848687987775,8.513848687987775,8.513848687987775,8.513848687987775,8.513848687987775,8.513848687987775,8.513848687987775,8.513848687987775,8.513848687987775,8.513848687987775,8.513848687987775,8.513848687987775,8.513848687987775,8.513848687987775,8.513848687987775,,,,,,,,,,,,,,,,,,,,,,,,,,,,,,,,,,,,,,,
