﻿Word,SentirEs_19.thisRepN,SentirEs_19.thisTrialN,SentirEs_19.thisN,SentirEs_19.thisIndex,thisRow.t,notes,warning_span.started,warning_SentirEs.started,next_warning.started,warning_span.stopped,next_warning.numClicks,next_warning.timesOn,next_warning.timesOff,SentirEs_intructions_Span.started,intructions.started,next_instructions.started,SentirEs_intructions_Span.stopped,next_instructions.numClicks,next_instructions.timesOn,next_instructions.timesOff,SentirEs_likert_span.started,text.started,stimuli.started,perceptual_audition.started,perceptual_gustatory.started,perceptual_haptic.started,perceptual_interocepticve.started,perceptual_olfaction.started,perceptual_visual.started,Audition.started,Gustatory.started,Haptic.started,Interoception.started,Olfaction.started,Vision.started,next.started,Dont_know.started,SentirEs_likert_span.stopped,Audition.response,Audition.rt,Gustatory.response,Gustatory.rt,Haptic.response,Haptic.rt,Interoception.response,Interoception.rt,Olfaction.response,Olfaction.rt,Vision.response,Vision.rt,next.numClicks,next.timesOn,next.timesOff,Dont_know.numClicks,Dont_know.timesOn,Dont_know.timesOff,participant,session,date,expName,psychopyVersion,frameRate,expStart,
,,,,,,,0.03143819599995368,0.06933754700003192,0.06933754700003192,1.4884292460001234,1,[1.4549593970000387],[1.4549694999998337],,,,,,,,,,,,,,,,,,,,,,,,,,,,,,,,,,,,,,,,,,,,461151,001,2024-07-17_19h11.21.494,SenstirEs_warningandinstructions,2024.1.4,None,2024-07-17 19h11.30.188801 +0200,
,,,,,,,,,,,,,,1.4885714470001403,1.5172209300001214,1.5172209300001214,2.8867914350000774,1,[1.3956675590000032],[1.3956764340000518],,,,,,,,,,,,,,,,,,,,,,,,,,,,,,,,,,,,,461151,001,2024-07-17_19h11.21.494,SenstirEs_warningandinstructions,2024.1.4,None,2024-07-17 19h11.30.188801 +0200,
EMOCIONANTE,0,0,0,0,3.118675311000061,,,,,,,,,,,,,,,,2.8952975970000807,3.118675311000061,3.118675311000061,3.118675311000061,3.118675311000061,3.118675311000061,3.118675311000061,3.118675311000061,3.118675311000061,3.118675311000061,3.118675311000061,3.118675311000061,3.118675311000061,3.118675311000061,3.118675311000061,3.118675311000061,3.118675311000061,8.621579753000105,None,None,None,None,None,None,None,None,None,None,None,None,1,[5.632595406000064],[5.6326060860001235],0,,,461151,001,2024-07-17_19h11.21.494,SenstirEs_warningandinstructions,2024.1.4,None,2024-07-17 19h11.30.188801 +0200,
CUAJAR,0,1,1,1,8.762903483000173,,,,,,,,,,,,,,,,8.626237863000142,8.762903483000173,8.762903483000173,8.762903483000173,8.762903483000173,8.762903483000173,8.762903483000173,8.762903483000173,8.762903483000173,8.762903483000173,8.762903483000173,8.762903483000173,8.762903483000173,8.762903483000173,8.762903483000173,8.762903483000173,8.762903483000173,9.321592924000015,None,None,None,None,None,None,None,None,None,None,None,None,1,[0.5992174729999533],[0.5992273279998699],0,,,461151,001,2024-07-17_19h11.21.494,SenstirEs_warningandinstructions,2024.1.4,None,2024-07-17 19h11.30.188801 +0200,
,,,,,9.446082208999997,,,,,,,,,,,,,,,,9.322600841000167,9.446082208999997,9.446082208999997,9.446082208999997,9.446082208999997,9.446082208999997,9.446082208999997,9.446082208999997,9.446082208999997,9.446082208999997,9.446082208999997,9.446082208999997,9.446082208999997,9.446082208999997,9.446082208999997,9.446082208999997,9.446082208999997,,,,,,,,,,,,,,,,,,,,,,,,,,,
