﻿Word,SentirEs_19.thisRepN,SentirEs_19.thisTrialN,SentirEs_19.thisN,SentirEs_19.thisIndex,SentirEs_45.thisRepN,SentirEs_45.thisTrialN,SentirEs_45.thisN,SentirEs_45.thisIndex,SentirEs_78.thisRepN,SentirEs_78.thisTrialN,SentirEs_78.thisN,SentirEs_78.thisIndex,SentirEs_80.thisRepN,SentirEs_80.thisTrialN,SentirEs_80.thisN,SentirEs_80.thisIndex,thisRow.t,notes,warning_Eng.started,warning_SentirEs.started,next_warning.started,warning_Eng.stopped,next_warning.numClicks,next_warning.timesOn,next_warning.timesOff,SentirEs_intructions_Eng.started,intructions.started,next_instructions.started,SentirEs_intructions_Eng.stopped,next_instructions.numClicks,next_instructions.timesOn,next_instructions.timesOff,SentirEs_likert_Eng.started,text.started,stimuli.started,perceptual_audition.started,perceptual_gustatory.started,perceptual_haptic.started,perceptual_interocepticve.started,perceptual_olfaction.started,perceptual_visual.started,Audition.started,Gustatory.started,Haptic.started,Interoception.started,Olfaction.started,Vision.started,next.started,Dont_know.started,SentirEs_likert_Eng.stopped,Audition.response,Audition.rt,Gustatory.response,Gustatory.rt,Haptic.response,Haptic.rt,Interoception.response,Interoception.rt,Olfaction.response,Olfaction.rt,Vision.response,Vision.rt,next.numClicks,next.timesOn,next.timesOff,Dont_know.numClicks,Dont_know.timesOn,Dont_know.timesOff,SenstirEs_catch_Eng_1.started,catch_1.started,bear.started,bird.started,fish.started,SenstirEs_catch_Eng_1.stopped,bear.numClicks,bear.timesOn,bear.timesOff,bird.numClicks,bird.timesOn,bird.timesOff,fish.numClicks,fish.timesOn,fish.timesOff,SenstirEs_catch_Eng_2.started,catch_2.started,fifteen.started,one_hundred.started,seventy_two.started,SenstirEs_catch_Eng_2.stopped,fifteen.numClicks,fifteen.timesOn,fifteen.timesOff,one_hundred.numClicks,one_hundred.timesOn,one_hundred.timesOff,seventy_two.numClicks,seventy_two.timesOn,seventy_two.timesOff,SenstirEs_catch_Eng_3.started,catch_3.started,sandwitch.started,apple.started,cauliflower.started,SenstirEs_catch_Eng_3.stopped,sandwitch.numClicks,sandwitch.timesOn,sandwitch.timesOff,apple.numClicks,apple.timesOn,apple.timesOff,cauliflower.numClicks,cauliflower.timesOn,cauliflower.timesOff,participant,session,date,expName,psychopyVersion,frameRate,expStart,
,,,,,,,,,,,,,,,,,,,0.019879280996974558,0.06558566799503751,0.06558566799503751,1.556411603000015,1,[1.5347519569913857],[1.5347600470122416],,,,,,,,,,,,,,,,,,,,,,,,,,,,,,,,,,,,,,,,,,,,,,,,,,,,,,,,,,,,,,,,,,,,,,,,,,,,,,,,,,,,,,,,,536151,001,2024-08-14_18h33.28.679,SenstirEs_warningandinstructions,2024.1.4,None,2024-08-14 18h33.41.143996 +0200,
,,,,,,,,,,,,,,,,,,,,,,,,,,1.5565326730138622,1.583309306006413,1.583309306006413,2.1348721249960363,1,[0.5766094579885248],[0.5766193809977267],,,,,,,,,,,,,,,,,,,,,,,,,,,,,,,,,,,,,,,,,,,,,,,,,,,,,,,,,,,,,,,,,,,,,,,,,,,,,,,,,,536151,001,2024-08-14_18h33.28.679,SenstirEs_warningandinstructions,2024.1.4,None,2024-08-14 18h33.41.143996 +0200,
TOUCHING,0,0,0,0,,,,,,,,,,,,,2.3709410480223596,,,,,,,,,,,,,,,,2.143599886010634,2.3709410480223596,2.3709410480223596,2.3709410480223596,2.3709410480223596,2.3709410480223596,2.3709410480223596,2.3709410480223596,2.3709410480223596,2.3709410480223596,2.3709410480223596,2.3709410480223596,2.3709410480223596,2.3709410480223596,2.3709410480223596,2.3709410480223596,2.3709410480223596,2.9244154500192963,None,None,None,None,None,None,None,None,None,None,None,None,1,[0.6859274769958574],[0.6859395189967472],0,,,,,,,,,,,,,,,,,,,,,,,,,,,,,,,,,,,,,,,,,,,,,,,,536151,001,2024-08-14_18h33.28.679,SenstirEs_warningandinstructions,2024.1.4,None,2024-08-14 18h33.41.143996 +0200,
JELL,0,1,1,1,,,,,,,,,,,,,3.050274466018891,,,,,,,,,,,,,,,,2.9262953140132595,3.050274466018891,3.050274466018891,3.050274466018891,3.050274466018891,3.050274466018891,3.050274466018891,3.050274466018891,3.050274466018891,3.050274466018891,3.050274466018891,3.050274466018891,3.050274466018891,3.050274466018891,3.050274466018891,3.050274466018891,3.050274466018891,3.4099531690008007,None,None,None,None,None,None,None,None,None,None,None,None,1,[0.3917312700068578],[0.391742306004744],0,,,,,,,,,,,,,,,,,,,,,,,,,,,,,,,,,,,,,,,,,,,,,,,,536151,001,2024-08-14_18h33.28.679,SenstirEs_warningandinstructions,2024.1.4,None,2024-08-14 18h33.41.143996 +0200,
DAYTIME,0,2,2,2,,,,,,,,,,,,,3.5346158710017335,,,,,,,,,,,,,,,,3.4114672660070937,3.5346158710017335,3.5346158710017335,3.5346158710017335,3.5346158710017335,3.5346158710017335,3.5346158710017335,3.5346158710017335,3.5346158710017335,3.5346158710017335,3.5346158710017335,3.5346158710017335,3.5346158710017335,3.5346158710017335,3.5346158710017335,3.5346158710017335,3.5346158710017335,3.692859672999475,None,None,None,None,None,None,None,None,None,None,None,None,1,[0.19074867400922813],[0.19076418099575676],0,,,,,,,,,,,,,,,,,,,,,,,,,,,,,,,,,,,,,,,,,,,,,,,,536151,001,2024-08-14_18h33.28.679,SenstirEs_warningandinstructions,2024.1.4,None,2024-08-14 18h33.41.143996 +0200,
IN SIGHT,0,3,3,3,,,,,,,,,,,,,3.8187065420206636,,,,,,,,,,,,,,,,3.693889016023604,3.8187065420206636,3.8187065420206636,3.8187065420206636,3.8187065420206636,3.8187065420206636,3.8187065420206636,3.8187065420206636,3.8187065420206636,3.8187065420206636,3.8187065420206636,3.8187065420206636,3.8187065420206636,3.8187065420206636,3.8187065420206636,3.8187065420206636,3.8187065420206636,3.844107728014933,None,None,None,None,None,None,None,None,None,None,None,None,1,[0.0599498420197051],[0.05995835200883448],0,,,,,,,,,,,,,,,,,,,,,,,,,,,,,,,,,,,,,,,,,,,,,,,,536151,001,2024-08-14_18h33.28.679,SenstirEs_warningandinstructions,2024.1.4,None,2024-08-14 18h33.41.143996 +0200,
OVERRIDE,0,4,4,4,,,,,,,,,,,,,3.966694811009802,,,,,,,,,,,,,,,,3.845123514009174,3.966694811009802,3.966694811009802,3.966694811009802,3.966694811009802,3.966694811009802,3.966694811009802,3.966694811009802,3.966694811009802,3.966694811009802,3.966694811009802,3.966694811009802,3.966694811009802,3.966694811009802,3.966694811009802,3.966694811009802,3.966694811009802,4.058856932999333,None,None,None,None,None,None,None,None,None,None,None,None,1,[0.12377965799532831],[0.12379117400269024],0,,,,,,,,,,,,,,,,,,,,,,,,,,,,,,,,,,,,,,,,,,,,,,,,536151,001,2024-08-14_18h33.28.679,SenstirEs_warningandinstructions,2024.1.4,None,2024-08-14 18h33.41.143996 +0200,
TOUCH,0,5,5,5,,,,,,,,,,,,,4.184653608012013,,,,,,,,,,,,,,,,4.0598773380042985,4.184653608012013,4.184653608012013,4.184653608012013,4.184653608012013,4.184653608012013,4.184653608012013,4.184653608012013,4.184653608012013,4.184653608012013,4.184653608012013,4.184653608012013,4.184653608012013,4.184653608012013,4.184653608012013,4.184653608012013,4.184653608012013,4.209903397015296,None,None,None,None,None,None,None,None,None,None,None,None,1,[0.06119493499863893],[0.061210200015921146],0,,,,,,,,,,,,,,,,,,,,,,,,,,,,,,,,,,,,,,,,,,,,,,,,536151,001,2024-08-14_18h33.28.679,SenstirEs_warningandinstructions,2024.1.4,None,2024-08-14 18h33.41.143996 +0200,
SOFTNESS,0,6,6,6,,,,,,,,,,,,,4.334819933021208,,,,,,,,,,,,,,,,4.21092070400482,4.334819933021208,4.334819933021208,4.334819933021208,4.334819933021208,4.334819933021208,4.334819933021208,4.334819933021208,4.334819933021208,4.334819933021208,4.334819933021208,4.334819933021208,4.334819933021208,4.334819933021208,4.334819933021208,4.334819933021208,4.334819933021208,4.357848829997238,None,None,None,None,None,None,None,None,None,None,None,None,1,[0.060994231986114755],[0.06100645198603161],0,,,,,,,,,,,,,,,,,,,,,,,,,,,,,,,,,,,,,,,,,,,,,,,,536151,001,2024-08-14_18h33.28.679,SenstirEs_warningandinstructions,2024.1.4,None,2024-08-14 18h33.41.143996 +0200,
INTUITIONALLY,0,7,7,7,,,,,,,,,,,,,4.482651980011724,,,,,,,,,,,,,,,,4.35886266399757,4.482651980011724,4.482651980011724,4.482651980011724,4.482651980011724,4.482651980011724,4.482651980011724,4.482651980011724,4.482651980011724,4.482651980011724,4.482651980011724,4.482651980011724,4.482651980011724,4.482651980011724,4.482651980011724,4.482651980011724,4.482651980011724,4.508512845000951,None,None,None,None,None,None,None,None,None,None,None,None,1,[0.061411448987200856],[0.061421723978128284],0,,,,,,,,,,,,,,,,,,,,,,,,,,,,,,,,,,,,,,,,,,,,,,,,536151,001,2024-08-14_18h33.28.679,SenstirEs_warningandinstructions,2024.1.4,None,2024-08-14 18h33.41.143996 +0200,
THIGHBONE,0,8,8,8,,,,,,,,,,,,,4.632764142006636,,,,,,,,,,,,,,,,4.509689270023955,4.632764142006636,4.632764142006636,4.632764142006636,4.632764142006636,4.632764142006636,4.632764142006636,4.632764142006636,4.632764142006636,4.632764142006636,4.632764142006636,4.632764142006636,4.632764142006636,4.632764142006636,4.632764142006636,4.632764142006636,4.632764142006636,4.659184917021776,None,None,None,None,None,None,None,None,None,None,None,None,1,[0.060044083977118134],[0.06005969599937089],0,,,,,,,,,,,,,,,,,,,,,,,,,,,,,,,,,,,,,,,,,,,,,,,,536151,001,2024-08-14_18h33.28.679,SenstirEs_warningandinstructions,2024.1.4,None,2024-08-14 18h33.41.143996 +0200,
PETTED,0,9,9,9,,,,,,,,,,,,,4.783013098000083,,,,,,,,,,,,,,,,4.660328728001332,4.783013098000083,4.783013098000083,4.783013098000083,4.783013098000083,4.783013098000083,4.783013098000083,4.783013098000083,4.783013098000083,4.783013098000083,4.783013098000083,4.783013098000083,4.783013098000083,4.783013098000083,4.783013098000083,4.783013098000083,4.783013098000083,4.8745916160114575,None,None,None,None,None,None,None,None,None,None,None,None,1,[0.1258581469883211],[0.1258685220091138],0,,,,,,,,,,,,,,,,,,,,,,,,,,,,,,,,,,,,,,,,,,,,,,,,536151,001,2024-08-14_18h33.28.679,SenstirEs_warningandinstructions,2024.1.4,None,2024-08-14 18h33.41.143996 +0200,
FONDLE,0,10,10,10,,,,,,,,,,,,,5.0002016670187,,,,,,,,,,,,,,,,4.875641238002572,5.0002016670187,5.0002016670187,5.0002016670187,5.0002016670187,5.0002016670187,5.0002016670187,5.0002016670187,5.0002016670187,5.0002016670187,5.0002016670187,5.0002016670187,5.0002016670187,5.0002016670187,5.0002016670187,5.0002016670187,5.0002016670187,5.024967977020424,None,None,None,None,None,None,None,None,None,None,None,None,1,[0.06053577398415655],[0.060550249996595085],0,,,,,,,,,,,,,,,,,,,,,,,,,,,,,,,,,,,,,,,,,,,,,,,,536151,001,2024-08-14_18h33.28.679,SenstirEs_warningandinstructions,2024.1.4,None,2024-08-14 18h33.41.143996 +0200,
FURRINESS,0,11,11,11,,,,,,,,,,,,,5.149410193000222,,,,,,,,,,,,,,,,5.025983922998421,5.149410193000222,5.149410193000222,5.149410193000222,5.149410193000222,5.149410193000222,5.149410193000222,5.149410193000222,5.149410193000222,5.149410193000222,5.149410193000222,5.149410193000222,5.149410193000222,5.149410193000222,5.149410193000222,5.149410193000222,5.149410193000222,5.174387803010177,None,None,None,None,None,None,None,None,None,None,None,None,1,[0.05982625699834898],[0.059835799009306356],0,,,,,,,,,,,,,,,,,,,,,,,,,,,,,,,,,,,,,,,,,,,,,,,,536151,001,2024-08-14_18h33.28.679,SenstirEs_warningandinstructions,2024.1.4,None,2024-08-14 18h33.41.143996 +0200,
INDESTRUCTIBILITY,0,12,12,12,,,,,,,,,,,,,5.299368195002899,,,,,,,,,,,,,,,,5.175407119008014,5.299368195002899,5.299368195002899,5.299368195002899,5.299368195002899,5.299368195002899,5.299368195002899,5.299368195002899,5.299368195002899,5.299368195002899,5.299368195002899,5.299368195002899,5.299368195002899,5.299368195002899,5.299368195002899,5.299368195002899,5.299368195002899,5.391920652997214,None,None,None,None,None,None,None,None,None,None,None,None,1,[0.12714927599881776],[0.12716271801036783],0,,,,,,,,,,,,,,,,,,,,,,,,,,,,,,,,,,,,,,,,,,,,,,,,536151,001,2024-08-14_18h33.28.679,SenstirEs_warningandinstructions,2024.1.4,None,2024-08-14 18h33.41.143996 +0200,
PUTTYLIKE,0,13,13,13,,,,,,,,,,,,,5.5166315020178445,,,,,,,,,,,,,,,,5.393201758008217,5.5166315020178445,5.5166315020178445,5.5166315020178445,5.5166315020178445,5.5166315020178445,5.5166315020178445,5.5166315020178445,5.5166315020178445,5.5166315020178445,5.5166315020178445,5.5166315020178445,5.5166315020178445,5.5166315020178445,5.5166315020178445,5.5166315020178445,5.5166315020178445,5.541522982006427,None,None,None,None,None,None,None,None,None,None,None,None,1,[0.06018548001884483],[0.06020262002130039],0,,,,,,,,,,,,,,,,,,,,,,,,,,,,,,,,,,,,,,,,,,,,,,,,536151,001,2024-08-14_18h33.28.679,SenstirEs_warningandinstructions,2024.1.4,None,2024-08-14 18h33.41.143996 +0200,
HOWL,0,14,14,14,,,,,,,,,,,,,5.6659139830153435,,,,,,,,,,,,,,,,5.542708217020845,5.6659139830153435,5.6659139830153435,5.6659139830153435,5.6659139830153435,5.6659139830153435,5.6659139830153435,5.6659139830153435,5.6659139830153435,5.6659139830153435,5.6659139830153435,5.6659139830153435,5.6659139830153435,5.6659139830153435,5.6659139830153435,5.6659139830153435,5.6659139830153435,5.757378139009234,None,None,None,None,None,None,None,None,None,None,None,None,1,[0.12666376499691978],[0.1266741320141591],0,,,,,,,,,,,,,,,,,,,,,,,,,,,,,,,,,,,,,,,,,,,,,,,,536151,001,2024-08-14_18h33.28.679,SenstirEs_warningandinstructions,2024.1.4,None,2024-08-14 18h33.41.143996 +0200,
TOUCHINGLY,0,15,15,15,,,,,,,,,,,,,5.882842974999221,,,,,,,,,,,,,,,,5.7583957519964315,5.882842974999221,5.882842974999221,5.882842974999221,5.882842974999221,5.882842974999221,5.882842974999221,5.882842974999221,5.882842974999221,5.882842974999221,5.882842974999221,5.882842974999221,5.882842974999221,5.882842974999221,5.882842974999221,5.882842974999221,5.882842974999221,5.908783389022574,None,None,None,None,None,None,None,None,None,None,None,None,1,[0.06227655100519769],[0.062286139000207186],0,,,,,,,,,,,,,,,,,,,,,,,,,,,,,,,,,,,,,,,,,,,,,,,,536151,001,2024-08-14_18h33.28.679,SenstirEs_warningandinstructions,2024.1.4,None,2024-08-14 18h33.41.143996 +0200,
FACE,0,16,16,16,,,,,,,,,,,,,6.032905541011132,,,,,,,,,,,,,,,,5.9098188650095835,6.032905541011132,6.032905541011132,6.032905541011132,6.032905541011132,6.032905541011132,6.032905541011132,6.032905541011132,6.032905541011132,6.032905541011132,6.032905541011132,6.032905541011132,6.032905541011132,6.032905541011132,6.032905541011132,6.032905541011132,6.032905541011132,6.122184633015422,None,None,None,None,None,None,None,None,None,None,None,None,1,[0.12704764798399992],[0.12705608998658136],0,,,,,,,,,,,,,,,,,,,,,,,,,,,,,,,,,,,,,,,,,,,,,,,,536151,001,2024-08-14_18h33.28.679,SenstirEs_warningandinstructions,2024.1.4,None,2024-08-14 18h33.41.143996 +0200,
DEPLORED,0,17,17,17,,,,,,,,,,,,,6.250193907006178,,,,,,,,,,,,,,,,6.123201956012053,6.250193907006178,6.250193907006178,6.250193907006178,6.250193907006178,6.250193907006178,6.250193907006178,6.250193907006178,6.250193907006178,6.250193907006178,6.250193907006178,6.250193907006178,6.250193907006178,6.250193907006178,6.250193907006178,6.250193907006178,6.250193907006178,6.275404406012967,None,None,None,None,None,None,None,None,None,None,None,None,1,[0.0662247629952617],[0.06623473699437454],0,,,,,,,,,,,,,,,,,,,,,,,,,,,,,,,,,,,,,,,,,,,,,,,,536151,001,2024-08-14_18h33.28.679,SenstirEs_warningandinstructions,2024.1.4,None,2024-08-14 18h33.41.143996 +0200,
KNOB,0,18,18,18,,,,,,,,,,,,,6.399466928996844,,,,,,,,,,,,,,,,6.276414456020575,6.399466928996844,6.399466928996844,6.399466928996844,6.399466928996844,6.399466928996844,6.399466928996844,6.399466928996844,6.399466928996844,6.399466928996844,6.399466928996844,6.399466928996844,6.399466928996844,6.399466928996844,6.399466928996844,6.399466928996844,6.399466928996844,6.492469100019662,None,None,None,None,None,None,None,None,None,None,None,None,1,[0.12742421799339354],[0.12744268600363284],0,,,,,,,,,,,,,,,,,,,,,,,,,,,,,,,,,,,,,,,,,,,,,,,,536151,001,2024-08-14_18h33.28.679,SenstirEs_warningandinstructions,2024.1.4,None,2024-08-14 18h33.41.143996 +0200,
,,,,,,,,,,,,,,,,,,,,,,,,,,,,,,,,,,,,,,,,,,,,,,,,,,,,,,,,,,,,,,,,,,,,,6.493614075996447,6.549289349000901,6.549289349000901,6.549289349000901,6.549289349000901,7.452262033999432,0,,,1,[0.9547529889969155],[0.9547630620072596],0,,,,,,,,,,,,,,,,,,,,,,,,,,,,,,,,,536151,001,2024-08-14_18h33.28.679,SenstirEs_warningandinstructions,2024.1.4,None,2024-08-14 18h33.41.143996 +0200,
FLUNG,,,,,0,0,0,0,,,,,,,,,7.582690395996906,,,,,,,,,,,,,,,,7.45628233300522,7.582690395996906,7.582690395996906,7.582690395996906,7.582690395996906,7.582690395996906,7.582690395996906,7.582690395996906,7.582690395996906,7.582690395996906,7.582690395996906,7.582690395996906,7.582690395996906,7.582690395996906,7.582690395996906,7.582690395996906,7.582690395996906,8.676382233999902,None,None,None,None,None,None,None,None,None,None,None,None,1,[1.1280817450024188],[1.128093795006862],0,,,,,,,,,,,,,,,,,,,,,,,,,,,,,,,,,,,,,,,,,,,,,,,,536151,001,2024-08-14_18h33.28.679,SenstirEs_warningandinstructions,2024.1.4,None,2024-08-14 18h33.41.143996 +0200,
PARAPSYCHOLOGY,,,,,0,1,1,1,,,,,,,,,8.800391185999615,,,,,,,,,,,,,,,,8.678168829996139,8.800391185999615,8.800391185999615,8.800391185999615,8.800391185999615,8.800391185999615,8.800391185999615,8.800391185999615,8.800391185999615,8.800391185999615,8.800391185999615,8.800391185999615,8.800391185999615,8.800391185999615,8.800391185999615,8.800391185999615,8.800391185999615,8.826280280016363,None,None,None,None,None,None,None,None,None,None,None,None,1,[0.059522354014916345],[0.059532698011025786],0,,,,,,,,,,,,,,,,,,,,,,,,,,,,,,,,,,,,,,,,,,,,,,,,536151,001,2024-08-14_18h33.28.679,SenstirEs_warningandinstructions,2024.1.4,None,2024-08-14 18h33.41.143996 +0200,
DEXTEROUS,,,,,0,2,2,2,,,,,,,,,8.951829844998429,,,,,,,,,,,,,,,,8.827295007999055,8.951829844998429,8.951829844998429,8.951829844998429,8.951829844998429,8.951829844998429,8.951829844998429,8.951829844998429,8.951829844998429,8.951829844998429,8.951829844998429,8.951829844998429,8.951829844998429,8.951829844998429,8.951829844998429,8.951829844998429,8.951829844998429,9.041605783015257,None,None,None,None,None,None,None,None,None,None,None,None,1,[0.12382454398903064],[0.12383456600946374],0,,,,,,,,,,,,,,,,,,,,,,,,,,,,,,,,,,,,,,,,,,,,,,,,536151,001,2024-08-14_18h33.28.679,SenstirEs_warningandinstructions,2024.1.4,None,2024-08-14 18h33.41.143996 +0200,
PESSIMISTIC,,,,,0,3,3,3,,,,,,,,,9.166168908996042,,,,,,,,,,,,,,,,9.04270759600331,9.166168908996042,9.166168908996042,9.166168908996042,9.166168908996042,9.166168908996042,9.166168908996042,9.166168908996042,9.166168908996042,9.166168908996042,9.166168908996042,9.166168908996042,9.166168908996042,9.166168908996042,9.166168908996042,9.166168908996042,9.166168908996042,9.258496082009515,None,None,None,None,None,None,None,None,None,None,None,None,1,[0.12648931998410262],[0.12651352299144492],0,,,,,,,,,,,,,,,,,,,,,,,,,,,,,,,,,,,,,,,,,,,,,,,,536151,001,2024-08-14_18h33.28.679,SenstirEs_warningandinstructions,2024.1.4,None,2024-08-14 18h33.41.143996 +0200,
KNOCKER,,,,,0,4,4,4,,,,,,,,,9.382887470012065,,,,,,,,,,,,,,,,9.259672754007624,9.382887470012065,9.382887470012065,9.382887470012065,9.382887470012065,9.382887470012065,9.382887470012065,9.382887470012065,9.382887470012065,9.382887470012065,9.382887470012065,9.382887470012065,9.382887470012065,9.382887470012065,9.382887470012065,9.382887470012065,9.382887470012065,9.409748536010738,None,None,None,None,None,None,None,None,None,None,None,None,1,[0.06041327700950205],[0.06042526100645773],0,,,,,,,,,,,,,,,,,,,,,,,,,,,,,,,,,,,,,,,,,,,,,,,,536151,001,2024-08-14_18h33.28.679,SenstirEs_warningandinstructions,2024.1.4,None,2024-08-14 18h33.41.143996 +0200,
BLACKHEART,,,,,0,5,5,5,,,,,,,,,9.533463143015979,,,,,,,,,,,,,,,,9.410769784997683,9.533463143015979,9.533463143015979,9.533463143015979,9.533463143015979,9.533463143015979,9.533463143015979,9.533463143015979,9.533463143015979,9.533463143015979,9.533463143015979,9.533463143015979,9.533463143015979,9.533463143015979,9.533463143015979,9.533463143015979,9.533463143015979,9.62490231601987,None,None,None,None,None,None,None,None,None,None,None,None,1,[0.12492617598036304],[0.12493665498914197],0,,,,,,,,,,,,,,,,,,,,,,,,,,,,,,,,,,,,,,,,,,,,,,,,536151,001,2024-08-14_18h33.28.679,SenstirEs_warningandinstructions,2024.1.4,None,2024-08-14 18h33.41.143996 +0200,
SKIES,,,,,0,6,6,6,,,,,,,,,9.749419012019644,,,,,,,,,,,,,,,,9.625917913013836,9.749419012019644,9.749419012019644,9.749419012019644,9.749419012019644,9.749419012019644,9.749419012019644,9.749419012019644,9.749419012019644,9.749419012019644,9.749419012019644,9.749419012019644,9.749419012019644,9.749419012019644,9.749419012019644,9.749419012019644,9.749419012019644,9.909007855021628,None,None,None,None,None,None,None,None,None,None,None,None,1,[0.1950674610270653],[0.19507748301839456],0,,,,,,,,,,,,,,,,,,,,,,,,,,,,,,,,,,,,,,,,,,,,,,,,536151,001,2024-08-14_18h33.28.679,SenstirEs_warningandinstructions,2024.1.4,None,2024-08-14 18h33.41.143996 +0200,
VIEW,,,,,0,7,7,7,,,,,,,,,10.032840125000803,,,,,,,,,,,,,,,,9.910016825015191,10.032840125000803,10.032840125000803,10.032840125000803,10.032840125000803,10.032840125000803,10.032840125000803,10.032840125000803,10.032840125000803,10.032840125000803,10.032840125000803,10.032840125000803,10.032840125000803,10.032840125000803,10.032840125000803,10.032840125000803,10.032840125000803,10.125017526006559,None,None,None,None,None,None,None,None,None,None,None,None,1,[0.12676967500010505],[0.12678242899710312],0,,,,,,,,,,,,,,,,,,,,,,,,,,,,,,,,,,,,,,,,,,,,,,,,536151,001,2024-08-14_18h33.28.679,SenstirEs_warningandinstructions,2024.1.4,None,2024-08-14 18h33.41.143996 +0200,
JEOPARDY,,,,,0,8,8,8,,,,,,,,,10.249440045998199,,,,,,,,,,,,,,,,10.126020847004838,10.249440045998199,10.249440045998199,10.249440045998199,10.249440045998199,10.249440045998199,10.249440045998199,10.249440045998199,10.249440045998199,10.249440045998199,10.249440045998199,10.249440045998199,10.249440045998199,10.249440045998199,10.249440045998199,10.249440045998199,10.249440045998199,10.34058993900544,None,None,None,None,None,None,None,None,None,None,None,None,1,[0.12723135598935187],[0.12724416999844834],0,,,,,,,,,,,,,,,,,,,,,,,,,,,,,,,,,,,,,,,,,,,,,,,,536151,001,2024-08-14_18h33.28.679,SenstirEs_warningandinstructions,2024.1.4,None,2024-08-14 18h33.41.143996 +0200,
GRIP,,,,,0,9,9,9,,,,,,,,,10.466072917013662,,,,,,,,,,,,,,,,10.341778397996677,10.466072917013662,10.466072917013662,10.466072917013662,10.466072917013662,10.466072917013662,10.466072917013662,10.466072917013662,10.466072917013662,10.466072917013662,10.466072917013662,10.466072917013662,10.466072917013662,10.466072917013662,10.466072917013662,10.466072917013662,10.466072917013662,10.557293140009278,None,None,None,None,None,None,None,None,None,None,None,None,1,[0.12894931001937948],[0.12896019802428782],0,,,,,,,,,,,,,,,,,,,,,,,,,,,,,,,,,,,,,,,,,,,,,,,,536151,001,2024-08-14_18h33.28.679,SenstirEs_warningandinstructions,2024.1.4,None,2024-08-14 18h33.41.143996 +0200,
INCOMMUNICATIVENESS,,,,,0,10,10,10,,,,,,,,,10.682735136011615,,,,,,,,,,,,,,,,10.558307007013354,10.682735136011615,10.682735136011615,10.682735136011615,10.682735136011615,10.682735136011615,10.682735136011615,10.682735136011615,10.682735136011615,10.682735136011615,10.682735136011615,10.682735136011615,10.682735136011615,10.682735136011615,10.682735136011615,10.682735136011615,10.682735136011615,10.776637661008863,None,None,None,None,None,None,None,None,None,None,None,None,1,[0.12693927399232052],[0.12694976199418306],0,,,,,,,,,,,,,,,,,,,,,,,,,,,,,,,,,,,,,,,,,,,,,,,,536151,001,2024-08-14_18h33.28.679,SenstirEs_warningandinstructions,2024.1.4,None,2024-08-14 18h33.41.143996 +0200,
YOUTUBE,,,,,0,11,11,11,,,,,,,,,10.899180995009374,,,,,,,,,,,,,,,,10.777638329018373,10.899180995009374,10.899180995009374,10.899180995009374,10.899180995009374,10.899180995009374,10.899180995009374,10.899180995009374,10.899180995009374,10.899180995009374,10.899180995009374,10.899180995009374,10.899180995009374,10.899180995009374,10.899180995009374,10.899180995009374,10.899180995009374,10.923967943002935,None,None,None,None,None,None,None,None,None,None,None,None,1,[0.0595492779975757],[0.05956403599702753],0,,,,,,,,,,,,,,,,,,,,,,,,,,,,,,,,,,,,,,,,,,,,,,,,536151,001,2024-08-14_18h33.28.679,SenstirEs_warningandinstructions,2024.1.4,None,2024-08-14 18h33.41.143996 +0200,
UNLOOSE,,,,,0,12,12,12,,,,,,,,,11.049588173016673,,,,,,,,,,,,,,,,10.924973575019976,11.049588173016673,11.049588173016673,11.049588173016673,11.049588173016673,11.049588173016673,11.049588173016673,11.049588173016673,11.049588173016673,11.049588173016673,11.049588173016673,11.049588173016673,11.049588173016673,11.049588173016673,11.049588173016673,11.049588173016673,11.049588173016673,11.207649162999587,None,None,None,None,None,None,None,None,None,None,None,None,1,[0.19535131900920533],[0.19536628600326367],0,,,,,,,,,,,,,,,,,,,,,,,,,,,,,,,,,,,,,,,,,,,,,,,,536151,001,2024-08-14_18h33.28.679,SenstirEs_warningandinstructions,2024.1.4,None,2024-08-14 18h33.41.143996 +0200,
JAB,,,,,0,13,13,13,,,,,,,,,11.3327439330169,,,,,,,,,,,,,,,,11.208830771007342,11.3327439330169,11.3327439330169,11.3327439330169,11.3327439330169,11.3327439330169,11.3327439330169,11.3327439330169,11.3327439330169,11.3327439330169,11.3327439330169,11.3327439330169,11.3327439330169,11.3327439330169,11.3327439330169,11.3327439330169,11.3327439330169,11.359069361002184,None,None,None,None,None,None,None,None,None,None,None,None,1,[0.06247316498775035],[0.062484940979629755],0,,,,,,,,,,,,,,,,,,,,,,,,,,,,,,,,,,,,,,,,,,,,,,,,536151,001,2024-08-14_18h33.28.679,SenstirEs_warningandinstructions,2024.1.4,None,2024-08-14 18h33.41.143996 +0200,
COULD,,,,,0,14,14,14,,,,,,,,,11.48294843902113,,,,,,,,,,,,,,,,11.360123756021494,11.48294843902113,11.48294843902113,11.48294843902113,11.48294843902113,11.48294843902113,11.48294843902113,11.48294843902113,11.48294843902113,11.48294843902113,11.48294843902113,11.48294843902113,11.48294843902113,11.48294843902113,11.48294843902113,11.48294843902113,11.48294843902113,11.640853763004998,None,None,None,None,None,None,None,None,None,None,None,None,1,[0.19380099000409245],[0.19380963599542156],0,,,,,,,,,,,,,,,,,,,,,,,,,,,,,,,,,,,,,,,,,,,,,,,,536151,001,2024-08-14_18h33.28.679,SenstirEs_warningandinstructions,2024.1.4,None,2024-08-14 18h33.41.143996 +0200,
TV,,,,,0,15,15,15,,,,,,,,,11.765909335023025,,,,,,,,,,,,,,,,11.641887672012672,11.765909335023025,11.765909335023025,11.765909335023025,11.765909335023025,11.765909335023025,11.765909335023025,11.765909335023025,11.765909335023025,11.765909335023025,11.765909335023025,11.765909335023025,11.765909335023025,11.765909335023025,11.765909335023025,11.765909335023025,11.765909335023025,11.858023966022301,None,None,None,None,None,None,None,None,None,None,None,None,1,[0.12852579000173137],[0.12853740199352615],0,,,,,,,,,,,,,,,,,,,,,,,,,,,,,,,,,,,,,,,,,,,,,,,,536151,001,2024-08-14_18h33.28.679,SenstirEs_warningandinstructions,2024.1.4,None,2024-08-14 18h33.41.143996 +0200,
VISIBLE,,,,,0,16,16,16,,,,,,,,,11.999672958016163,,,,,,,,,,,,,,,,11.859030941996025,11.999672958016163,11.999672958016163,11.999672958016163,11.999672958016163,11.999672958016163,11.999672958016163,11.999672958016163,11.999672958016163,11.999672958016163,11.999672958016163,11.999672958016163,11.999672958016163,11.999672958016163,11.999672958016163,11.999672958016163,11.999672958016163,12.157922283018706,None,None,None,None,None,None,None,None,None,None,None,None,1,[0.20307259997935034],[0.20308315299917012],0,,,,,,,,,,,,,,,,,,,,,,,,,,,,,,,,,,,,,,,,,,,,,,,,536151,001,2024-08-14_18h33.28.679,SenstirEs_warningandinstructions,2024.1.4,None,2024-08-14 18h33.41.143996 +0200,
NONFOOD,,,,,0,17,17,17,,,,,,,,,12.282647233019816,,,,,,,,,,,,,,,,12.159229472017614,12.282647233019816,12.282647233019816,12.282647233019816,12.282647233019816,12.282647233019816,12.282647233019816,12.282647233019816,12.282647233019816,12.282647233019816,12.282647233019816,12.282647233019816,12.282647233019816,12.282647233019816,12.282647233019816,12.282647233019816,12.282647233019816,12.374079852015711,None,None,None,None,None,None,None,None,None,None,None,None,1,[0.12719401100184768],[0.12720600300235674],0,,,,,,,,,,,,,,,,,,,,,,,,,,,,,,,,,,,,,,,,,,,,,,,,536151,001,2024-08-14_18h33.28.679,SenstirEs_warningandinstructions,2024.1.4,None,2024-08-14 18h33.41.143996 +0200,
ALLERGIC,,,,,0,18,18,18,,,,,,,,,12.499396561004687,,,,,,,,,,,,,,,,12.375102741003502,12.499396561004687,12.499396561004687,12.499396561004687,12.499396561004687,12.499396561004687,12.499396561004687,12.499396561004687,12.499396561004687,12.499396561004687,12.499396561004687,12.499396561004687,12.499396561004687,12.499396561004687,12.499396561004687,12.499396561004687,12.499396561004687,12.591003392997663,None,None,None,None,None,None,None,None,None,None,None,None,1,[0.13076774700311944],[0.1307768049882725],0,,,,,,,,,,,,,,,,,,,,,,,,,,,,,,,,,,,,,,,,,,,,,,,,536151,001,2024-08-14_18h33.28.679,SenstirEs_warningandinstructions,2024.1.4,None,2024-08-14 18h33.41.143996 +0200,
PRETTY,,,,,0,19,19,19,,,,,,,,,12.715904236014467,,,,,,,,,,,,,,,,12.592010946013033,12.715904236014467,12.715904236014467,12.715904236014467,12.715904236014467,12.715904236014467,12.715904236014467,12.715904236014467,12.715904236014467,12.715904236014467,12.715904236014467,12.715904236014467,12.715904236014467,12.715904236014467,12.715904236014467,12.715904236014467,12.715904236014467,12.875745124008972,None,None,None,None,None,None,None,None,None,None,None,None,1,[0.19461329199839383],[0.1946243119891733],0,,,,,,,,,,,,,,,,,,,,,,,,,,,,,,,,,,,,,,,,,,,,,,,,536151,001,2024-08-14_18h33.28.679,SenstirEs_warningandinstructions,2024.1.4,None,2024-08-14 18h33.41.143996 +0200,
SILKY,,,,,0,20,20,20,,,,,,,,,12.999960732006002,,,,,,,,,,,,,,,,12.876986426010262,12.999960732006002,12.999960732006002,12.999960732006002,12.999960732006002,12.999960732006002,12.999960732006002,12.999960732006002,12.999960732006002,12.999960732006002,12.999960732006002,12.999960732006002,12.999960732006002,12.999960732006002,12.999960732006002,12.999960732006002,12.999960732006002,13.092182816995773,None,None,None,None,None,None,None,None,None,None,None,None,1,[0.12622351900790818],[0.12624175599194132],0,,,,,,,,,,,,,,,,,,,,,,,,,,,,,,,,,,,,,,,,,,,,,,,,536151,001,2024-08-14_18h33.28.679,SenstirEs_warningandinstructions,2024.1.4,None,2024-08-14 18h33.41.143996 +0200,
SIGHT,,,,,0,21,21,21,,,,,,,,,13.21594323500176,,,,,,,,,,,,,,,,13.093210595019627,13.21594323500176,13.21594323500176,13.21594323500176,13.21594323500176,13.21594323500176,13.21594323500176,13.21594323500176,13.21594323500176,13.21594323500176,13.21594323500176,13.21594323500176,13.21594323500176,13.21594323500176,13.21594323500176,13.21594323500176,13.21594323500176,13.240896689007059,None,None,None,None,None,None,None,None,None,None,None,None,1,[0.060719806991983205],[0.060730847995728254],0,,,,,,,,,,,,,,,,,,,,,,,,,,,,,,,,,,,,,,,,,,,,,,,,536151,001,2024-08-14_18h33.28.679,SenstirEs_warningandinstructions,2024.1.4,None,2024-08-14 18h33.41.143996 +0200,
TAG,,,,,0,22,22,22,,,,,,,,,13.366027055017184,,,,,,,,,,,,,,,,13.241961866995553,13.366027055017184,13.366027055017184,13.366027055017184,13.366027055017184,13.366027055017184,13.366027055017184,13.366027055017184,13.366027055017184,13.366027055017184,13.366027055017184,13.366027055017184,13.366027055017184,13.366027055017184,13.366027055017184,13.366027055017184,13.366027055017184,13.525298150023445,None,None,None,None,None,None,None,None,None,None,None,None,1,[0.19602594402385876],[0.19603656500112265],0,,,,,,,,,,,,,,,,,,,,,,,,,,,,,,,,,,,,,,,,,,,,,,,,536151,001,2024-08-14_18h33.28.679,SenstirEs_warningandinstructions,2024.1.4,None,2024-08-14 18h33.41.143996 +0200,
CURL UP,,,,,0,23,23,23,,,,,,,,,13.649325377016794,,,,,,,,,,,,,,,,13.526304719998734,13.649325377016794,13.649325377016794,13.649325377016794,13.649325377016794,13.649325377016794,13.649325377016794,13.649325377016794,13.649325377016794,13.649325377016794,13.649325377016794,13.649325377016794,13.649325377016794,13.649325377016794,13.649325377016794,13.649325377016794,13.649325377016794,13.741631584009156,None,None,None,None,None,None,None,None,None,None,None,None,1,[0.12713044599513523],[0.12714118798612617],0,,,,,,,,,,,,,,,,,,,,,,,,,,,,,,,,,,,,,,,,,,,,,,,,536151,001,2024-08-14_18h33.28.679,SenstirEs_warningandinstructions,2024.1.4,None,2024-08-14 18h33.41.143996 +0200,
SPINAL,,,,,0,24,24,24,,,,,,,,,13.86604155600071,,,,,,,,,,,,,,,,13.742632945999503,13.86604155600071,13.86604155600071,13.86604155600071,13.86604155600071,13.86604155600071,13.86604155600071,13.86604155600071,13.86604155600071,13.86604155600071,13.86604155600071,13.86604155600071,13.86604155600071,13.86604155600071,13.86604155600071,13.86604155600071,13.86604155600071,13.960647577012423,None,None,None,None,None,None,None,None,None,None,None,None,1,[0.1281623370014131],[0.1282029369904194],0,,,,,,,,,,,,,,,,,,,,,,,,,,,,,,,,,,,,,,,,,,,,,,,,536151,001,2024-08-14_18h33.28.679,SenstirEs_warningandinstructions,2024.1.4,None,2024-08-14 18h33.41.143996 +0200,
,,,,,,,,,,,,,,,,,,,,,,,,,,,,,,,,,,,,,,,,,,,,,,,,,,,,,,,,,,,,,,,,,,,,,,,,,,,,,,,,,,,,13.96174932201393,14.015592985000694,14.015592985000694,14.015592985000694,14.015592985000694,14.852780515007908,0,,,0,,,1,[0.8869472499936819],[0.8869574059790466],,,,,,,,,,,,,,,,536151,001,2024-08-14_18h33.28.679,SenstirEs_warningandinstructions,2024.1.4,None,2024-08-14 18h33.41.143996 +0200,
SIDE VIEW,,,,,,,,,0,0,0,0,,,,,14.982622010022169,,,,,,,,,,,,,,,,14.859382577007636,14.982622010022169,14.982622010022169,14.982622010022169,14.982622010022169,14.982622010022169,14.982622010022169,14.982622010022169,14.982622010022169,14.982622010022169,14.982622010022169,14.982622010022169,14.982622010022169,14.982622010022169,14.982622010022169,14.982622010022169,14.982622010022169,16.073786581022432,None,None,None,None,None,None,None,None,None,None,None,None,1,[1.1261183210008312],[1.126130037009716],0,,,,,,,,,,,,,,,,,,,,,,,,,,,,,,,,,,,,,,,,,,,,,,,,536151,001,2024-08-14_18h33.28.679,SenstirEs_warningandinstructions,2024.1.4,None,2024-08-14 18h33.41.143996 +0200,
SMOOTH,,,,,,,,,0,1,1,1,,,,,16.200023846002296,,,,,,,,,,,,,,,,16.07562235300429,16.200023846002296,16.200023846002296,16.200023846002296,16.200023846002296,16.200023846002296,16.200023846002296,16.200023846002296,16.200023846002296,16.200023846002296,16.200023846002296,16.200023846002296,16.200023846002296,16.200023846002296,16.200023846002296,16.200023846002296,16.200023846002296,16.492631542001618,None,None,None,None,None,None,None,None,None,None,None,None,1,[0.32602766499621794],[0.3260384890018031],0,,,,,,,,,,,,,,,,,,,,,,,,,,,,,,,,,,,,,,,,,,,,,,,,536151,001,2024-08-14_18h33.28.679,SenstirEs_warningandinstructions,2024.1.4,None,2024-08-14 18h33.41.143996 +0200,
HURTING,,,,,,,,,0,2,2,2,,,,,16.615935167996213,,,,,,,,,,,,,,,,16.493635216000257,16.615935167996213,16.615935167996213,16.615935167996213,16.615935167996213,16.615935167996213,16.615935167996213,16.615935167996213,16.615935167996213,16.615935167996213,16.615935167996213,16.615935167996213,16.615935167996213,16.615935167996213,16.615935167996213,16.615935167996213,16.615935167996213,16.707120570004918,None,None,None,None,None,None,None,None,None,None,None,None,1,[0.1269303589942865],[0.12694197800010443],0,,,,,,,,,,,,,,,,,,,,,,,,,,,,,,,,,,,,,,,,,,,,,,,,536151,001,2024-08-14_18h33.28.679,SenstirEs_warningandinstructions,2024.1.4,None,2024-08-14 18h33.41.143996 +0200,
WIKIPEDIA,,,,,,,,,0,3,3,3,,,,,16.83252578601241,,,,,,,,,,,,,,,,16.708121849020245,16.83252578601241,16.83252578601241,16.83252578601241,16.83252578601241,16.83252578601241,16.83252578601241,16.83252578601241,16.83252578601241,16.83252578601241,16.83252578601241,16.83252578601241,16.83252578601241,16.83252578601241,16.83252578601241,16.83252578601241,16.83252578601241,16.923283042007824,None,None,None,None,None,None,None,None,None,None,None,None,1,[0.1292117659759242],[0.1292238399910275],0,,,,,,,,,,,,,,,,,,,,,,,,,,,,,,,,,,,,,,,,,,,,,,,,536151,001,2024-08-14_18h33.28.679,SenstirEs_warningandinstructions,2024.1.4,None,2024-08-14 18h33.41.143996 +0200,
THYME,,,,,,,,,0,4,4,4,,,,,17.04922263501794,,,,,,,,,,,,,,,,16.924860355007695,17.04922263501794,17.04922263501794,17.04922263501794,17.04922263501794,17.04922263501794,17.04922263501794,17.04922263501794,17.04922263501794,17.04922263501794,17.04922263501794,17.04922263501794,17.04922263501794,17.04922263501794,17.04922263501794,17.04922263501794,17.04922263501794,17.07493106200127,None,None,None,None,None,None,None,None,None,None,None,None,1,[0.06255617699935101],[0.06256629899144173],0,,,,,,,,,,,,,,,,,,,,,,,,,,,,,,,,,,,,,,,,,,,,,,,,536151,001,2024-08-14_18h33.28.679,SenstirEs_warningandinstructions,2024.1.4,None,2024-08-14 18h33.41.143996 +0200,
HEREWITH,,,,,,,,,0,5,5,5,,,,,17.19929118300206,,,,,,,,,,,,,,,,17.07597290200647,17.19929118300206,17.19929118300206,17.19929118300206,17.19929118300206,17.19929118300206,17.19929118300206,17.19929118300206,17.19929118300206,17.19929118300206,17.19929118300206,17.19929118300206,17.19929118300206,17.19929118300206,17.19929118300206,17.19929118300206,17.19929118300206,17.290672550996533,None,None,None,None,None,None,None,None,None,None,None,None,1,[0.1262424849846866],[0.1262540390016511],0,,,,,,,,,,,,,,,,,,,,,,,,,,,,,,,,,,,,,,,,,,,,,,,,536151,001,2024-08-14_18h33.28.679,SenstirEs_warningandinstructions,2024.1.4,None,2024-08-14 18h33.41.143996 +0200,
EXCRETIVE,,,,,,,,,0,6,6,6,,,,,17.415827143995557,,,,,,,,,,,,,,,,17.29167540400522,17.415827143995557,17.415827143995557,17.415827143995557,17.415827143995557,17.415827143995557,17.415827143995557,17.415827143995557,17.415827143995557,17.415827143995557,17.415827143995557,17.415827143995557,17.415827143995557,17.415827143995557,17.415827143995557,17.415827143995557,17.415827143995557,17.44120938499691,None,None,None,None,None,None,None,None,None,None,None,None,1,[0.061816272005671635],[0.06182711498695426],0,,,,,,,,,,,,,,,,,,,,,,,,,,,,,,,,,,,,,,,,,,,,,,,,536151,001,2024-08-14_18h33.28.679,SenstirEs_warningandinstructions,2024.1.4,None,2024-08-14 18h33.41.143996 +0200,
RUBDOWN,,,,,,,,,0,7,7,7,,,,,17.56576540300739,,,,,,,,,,,,,,,,17.44221447801101,17.56576540300739,17.56576540300739,17.56576540300739,17.56576540300739,17.56576540300739,17.56576540300739,17.56576540300739,17.56576540300739,17.56576540300739,17.56576540300739,17.56576540300739,17.56576540300739,17.56576540300739,17.56576540300739,17.56576540300739,17.56576540300739,17.660130959004164,None,None,None,None,None,None,None,None,None,None,None,None,1,[0.12885465600993484],[0.1288778519956395],0,,,,,,,,,,,,,,,,,,,,,,,,,,,,,,,,,,,,,,,,,,,,,,,,536151,001,2024-08-14_18h33.28.679,SenstirEs_warningandinstructions,2024.1.4,None,2024-08-14 18h33.41.143996 +0200,
BUNDLE UP,,,,,,,,,0,8,8,8,,,,,17.78237108999747,,,,,,,,,,,,,,,,17.661145710007986,17.78237108999747,17.78237108999747,17.78237108999747,17.78237108999747,17.78237108999747,17.78237108999747,17.78237108999747,17.78237108999747,17.78237108999747,17.78237108999747,17.78237108999747,17.78237108999747,17.78237108999747,17.78237108999747,17.78237108999747,17.78237108999747,17.875239180022618,None,None,None,None,None,None,None,None,None,None,None,None,1,[0.12666155098122545],[0.1266727400070522],0,,,,,,,,,,,,,,,,,,,,,,,,,,,,,,,,,,,,,,,,,,,,,,,,536151,001,2024-08-14_18h33.28.679,SenstirEs_warningandinstructions,2024.1.4,None,2024-08-14 18h33.41.143996 +0200,
TAILBONE,,,,,,,,,0,9,9,9,,,,,17.999226159008685,,,,,,,,,,,,,,,,17.876239085017005,17.999226159008685,17.999226159008685,17.999226159008685,17.999226159008685,17.999226159008685,17.999226159008685,17.999226159008685,17.999226159008685,17.999226159008685,17.999226159008685,17.999226159008685,17.999226159008685,17.999226159008685,17.999226159008685,17.999226159008685,17.999226159008685,18.091586569003994,None,None,None,None,None,None,None,None,None,None,None,None,1,[0.1275515129964333],[0.12756187198101543],0,,,,,,,,,,,,,,,,,,,,,,,,,,,,,,,,,,,,,,,,,,,,,,,,536151,001,2024-08-14_18h33.28.679,SenstirEs_warningandinstructions,2024.1.4,None,2024-08-14 18h33.41.143996 +0200,
RUB,,,,,,,,,0,10,10,10,,,,,18.216068836016348,,,,,,,,,,,,,,,,18.092577885021456,18.216068836016348,18.216068836016348,18.216068836016348,18.216068836016348,18.216068836016348,18.216068836016348,18.216068836016348,18.216068836016348,18.216068836016348,18.216068836016348,18.216068836016348,18.216068836016348,18.216068836016348,18.216068836016348,18.216068836016348,18.216068836016348,18.30968918002327,None,None,None,None,None,None,None,None,None,None,None,None,1,[0.1273378280166071],[0.12735011900076643],0,,,,,,,,,,,,,,,,,,,,,,,,,,,,,,,,,,,,,,,,,,,,,,,,536151,001,2024-08-14_18h33.28.679,SenstirEs_warningandinstructions,2024.1.4,None,2024-08-14 18h33.41.143996 +0200,
NAY,,,,,,,,,0,11,11,11,,,,,18.432507487013936,,,,,,,,,,,,,,,,18.31068108000909,18.432507487013936,18.432507487013936,18.432507487013936,18.432507487013936,18.432507487013936,18.432507487013936,18.432507487013936,18.432507487013936,18.432507487013936,18.432507487013936,18.432507487013936,18.432507487013936,18.432507487013936,18.432507487013936,18.432507487013936,18.432507487013936,18.524351174011827,None,None,None,None,None,None,None,None,None,None,None,None,1,[0.12597169398213737],[0.125981116987532],0,,,,,,,,,,,,,,,,,,,,,,,,,,,,,,,,,,,,,,,,,,,,,,,,536151,001,2024-08-14_18h33.28.679,SenstirEs_warningandinstructions,2024.1.4,None,2024-08-14 18h33.41.143996 +0200,
PRICKLY,,,,,,,,,0,12,12,12,,,,,18.649022257013712,,,,,,,,,,,,,,,,18.525345985020977,18.649022257013712,18.649022257013712,18.649022257013712,18.649022257013712,18.649022257013712,18.649022257013712,18.649022257013712,18.649022257013712,18.649022257013712,18.649022257013712,18.649022257013712,18.649022257013712,18.649022257013712,18.649022257013712,18.649022257013712,18.649022257013712,18.743612619000487,None,None,None,None,None,None,None,None,None,None,None,None,1,[0.12799968899344094],[0.1280208360112738],0,,,,,,,,,,,,,,,,,,,,,,,,,,,,,,,,,,,,,,,,,,,,,,,,536151,001,2024-08-14_18h33.28.679,SenstirEs_warningandinstructions,2024.1.4,None,2024-08-14 18h33.41.143996 +0200,
GUARDIAN ANGEL,,,,,,,,,0,13,13,13,,,,,18.872998981998535,,,,,,,,,,,,,,,,18.744801896013087,18.872998981998535,18.872998981998535,18.872998981998535,18.872998981998535,18.872998981998535,18.872998981998535,18.872998981998535,18.872998981998535,18.872998981998535,18.872998981998535,18.872998981998535,18.872998981998535,18.872998981998535,18.872998981998535,18.872998981998535,18.872998981998535,19.023701384023298,None,None,None,None,None,None,None,None,None,None,None,None,1,[0.18722189401159994],[0.18723035699804313],0,,,,,,,,,,,,,,,,,,,,,,,,,,,,,,,,,,,,,,,,,,,,,,,,536151,001,2024-08-14_18h33.28.679,SenstirEs_warningandinstructions,2024.1.4,None,2024-08-14 18h33.41.143996 +0200,
SWEAR,,,,,,,,,0,14,14,14,,,,,19.14936290102196,,,,,,,,,,,,,,,,19.024729205004405,19.14936290102196,19.14936290102196,19.14936290102196,19.14936290102196,19.14936290102196,19.14936290102196,19.14936290102196,19.14936290102196,19.14936290102196,19.14936290102196,19.14936290102196,19.14936290102196,19.14936290102196,19.14936290102196,19.14936290102196,19.14936290102196,19.24157654400915,None,None,None,None,None,None,None,None,None,None,None,None,1,[0.12926442301250063],[0.1292752909939736],0,,,,,,,,,,,,,,,,,,,,,,,,,,,,,,,,,,,,,,,,,,,,,,,,536151,001,2024-08-14_18h33.28.679,SenstirEs_warningandinstructions,2024.1.4,None,2024-08-14 18h33.41.143996 +0200,
REWEAVE,,,,,,,,,0,15,15,15,,,,,19.36594932700973,,,,,,,,,,,,,,,,19.242570697999327,19.36594932700973,19.36594932700973,19.36594932700973,19.36594932700973,19.36594932700973,19.36594932700973,19.36594932700973,19.36594932700973,19.36594932700973,19.36594932700973,19.36594932700973,19.36594932700973,19.36594932700973,19.36594932700973,19.36594932700973,19.36594932700973,19.45819264202146,None,None,None,None,None,None,None,None,None,None,None,None,1,[0.12776471598772332],[0.1277754609764088],0,,,,,,,,,,,,,,,,,,,,,,,,,,,,,,,,,,,,,,,,,,,,,,,,536151,001,2024-08-14_18h33.28.679,SenstirEs_warningandinstructions,2024.1.4,None,2024-08-14 18h33.41.143996 +0200,
BAR CODE,,,,,,,,,0,16,16,16,,,,,19.582737106014974,,,,,,,,,,,,,,,,19.45918137501576,19.582737106014974,19.582737106014974,19.582737106014974,19.582737106014974,19.582737106014974,19.582737106014974,19.582737106014974,19.582737106014974,19.582737106014974,19.582737106014974,19.582737106014974,19.582737106014974,19.582737106014974,19.582737106014974,19.582737106014974,19.582737106014974,19.741854765015887,None,None,None,None,None,None,None,None,None,None,None,None,1,[0.19502380999620073],[0.1950327820086386],0,,,,,,,,,,,,,,,,,,,,,,,,,,,,,,,,,,,,,,,,,,,,,,,,536151,001,2024-08-14_18h33.28.679,SenstirEs_warningandinstructions,2024.1.4,None,2024-08-14 18h33.41.143996 +0200,
BOP,,,,,,,,,0,17,17,17,,,,,19.86590998902102,,,,,,,,,,,,,,,,19.743189664004603,19.86590998902102,19.86590998902102,19.86590998902102,19.86590998902102,19.86590998902102,19.86590998902102,19.86590998902102,19.86590998902102,19.86590998902102,19.86590998902102,19.86590998902102,19.86590998902102,19.86590998902102,19.86590998902102,19.86590998902102,19.86590998902102,19.958297240023967,None,None,None,None,None,None,None,None,None,None,None,None,1,[0.12874275801004842],[0.12875407800311223],0,,,,,,,,,,,,,,,,,,,,,,,,,,,,,,,,,,,,,,,,,,,,,,,,536151,001,2024-08-14_18h33.28.679,SenstirEs_warningandinstructions,2024.1.4,None,2024-08-14 18h33.41.143996 +0200,
SEE,,,,,,,,,0,18,18,18,,,,,20.083534495002823,,,,,,,,,,,,,,,,19.959292796003865,20.083534495002823,20.083534495002823,20.083534495002823,20.083534495002823,20.083534495002823,20.083534495002823,20.083534495002823,20.083534495002823,20.083534495002823,20.083534495002823,20.083534495002823,20.083534495002823,20.083534495002823,20.083534495002823,20.083534495002823,20.083534495002823,20.108640032995027,None,None,None,None,None,None,None,None,None,None,None,None,1,[0.0632618390081916],[0.06327164400136098],0,,,,,,,,,,,,,,,,,,,,,,,,,,,,,,,,,,,,,,,,,,,,,,,,536151,001,2024-08-14_18h33.28.679,SenstirEs_warningandinstructions,2024.1.4,None,2024-08-14 18h33.41.143996 +0200,
HANDSHAKE,,,,,,,,,0,19,19,19,,,,,20.23325672899955,,,,,,,,,,,,,,,,20.10963073000312,20.23325672899955,20.23325672899955,20.23325672899955,20.23325672899955,20.23325672899955,20.23325672899955,20.23325672899955,20.23325672899955,20.23325672899955,20.23325672899955,20.23325672899955,20.23325672899955,20.23325672899955,20.23325672899955,20.23325672899955,20.23325672899955,20.324699895019876,None,None,None,None,None,None,None,None,None,None,None,None,1,[0.12809098200523295],[0.1281005130149424],0,,,,,,,,,,,,,,,,,,,,,,,,,,,,,,,,,,,,,,,,,,,,,,,,536151,001,2024-08-14_18h33.28.679,SenstirEs_warningandinstructions,2024.1.4,None,2024-08-14 18h33.41.143996 +0200,
SIFTED,,,,,,,,,0,20,20,20,,,,,20.44909272500081,,,,,,,,,,,,,,,,20.325709840020863,20.44909272500081,20.44909272500081,20.44909272500081,20.44909272500081,20.44909272500081,20.44909272500081,20.44909272500081,20.44909272500081,20.44909272500081,20.44909272500081,20.44909272500081,20.44909272500081,20.44909272500081,20.44909272500081,20.44909272500081,20.44909272500081,20.60772679699585,None,None,None,None,None,None,None,None,None,None,None,None,1,[0.19427349901525304],[0.19428330601658672],0,,,,,,,,,,,,,,,,,,,,,,,,,,,,,,,,,,,,,,,,,,,,,,,,536151,001,2024-08-14_18h33.28.679,SenstirEs_warningandinstructions,2024.1.4,None,2024-08-14 18h33.41.143996 +0200,
ASSURE,,,,,,,,,0,21,21,21,,,,,20.735628680995433,,,,,,,,,,,,,,,,20.60907966599916,20.735628680995433,20.735628680995433,20.735628680995433,20.735628680995433,20.735628680995433,20.735628680995433,20.735628680995433,20.735628680995433,20.735628680995433,20.735628680995433,20.735628680995433,20.735628680995433,20.735628680995433,20.735628680995433,20.735628680995433,20.735628680995433,20.824139664007816,None,None,None,None,None,None,None,None,None,None,None,None,1,[0.12665838800603524],[0.12666981600341387],0,,,,,,,,,,,,,,,,,,,,,,,,,,,,,,,,,,,,,,,,,,,,,,,,536151,001,2024-08-14_18h33.28.679,SenstirEs_warningandinstructions,2024.1.4,None,2024-08-14 18h33.41.143996 +0200,
CUDDLY,,,,,,,,,0,22,22,22,,,,,20.94931474799523,,,,,,,,,,,,,,,,20.82516118499916,20.94931474799523,20.94931474799523,20.94931474799523,20.94931474799523,20.94931474799523,20.94931474799523,20.94931474799523,20.94931474799523,20.94931474799523,20.94931474799523,20.94931474799523,20.94931474799523,20.94931474799523,20.94931474799523,20.94931474799523,20.94931474799523,21.04125582802226,None,None,None,None,None,None,None,None,None,None,None,None,1,[0.12924743301118724],[0.12925895600346848],0,,,,,,,,,,,,,,,,,,,,,,,,,,,,,,,,,,,,,,,,,,,,,,,,536151,001,2024-08-14_18h33.28.679,SenstirEs_warningandinstructions,2024.1.4,None,2024-08-14 18h33.41.143996 +0200,
POKE,,,,,,,,,0,23,23,23,,,,,21.165945437009213,,,,,,,,,,,,,,,,21.0422482569993,21.165945437009213,21.165945437009213,21.165945437009213,21.165945437009213,21.165945437009213,21.165945437009213,21.165945437009213,21.165945437009213,21.165945437009213,21.165945437009213,21.165945437009213,21.165945437009213,21.165945437009213,21.165945437009213,21.165945437009213,21.165945437009213,21.19194004702149,None,None,None,None,None,None,None,None,None,None,None,None,1,[0.06276089500170201],[0.06277092700474896],0,,,,,,,,,,,,,,,,,,,,,,,,,,,,,,,,,,,,,,,,,,,,,,,,536151,001,2024-08-14_18h33.28.679,SenstirEs_warningandinstructions,2024.1.4,None,2024-08-14 18h33.41.143996 +0200,
COLORS,,,,,,,,,0,24,24,24,,,,,21.316509847005364,,,,,,,,,,,,,,,,21.192935130005935,21.316509847005364,21.316509847005364,21.316509847005364,21.316509847005364,21.316509847005364,21.316509847005364,21.316509847005364,21.316509847005364,21.316509847005364,21.316509847005364,21.316509847005364,21.316509847005364,21.316509847005364,21.316509847005364,21.316509847005364,21.316509847005364,21.474986665998586,None,None,None,None,None,None,None,None,None,None,None,None,1,[0.19417802200769074],[0.19418692201725207],0,,,,,,,,,,,,,,,,,,,,,,,,,,,,,,,,,,,,,,,,,,,,,,,,536151,001,2024-08-14_18h33.28.679,SenstirEs_warningandinstructions,2024.1.4,None,2024-08-14 18h33.41.143996 +0200,
FEEL,,,,,,,,,0,25,25,25,,,,,21.59926228300901,,,,,,,,,,,,,,,,21.47601735801436,21.59926228300901,21.59926228300901,21.59926228300901,21.59926228300901,21.59926228300901,21.59926228300901,21.59926228300901,21.59926228300901,21.59926228300901,21.59926228300901,21.59926228300901,21.59926228300901,21.59926228300901,21.59926228300901,21.59926228300901,21.59926228300901,21.624235015013255,None,None,None,None,None,None,None,None,None,None,None,None,1,[0.06156845297664404],[0.06157823000103235],0,,,,,,,,,,,,,,,,,,,,,,,,,,,,,,,,,,,,,,,,,,,,,,,,536151,001,2024-08-14_18h33.28.679,SenstirEs_warningandinstructions,2024.1.4,None,2024-08-14 18h33.41.143996 +0200,
HARD,,,,,,,,,0,26,26,26,,,,,21.749273123015882,,,,,,,,,,,,,,,,21.625559170002816,21.749273123015882,21.749273123015882,21.749273123015882,21.749273123015882,21.749273123015882,21.749273123015882,21.749273123015882,21.749273123015882,21.749273123015882,21.749273123015882,21.749273123015882,21.749273123015882,21.749273123015882,21.749273123015882,21.749273123015882,21.749273123015882,21.84090308099985,None,None,None,None,None,None,None,None,None,None,None,None,1,[0.1278024069906678],[0.1278131130093243],0,,,,,,,,,,,,,,,,,,,,,,,,,,,,,,,,,,,,,,,,,,,,,,,,536151,001,2024-08-14_18h33.28.679,SenstirEs_warningandinstructions,2024.1.4,None,2024-08-14 18h33.41.143996 +0200,
HYPERKINETIC,,,,,,,,,0,27,27,27,,,,,21.966113458998734,,,,,,,,,,,,,,,,21.841935196018312,21.966113458998734,21.966113458998734,21.966113458998734,21.966113458998734,21.966113458998734,21.966113458998734,21.966113458998734,21.966113458998734,21.966113458998734,21.966113458998734,21.966113458998734,21.966113458998734,21.966113458998734,21.966113458998734,21.966113458998734,21.966113458998734,22.05967773901648,None,None,None,None,None,None,None,None,None,None,None,None,1,[0.1278927469975315],[0.12791203500819393],0,,,,,,,,,,,,,,,,,,,,,,,,,,,,,,,,,,,,,,,,,,,,,,,,536151,001,2024-08-14_18h33.28.679,SenstirEs_warningandinstructions,2024.1.4,None,2024-08-14 18h33.41.143996 +0200,
VELVETINESS,,,,,,,,,0,28,28,28,,,,,22.182950246002292,,,,,,,,,,,,,,,,22.06069165302324,22.182950246002292,22.182950246002292,22.182950246002292,22.182950246002292,22.182950246002292,22.182950246002292,22.182950246002292,22.182950246002292,22.182950246002292,22.182950246002292,22.182950246002292,22.182950246002292,22.182950246002292,22.182950246002292,22.182950246002292,22.182950246002292,22.275316646002466,None,None,None,None,None,None,None,None,None,None,None,None,1,[0.12486882298253477],[0.12488190599833615],0,,,,,,,,,,,,,,,,,,,,,,,,,,,,,,,,,,,,,,,,,,,,,,,,536151,001,2024-08-14_18h33.28.679,SenstirEs_warningandinstructions,2024.1.4,None,2024-08-14 18h33.41.143996 +0200,
SUBLIMATION,,,,,,,,,0,29,29,29,,,,,22.39936454599956,,,,,,,,,,,,,,,,22.276307781023206,22.39936454599956,22.39936454599956,22.39936454599956,22.39936454599956,22.39936454599956,22.39936454599956,22.39936454599956,22.39936454599956,22.39936454599956,22.39936454599956,22.39936454599956,22.39936454599956,22.39936454599956,22.39936454599956,22.39936454599956,22.39936454599956,22.491874900006223,None,None,None,None,None,None,None,None,None,None,None,None,1,[0.1278462890186347],[0.12785815901588649],0,,,,,,,,,,,,,,,,,,,,,,,,,,,,,,,,,,,,,,,,,,,,,,,,536151,001,2024-08-14_18h33.28.679,SenstirEs_warningandinstructions,2024.1.4,None,2024-08-14 18h33.41.143996 +0200,
INTERNET SITE,,,,,,,,,0,30,30,30,,,,,22.615642513002967,,,,,,,,,,,,,,,,22.49294395299512,22.615642513002967,22.615642513002967,22.615642513002967,22.615642513002967,22.615642513002967,22.615642513002967,22.615642513002967,22.615642513002967,22.615642513002967,22.615642513002967,22.615642513002967,22.615642513002967,22.615642513002967,22.615642513002967,22.615642513002967,22.615642513002967,22.64173120399937,None,None,None,None,None,None,None,None,None,None,None,None,1,[0.0616263689880725],[0.06163712599663995],0,,,,,,,,,,,,,,,,,,,,,,,,,,,,,,,,,,,,,,,,,,,,,,,,536151,001,2024-08-14_18h33.28.679,SenstirEs_warningandinstructions,2024.1.4,None,2024-08-14 18h33.41.143996 +0200,
PICTURES,,,,,,,,,0,31,31,31,,,,,22.765772560000187,,,,,,,,,,,,,,,,22.6427251540008,22.765772560000187,22.765772560000187,22.765772560000187,22.765772560000187,22.765772560000187,22.765772560000187,22.765772560000187,22.765772560000187,22.765772560000187,22.765772560000187,22.765772560000187,22.765772560000187,22.765772560000187,22.765772560000187,22.765772560000187,22.765772560000187,22.92471364600351,None,None,None,None,None,None,None,None,None,None,None,None,1,[0.19398554699728265],[0.1939958220173139],0,,,,,,,,,,,,,,,,,,,,,,,,,,,,,,,,,,,,,,,,,,,,,,,,536151,001,2024-08-14_18h33.28.679,SenstirEs_warningandinstructions,2024.1.4,None,2024-08-14 18h33.41.143996 +0200,
BUS DRIVER,,,,,,,,,0,32,32,32,,,,,23.04920012500952,,,,,,,,,,,,,,,,22.925699306011666,23.04920012500952,23.04920012500952,23.04920012500952,23.04920012500952,23.04920012500952,23.04920012500952,23.04920012500952,23.04920012500952,23.04920012500952,23.04920012500952,23.04920012500952,23.04920012500952,23.04920012500952,23.04920012500952,23.04920012500952,23.04920012500952,23.141809513006592,None,None,None,None,None,None,None,None,None,None,None,None,1,[0.12825474300188944],[0.12826628200127743],0,,,,,,,,,,,,,,,,,,,,,,,,,,,,,,,,,,,,,,,,,,,,,,,,536151,001,2024-08-14_18h33.28.679,SenstirEs_warningandinstructions,2024.1.4,None,2024-08-14 18h33.41.143996 +0200,
,,,,,,,,,,,,,,,,,,,,,,,,,,,,,,,,,,,,,,,,,,,,,,,,,,,,,,,,,,,,,,,,,,,,,,,,,,,,,,,,,,,,,,,,,,,,,,,,,,,23.142728281003656,23.199093082017498,23.199093082017498,23.199093082017498,23.199093082017498,24.336838456016267,1,[1.1885299200075679],[1.1885949269926641],0,,,0,,,536151,001,2024-08-14_18h33.28.679,SenstirEs_warningandinstructions,2024.1.4,None,2024-08-14 18h33.41.143996 +0200,
,,,,,,,,,,,,,,,,,24.468445131002227,,,,,,,,,,,,,,,,24.343370229005814,24.468445131002227,24.468445131002227,24.468445131002227,24.468445131002227,24.468445131002227,24.468445131002227,24.468445131002227,24.468445131002227,24.468445131002227,24.468445131002227,24.468445131002227,24.468445131002227,24.468445131002227,24.468445131002227,24.468445131002227,24.468445131002227,,,,,,,,,,,,,,,,,,,,,,,,,,,,,,,,,,,,,,,,,,,,,,,,,,,,,,,,,,,,,,,,,,,,,,,,
