﻿Word,SentirEs_19.thisRepN,SentirEs_19.thisTrialN,SentirEs_19.thisN,SentirEs_19.thisIndex,SentirEs_45.thisRepN,SentirEs_45.thisTrialN,SentirEs_45.thisN,SentirEs_45.thisIndex,thisRow.t,notes,warning_span.started,warning_SentirEs.started,next_warning.started,warning_span.stopped,next_warning.numClicks,next_warning.timesOn,next_warning.timesOff,SentirEs_intructions_Span.started,intructions.started,next_instructions.started,SentirEs_intructions_Span.stopped,next_instructions.numClicks,next_instructions.timesOn,next_instructions.timesOff,SentirEs_likert_span.started,text.started,stimuli.started,perceptual_audition.started,perceptual_gustatory.started,perceptual_haptic.started,perceptual_interocepticve.started,perceptual_olfaction.started,perceptual_visual.started,Audition.started,Gustatory.started,Haptic.started,Interoception.started,Olfaction.started,Vision.started,next.started,Dont_know.started,SentirEs_likert_span.stopped,Audition.response,Audition.rt,Gustatory.response,Gustatory.rt,Haptic.response,Haptic.rt,Interoception.response,Interoception.rt,Olfaction.response,Olfaction.rt,Vision.response,Vision.rt,next.numClicks,next.timesOn,next.timesOff,Dont_know.numClicks,Dont_know.timesOn,Dont_know.timesOff,SenstirEs_catch_Span_1.started,catch_1.started,Oso.started,Ave.started,Pez.started,SenstirEs_catch_Span_1.stopped,Oso.numClicks,Oso.timesOn,Oso.timesOff,Ave.numClicks,Ave.timesOn,Ave.timesOff,Pez.numClicks,Pez.timesOn,Pez.timesOff,participant,session,date,expName,psychopyVersion,frameRate,expStart,
,,,,,,,,,,,0.021139702000255056,0.06401542899993728,0.06401542899993728,2.1667055580001033,1,[2.143618704000346],[2.1436274680004317],,,,,,,,,,,,,,,,,,,,,,,,,,,,,,,,,,,,,,,,,,,,,,,,,,,,,,,,,,,566290,001,2024-07-17_19h32.47.446,SenstirEs_warningandinstructions,2024.1.4,None,2024-07-17 19h32.59.421772 +0200,
,,,,,,,,,,,,,,,,,,2.1668362680002247,2.1983313430000635,2.1983313430000635,6.701167664999957,1,[4.532010109000112],[4.5320239499997115],,,,,,,,,,,,,,,,,,,,,,,,,,,,,,,,,,,,,,,,,,,,,,,,,,,,566290,001,2024-07-17_19h32.47.446,SenstirEs_warningandinstructions,2024.1.4,None,2024-07-17 19h32.59.421772 +0200,
TOUCHING,0,0,0,0,,,,,6.939262670000062,,,,,,,,,,,,,,,,6.710921095000231,6.939262670000062,6.939262670000062,6.939262670000062,6.939262670000062,6.939262670000062,6.939262670000062,6.939262670000062,6.939262670000062,6.939262670000062,6.939262670000062,6.939262670000062,6.939262670000062,6.939262670000062,6.939262670000062,6.939262670000062,6.939262670000062,9.691733395000028,None,None,None,None,None,None,None,None,None,None,None,None,1,[2.885706642000059],[2.8857160439997642],0,,,,,,,,,,,,,,,,,,566290,001,2024-07-17_19h32.47.446,SenstirEs_warningandinstructions,2024.1.4,None,2024-07-17 19h32.59.421772 +0200,
JELL,0,1,1,1,,,,,9.819097614999919,,,,,,,,,,,,,,,,9.69354969899996,9.819097614999919,9.819097614999919,9.819097614999919,9.819097614999919,9.819097614999919,9.819097614999919,9.819097614999919,9.819097614999919,9.819097614999919,9.819097614999919,9.819097614999919,9.819097614999919,9.819097614999919,9.819097614999919,9.819097614999919,9.819097614999919,10.241132745999948,None,None,None,None,None,None,None,None,None,None,None,None,1,[0.4574629210001149],[0.4574727359999997],0,,,,,,,,,,,,,,,,,,566290,001,2024-07-17_19h32.47.446,SenstirEs_warningandinstructions,2024.1.4,None,2024-07-17 19h32.59.421772 +0200,
DAYTIME,0,2,2,2,,,,,10.366914455999904,,,,,,,,,,,,,,,,10.242161730000134,10.366914455999904,10.366914455999904,10.366914455999904,10.366914455999904,10.366914455999904,10.366914455999904,10.366914455999904,10.366914455999904,10.366914455999904,10.366914455999904,10.366914455999904,10.366914455999904,10.366914455999904,10.366914455999904,10.366914455999904,10.366914455999904,10.523627019999822,None,None,None,None,None,None,None,None,None,None,None,None,1,[0.19145921600011206],[0.19146973100032483],0,,,,,,,,,,,,,,,,,,566290,001,2024-07-17_19h32.47.446,SenstirEs_warningandinstructions,2024.1.4,None,2024-07-17 19h32.59.421772 +0200,
IN SIGHT,0,3,3,3,,,,,10.648945870000261,,,,,,,,,,,,,,,,10.524646429999848,10.648945870000261,10.648945870000261,10.648945870000261,10.648945870000261,10.648945870000261,10.648945870000261,10.648945870000261,10.648945870000261,10.648945870000261,10.648945870000261,10.648945870000261,10.648945870000261,10.648945870000261,10.648945870000261,10.648945870000261,10.648945870000261,10.807140939999954,None,None,None,None,None,None,None,None,None,None,None,None,1,[0.1928361179998319],[0.19284752700013996],0,,,,,,,,,,,,,,,,,,566290,001,2024-07-17_19h32.47.446,SenstirEs_warningandinstructions,2024.1.4,None,2024-07-17 19h32.59.421772 +0200,
OVERRIDE,0,4,4,4,,,,,10.931821344000127,,,,,,,,,,,,,,,,10.808164365000266,10.931821344000127,10.931821344000127,10.931821344000127,10.931821344000127,10.931821344000127,10.931821344000127,10.931821344000127,10.931821344000127,10.931821344000127,10.931821344000127,10.931821344000127,10.931821344000127,10.931821344000127,10.931821344000127,10.931821344000127,10.931821344000127,11.022876136999912,None,None,None,None,None,None,None,None,None,None,None,None,1,[0.1264388899999176],[0.12644856799988702],0,,,,,,,,,,,,,,,,,,566290,001,2024-07-17_19h32.47.446,SenstirEs_warningandinstructions,2024.1.4,None,2024-07-17 19h32.59.421772 +0200,
TOUCH,0,5,5,5,,,,,11.14844214599998,,,,,,,,,,,,,,,,11.023913894000088,11.14844214599998,11.14844214599998,11.14844214599998,11.14844214599998,11.14844214599998,11.14844214599998,11.14844214599998,11.14844214599998,11.14844214599998,11.14844214599998,11.14844214599998,11.14844214599998,11.14844214599998,11.14844214599998,11.14844214599998,11.14844214599998,11.239971527999842,None,None,None,None,None,None,None,None,None,None,None,None,1,[0.12876519900009953],[0.12877703200001633],0,,,,,,,,,,,,,,,,,,566290,001,2024-07-17_19h32.47.446,SenstirEs_warningandinstructions,2024.1.4,None,2024-07-17 19h32.59.421772 +0200,
SOFTNESS,0,6,6,6,,,,,11.364983414000108,,,,,,,,,,,,,,,,11.241321949999929,11.364983414000108,11.364983414000108,11.364983414000108,11.364983414000108,11.364983414000108,11.364983414000108,11.364983414000108,11.364983414000108,11.364983414000108,11.364983414000108,11.364983414000108,11.364983414000108,11.364983414000108,11.364983414000108,11.364983414000108,11.364983414000108,11.45715465100011,None,None,None,None,None,None,None,None,None,None,None,None,1,[0.12774106899996696],[0.12775017800004207],0,,,,,,,,,,,,,,,,,,566290,001,2024-07-17_19h32.47.446,SenstirEs_warningandinstructions,2024.1.4,None,2024-07-17 19h32.59.421772 +0200,
INTUITIONALLY,0,7,7,7,,,,,11.581612882000172,,,,,,,,,,,,,,,,11.458321286000228,11.581612882000172,11.581612882000172,11.581612882000172,11.581612882000172,11.581612882000172,11.581612882000172,11.581612882000172,11.581612882000172,11.581612882000172,11.581612882000172,11.581612882000172,11.581612882000172,11.581612882000172,11.581612882000172,11.581612882000172,11.581612882000172,11.688383648000126,None,None,None,None,None,None,None,None,None,None,None,None,1,[0.1265740270000606],[0.12658312200028377],0,,,,,,,,,,,,,,,,,,566290,001,2024-07-17_19h32.47.446,SenstirEs_warningandinstructions,2024.1.4,None,2024-07-17 19h32.59.421772 +0200,
THIGHBONE,0,8,8,8,,,,,11.814928215000236,,,,,,,,,,,,,,,,11.689422924000155,11.814928215000236,11.814928215000236,11.814928215000236,11.814928215000236,11.814928215000236,11.814928215000236,11.814928215000236,11.814928215000236,11.814928215000236,11.814928215000236,11.814928215000236,11.814928215000236,11.814928215000236,11.814928215000236,11.814928215000236,11.814928215000236,11.9061267699999,None,None,None,None,None,None,None,None,None,None,None,None,1,[0.12782266699969114],[0.12783104299978731],0,,,,,,,,,,,,,,,,,,566290,001,2024-07-17_19h32.47.446,SenstirEs_warningandinstructions,2024.1.4,None,2024-07-17 19h32.59.421772 +0200,
PETTED,0,9,9,9,,,,,12.031535392000023,,,,,,,,,,,,,,,,11.907173691000025,12.031535392000023,12.031535392000023,12.031535392000023,12.031535392000023,12.031535392000023,12.031535392000023,12.031535392000023,12.031535392000023,12.031535392000023,12.031535392000023,12.031535392000023,12.031535392000023,12.031535392000023,12.031535392000023,12.031535392000023,12.031535392000023,12.122826457999963,None,None,None,None,None,None,None,None,None,None,None,None,1,[0.1276874739996856],[0.1276956279998558],0,,,,,,,,,,,,,,,,,,566290,001,2024-07-17_19h32.47.446,SenstirEs_warningandinstructions,2024.1.4,None,2024-07-17 19h32.59.421772 +0200,
FONDLE,0,10,10,10,,,,,12.2483545099999,,,,,,,,,,,,,,,,12.123885278000216,12.2483545099999,12.2483545099999,12.2483545099999,12.2483545099999,12.2483545099999,12.2483545099999,12.2483545099999,12.2483545099999,12.2483545099999,12.2483545099999,12.2483545099999,12.2483545099999,12.2483545099999,12.2483545099999,12.2483545099999,12.2483545099999,12.340403138000056,None,None,None,None,None,None,None,None,None,None,None,None,1,[0.1289243439996426],[0.12893475399960153],0,,,,,,,,,,,,,,,,,,566290,001,2024-07-17_19h32.47.446,SenstirEs_warningandinstructions,2024.1.4,None,2024-07-17 19h32.59.421772 +0200,
FURRINESS,0,11,11,11,,,,,12.46522770599995,,,,,,,,,,,,,,,,12.34142840200002,12.46522770599995,12.46522770599995,12.46522770599995,12.46522770599995,12.46522770599995,12.46522770599995,12.46522770599995,12.46522770599995,12.46522770599995,12.46522770599995,12.46522770599995,12.46522770599995,12.46522770599995,12.46522770599995,12.46522770599995,12.46522770599995,12.608287876999839,None,None,None,None,None,None,None,None,None,None,None,None,1,[0.17906833799997912],[0.17907630399986374],0,,,,,,,,,,,,,,,,,,566290,001,2024-07-17_19h32.47.446,SenstirEs_warningandinstructions,2024.1.4,None,2024-07-17 19h32.59.421772 +0200,
INDESTRUCTIBILITY,0,12,12,12,,,,,12.731503119000081,,,,,,,,,,,,,,,,12.609325294999962,12.731503119000081,12.731503119000081,12.731503119000081,12.731503119000081,12.731503119000081,12.731503119000081,12.731503119000081,12.731503119000081,12.731503119000081,12.731503119000081,12.731503119000081,12.731503119000081,12.731503119000081,12.731503119000081,12.731503119000081,12.731503119000081,12.823734485999921,None,None,None,None,None,None,None,None,None,None,None,None,1,[0.1273183949997474],[0.1273323119999077],0,,,,,,,,,,,,,,,,,,566290,001,2024-07-17_19h32.47.446,SenstirEs_warningandinstructions,2024.1.4,None,2024-07-17 19h32.59.421772 +0200,
PUTTYLIKE,0,13,13,13,,,,,12.948363177999909,,,,,,,,,,,,,,,,12.824879617000079,12.948363177999909,12.948363177999909,12.948363177999909,12.948363177999909,12.948363177999909,12.948363177999909,12.948363177999909,12.948363177999909,12.948363177999909,12.948363177999909,12.948363177999909,12.948363177999909,12.948363177999909,12.948363177999909,12.948363177999909,12.948363177999909,13.040801380000175,None,None,None,None,None,None,None,None,None,None,None,None,1,[0.1280465559998447],[0.1280577769998672],0,,,,,,,,,,,,,,,,,,566290,001,2024-07-17_19h32.47.446,SenstirEs_warningandinstructions,2024.1.4,None,2024-07-17 19h32.59.421772 +0200,
HOWL,0,14,14,14,,,,,13.164917396999954,,,,,,,,,,,,,,,,13.041903316000116,13.164917396999954,13.164917396999954,13.164917396999954,13.164917396999954,13.164917396999954,13.164917396999954,13.164917396999954,13.164917396999954,13.164917396999954,13.164917396999954,13.164917396999954,13.164917396999954,13.164917396999954,13.164917396999954,13.164917396999954,13.164917396999954,13.322630917999959,None,None,None,None,None,None,None,None,None,None,None,None,1,[0.19313261699971918],[0.19314153699997405],0,,,,,,,,,,,,,,,,,,566290,001,2024-07-17_19h32.47.446,SenstirEs_warningandinstructions,2024.1.4,None,2024-07-17 19h32.59.421772 +0200,
TOUCHINGLY,0,15,15,15,,,,,13.448571315000208,,,,,,,,,,,,,,,,13.323670651000157,13.448571315000208,13.448571315000208,13.448571315000208,13.448571315000208,13.448571315000208,13.448571315000208,13.448571315000208,13.448571315000208,13.448571315000208,13.448571315000208,13.448571315000208,13.448571315000208,13.448571315000208,13.448571315000208,13.448571315000208,13.448571315000208,13.541264263999892,None,None,None,None,None,None,None,None,None,None,None,None,1,[0.12884793400007766],[0.12885699600019507],0,,,,,,,,,,,,,,,,,,566290,001,2024-07-17_19h32.47.446,SenstirEs_warningandinstructions,2024.1.4,None,2024-07-17 19h32.59.421772 +0200,
FACE,0,16,16,16,,,,,13.664810751999994,,,,,,,,,,,,,,,,13.542291363000004,13.664810751999994,13.664810751999994,13.664810751999994,13.664810751999994,13.664810751999994,13.664810751999994,13.664810751999994,13.664810751999994,13.664810751999994,13.664810751999994,13.664810751999994,13.664810751999994,13.664810751999994,13.664810751999994,13.664810751999994,13.664810751999994,13.824303773999873,None,None,None,None,None,None,None,None,None,None,None,None,1,[0.1942431900001793],[0.19425420600009602],0,,,,,,,,,,,,,,,,,,566290,001,2024-07-17_19h32.47.446,SenstirEs_warningandinstructions,2024.1.4,None,2024-07-17 19h32.59.421772 +0200,
DEPLORED,0,17,17,17,,,,,13.948310177000167,,,,,,,,,,,,,,,,13.82537903299999,13.948310177000167,13.948310177000167,13.948310177000167,13.948310177000167,13.948310177000167,13.948310177000167,13.948310177000167,13.948310177000167,13.948310177000167,13.948310177000167,13.948310177000167,13.948310177000167,13.948310177000167,13.948310177000167,13.948310177000167,13.948310177000167,14.039867333000075,None,None,None,None,None,None,None,None,None,None,None,None,1,[0.12747096899965982],[0.1274848269999893],0,,,,,,,,,,,,,,,,,,566290,001,2024-07-17_19h32.47.446,SenstirEs_warningandinstructions,2024.1.4,None,2024-07-17 19h32.59.421772 +0200,
KNOB,0,18,18,18,,,,,14.164674836999893,,,,,,,,,,,,,,,,14.040901335999934,14.164674836999893,14.164674836999893,14.164674836999893,14.164674836999893,14.164674836999893,14.164674836999893,14.164674836999893,14.164674836999893,14.164674836999893,14.164674836999893,14.164674836999893,14.164674836999893,14.164674836999893,14.164674836999893,14.164674836999893,14.164674836999893,14.256479934000254,None,None,None,None,None,None,None,None,None,None,None,None,1,[0.1280832770003144],[0.12809219000018857],0,,,,,,,,,,,,,,,,,,566290,001,2024-07-17_19h32.47.446,SenstirEs_warningandinstructions,2024.1.4,None,2024-07-17 19h32.59.421772 +0200,
,,,,,,,,,,,,,,,,,,,,,,,,,,,,,,,,,,,,,,,,,,,,,,,,,,,,,,,,,,,,,14.257438181999987,14.304983961999824,14.304983961999824,14.304983961999824,14.304983961999824,17.135574764000012,0,,,1,[2.873832257000231],[2.8738417590002427],0,,,566290,001,2024-07-17_19h32.47.446,SenstirEs_warningandinstructions,2024.1.4,None,2024-07-17 19h32.59.421772 +0200,
,,,,,,,,,17.264969743000165,,,,,,,,,,,,,,,,17.14240668499997,17.264969743000165,17.264969743000165,17.264969743000165,17.264969743000165,17.264969743000165,17.264969743000165,17.264969743000165,17.264969743000165,17.264969743000165,17.264969743000165,17.264969743000165,17.264969743000165,17.264969743000165,17.264969743000165,17.264969743000165,17.264969743000165,,,,,,,,,,,,,,,,,,,,,,,,,,,,,,,,,,,,,,,,,,
