﻿Word,SentirEs_19.thisRepN,SentirEs_19.thisTrialN,SentirEs_19.thisN,SentirEs_19.thisIndex,SentirEs_45.thisRepN,SentirEs_45.thisTrialN,SentirEs_45.thisN,SentirEs_45.thisIndex,SentirEs_78.thisRepN,SentirEs_78.thisTrialN,SentirEs_78.thisN,SentirEs_78.thisIndex,thisRow.t,notes,warning_Eng.started,warning_SentirEs.started,next_warning.started,warning_Eng.stopped,next_warning.numClicks,next_warning.timesOn,next_warning.timesOff,SentirEs_intructions_Eng.started,intructions.started,next_instructions.started,SentirEs_intructions_Eng.stopped,next_instructions.numClicks,next_instructions.timesOn,next_instructions.timesOff,SentirEs_likert_Eng.started,text.started,stimuli.started,perceptual_audition.started,perceptual_gustatory.started,perceptual_haptic.started,perceptual_interocepticve.started,perceptual_olfaction.started,perceptual_visual.started,Audition.started,Gustatory.started,Haptic.started,Interoception.started,Olfaction.started,Vision.started,next.started,Dont_know.started,SentirEs_likert_Eng.stopped,Audition.response,Audition.rt,Gustatory.response,Gustatory.rt,Haptic.response,Haptic.rt,Interoception.response,Interoception.rt,Olfaction.response,Olfaction.rt,Vision.response,Vision.rt,next.numClicks,next.timesOn,next.timesOff,Dont_know.numClicks,Dont_know.timesOn,Dont_know.timesOff,SenstirEs_catch_Eng_1.started,catch_1.started,bear.started,bird.started,fish.started,SenstirEs_catch_Eng_1.stopped,bear.numClicks,bear.timesOn,bear.timesOff,bird.numClicks,bird.timesOn,bird.timesOff,fish.numClicks,fish.timesOn,fish.timesOff,SenstirEs_catch_Eng_2.started,catch_2.started,fifteen.started,one_hundred.started,seventy_two.started,SenstirEs_catch_Eng_2.stopped,fifteen.numClicks,fifteen.timesOn,fifteen.timesOff,one_hundred.numClicks,one_hundred.timesOn,one_hundred.timesOff,seventy_two.numClicks,seventy_two.timesOn,seventy_two.timesOff,SenstirEs_catch_Eng_3.started,catch_3.started,sandwitch.started,apple.started,cauliflower.started,participant,session,date,expName,psychopyVersion,frameRate,expStart,
,,,,,,,,,,,,,,,0.032293395983288065,0.08133791797445156,0.08133791797445156,1.4723153169907164,1,[1.431564671016531],[1.4315805530059151],,,,,,,,,,,,,,,,,,,,,,,,,,,,,,,,,,,,,,,,,,,,,,,,,,,,,,,,,,,,,,,,,,,,,,,,,,,,,,,733557,001,2024-08-14_18h19.31.580,SenstirEs_warningandinstructions,2024.1.4,None,2024-08-14 18h19.45.690681 +0200,
,,,,,,,,,,,,,,,,,,,,,,1.472539546986809,1.501538504002383,1.501538504002383,2.8526496359845623,1,[1.3776543160201982],[1.3776675359986257],,,,,,,,,,,,,,,,,,,,,,,,,,,,,,,,,,,,,,,,,,,,,,,,,,,,,,,,,,,,,,,,,,,,,,,,733557,001,2024-08-14_18h19.31.580,SenstirEs_warningandinstructions,2024.1.4,None,2024-08-14 18h19.45.690681 +0200,
TOUCHING,0,0,0,0,,,,,,,,,3.113804344990058,,,,,,,,,,,,,,,,2.872151887975633,3.113804344990058,3.113804344990058,3.113804344990058,3.113804344990058,3.113804344990058,3.113804344990058,3.113804344990058,3.113804344990058,3.113804344990058,3.113804344990058,3.113804344990058,3.113804344990058,3.113804344990058,3.113804344990058,3.113804344990058,3.113804344990058,4.057441463985015,None,None,None,None,None,None,None,None,None,None,None,None,1,[1.0905896269832738],[1.0906061449786648],0,,,,,,,,,,,,,,,,,,,,,,,,,,,,,,,,,,,,,,733557,001,2024-08-14_18h19.31.580,SenstirEs_warningandinstructions,2024.1.4,None,2024-08-14 18h19.45.690681 +0200,
JELL,0,1,1,1,,,,,,,,,4.188666722999187,,,,,,,,,,,,,,,,4.0620740719896276,4.188666722999187,4.188666722999187,4.188666722999187,4.188666722999187,4.188666722999187,4.188666722999187,4.188666722999187,4.188666722999187,4.188666722999187,4.188666722999187,4.188666722999187,4.188666722999187,4.188666722999187,4.188666722999187,4.188666722999187,4.188666722999187,4.277001504990039,None,None,None,None,None,None,None,None,None,None,None,None,1,[0.1234681640053168],[0.12347673400654458],0,,,,,,,,,,,,,,,,,,,,,,,,,,,,,,,,,,,,,,733557,001,2024-08-14_18h19.31.580,SenstirEs_warningandinstructions,2024.1.4,None,2024-08-14 18h19.45.690681 +0200,
DAYTIME,0,2,2,2,,,,,,,,,4.401124639000045,,,,,,,,,,,,,,,,4.2780150679755025,4.401124639000045,4.401124639000045,4.401124639000045,4.401124639000045,4.401124639000045,4.401124639000045,4.401124639000045,4.401124639000045,4.401124639000045,4.401124639000045,4.401124639000045,4.401124639000045,4.401124639000045,4.401124639000045,4.401124639000045,4.401124639000045,4.426357486983761,None,None,None,None,None,None,None,None,None,None,None,None,1,[0.05902859699563123],[0.059037160011939704],0,,,,,,,,,,,,,,,,,,,,,,,,,,,,,,,,,,,,,,733557,001,2024-08-14_18h19.31.580,SenstirEs_warningandinstructions,2024.1.4,None,2024-08-14 18h19.45.690681 +0200,
IN SIGHT,0,3,3,3,,,,,,,,,4.548638111999026,,,,,,,,,,,,,,,,4.427377059997525,4.548638111999026,4.548638111999026,4.548638111999026,4.548638111999026,4.548638111999026,4.548638111999026,4.548638111999026,4.548638111999026,4.548638111999026,4.548638111999026,4.548638111999026,4.548638111999026,4.548638111999026,4.548638111999026,4.548638111999026,4.548638111999026,4.6400661779916845,None,None,None,None,None,None,None,None,None,None,None,None,1,[0.12202272997819819],[0.12203497398877516],0,,,,,,,,,,,,,,,,,,,,,,,,,,,,,,,,,,,,,,733557,001,2024-08-14_18h19.31.580,SenstirEs_warningandinstructions,2024.1.4,None,2024-08-14 18h19.45.690681 +0200,
OVERRIDE,0,4,4,4,,,,,,,,,4.766102323977975,,,,,,,,,,,,,,,,4.64108447599574,4.766102323977975,4.766102323977975,4.766102323977975,4.766102323977975,4.766102323977975,4.766102323977975,4.766102323977975,4.766102323977975,4.766102323977975,4.766102323977975,4.766102323977975,4.766102323977975,4.766102323977975,4.766102323977975,4.766102323977975,4.766102323977975,4.790771787986159,None,None,None,None,None,None,None,None,None,None,None,None,1,[0.06103804800659418],[0.061047819996019825],0,,,,,,,,,,,,,,,,,,,,,,,,,,,,,,,,,,,,,,733557,001,2024-08-14_18h19.31.580,SenstirEs_warningandinstructions,2024.1.4,None,2024-08-14 18h19.45.690681 +0200,
TOUCH,0,5,5,5,,,,,,,,,4.913778098998591,,,,,,,,,,,,,,,,4.7917798809939995,4.913778098998591,4.913778098998591,4.913778098998591,4.913778098998591,4.913778098998591,4.913778098998591,4.913778098998591,4.913778098998591,4.913778098998591,4.913778098998591,4.913778098998591,4.913778098998591,4.913778098998591,4.913778098998591,4.913778098998591,4.913778098998591,4.939666648977436,None,None,None,None,None,None,None,None,None,None,None,None,1,[0.06135603098664433],[0.06136486798641272],0,,,,,,,,,,,,,,,,,,,,,,,,,,,,,,,,,,,,,,733557,001,2024-08-14_18h19.31.580,SenstirEs_warningandinstructions,2024.1.4,None,2024-08-14 18h19.45.690681 +0200,
SOFTNESS,0,6,6,6,,,,,,,,,5.064021437981864,,,,,,,,,,,,,,,,4.9407144649885595,5.064021437981864,5.064021437981864,5.064021437981864,5.064021437981864,5.064021437981864,5.064021437981864,5.064021437981864,5.064021437981864,5.064021437981864,5.064021437981864,5.064021437981864,5.064021437981864,5.064021437981864,5.064021437981864,5.064021437981864,5.064021437981864,5.090419629996177,None,None,None,None,None,None,None,None,None,None,None,None,1,[0.0606862629938405],[0.060698932997183874],0,,,,,,,,,,,,,,,,,,,,,,,,,,,,,,,,,,,,,,733557,001,2024-08-14_18h19.31.580,SenstirEs_warningandinstructions,2024.1.4,None,2024-08-14 18h19.45.690681 +0200,
INTUITIONALLY,0,7,7,7,,,,,,,,,5.214489384001354,,,,,,,,,,,,,,,,5.091442423989065,5.214489384001354,5.214489384001354,5.214489384001354,5.214489384001354,5.214489384001354,5.214489384001354,5.214489384001354,5.214489384001354,5.214489384001354,5.214489384001354,5.214489384001354,5.214489384001354,5.214489384001354,5.214489384001354,5.214489384001354,5.214489384001354,5.239770595973823,None,None,None,None,None,None,None,None,None,None,None,None,1,[0.06017911899834871],[0.06018794298870489],0,,,,,,,,,,,,,,,,,,,,,,,,,,,,,,,,,,,,,,733557,001,2024-08-14_18h19.31.580,SenstirEs_warningandinstructions,2024.1.4,None,2024-08-14 18h19.45.690681 +0200,
THIGHBONE,0,8,8,8,,,,,,,,,5.3630034329835325,,,,,,,,,,,,,,,,5.240783207991626,5.3630034329835325,5.3630034329835325,5.3630034329835325,5.3630034329835325,5.3630034329835325,5.3630034329835325,5.3630034329835325,5.3630034329835325,5.3630034329835325,5.3630034329835325,5.3630034329835325,5.3630034329835325,5.3630034329835325,5.3630034329835325,5.3630034329835325,5.3630034329835325,5.388663541991264,None,None,None,None,None,None,None,None,None,None,None,None,1,[0.05896317699807696],[0.05897182400804013],0,,,,,,,,,,,,,,,,,,,,,,,,,,,,,,,,,,,,,,733557,001,2024-08-14_18h19.31.580,SenstirEs_warningandinstructions,2024.1.4,None,2024-08-14 18h19.45.690681 +0200,
PETTED,0,9,9,9,,,,,,,,,5.514482296974165,,,,,,,,,,,,,,,,5.389688102994114,5.514482296974165,5.514482296974165,5.514482296974165,5.514482296974165,5.514482296974165,5.514482296974165,5.514482296974165,5.514482296974165,5.514482296974165,5.514482296974165,5.514482296974165,5.514482296974165,5.514482296974165,5.514482296974165,5.514482296974165,5.514482296974165,5.539555468974868,None,None,None,None,None,None,None,None,None,None,None,None,1,[0.059634867997374386],[0.0596430340083316],0,,,,,,,,,,,,,,,,,,,,,,,,,,,,,,,,,,,,,,733557,001,2024-08-14_18h19.31.580,SenstirEs_warningandinstructions,2024.1.4,None,2024-08-14 18h19.45.690681 +0200,
FONDLE,0,10,10,10,,,,,,,,,5.6637648129835725,,,,,,,,,,,,,,,,5.540593818994239,5.6637648129835725,5.6637648129835725,5.6637648129835725,5.6637648129835725,5.6637648129835725,5.6637648129835725,5.6637648129835725,5.6637648129835725,5.6637648129835725,5.6637648129835725,5.6637648129835725,5.6637648129835725,5.6637648129835725,5.6637648129835725,5.6637648129835725,5.6637648129835725,5.687785902002361,None,None,None,None,None,None,None,None,None,None,None,None,1,[0.06006210399209522],[0.06007040498661809],0,,,,,,,,,,,,,,,,,,,,,,,,,,,,,,,,,,,,,,733557,001,2024-08-14_18h19.31.580,SenstirEs_warningandinstructions,2024.1.4,None,2024-08-14 18h19.45.690681 +0200,
FURRINESS,0,11,11,11,,,,,,,,,5.813945828995202,,,,,,,,,,,,,,,,5.688798280985793,5.813945828995202,5.813945828995202,5.813945828995202,5.813945828995202,5.813945828995202,5.813945828995202,5.813945828995202,5.813945828995202,5.813945828995202,5.813945828995202,5.813945828995202,5.813945828995202,5.813945828995202,5.813945828995202,5.813945828995202,5.813945828995202,5.905811194999842,None,None,None,None,None,None,None,None,None,None,None,None,1,[0.1293027639912907],[0.12931076498352922],0,,,,,,,,,,,,,,,,,,,,,,,,,,,,,,,,,,,,,,733557,001,2024-08-14_18h19.31.580,SenstirEs_warningandinstructions,2024.1.4,None,2024-08-14 18h19.45.690681 +0200,
INDESTRUCTIBILITY,0,12,12,12,,,,,,,,,6.030840242980048,,,,,,,,,,,,,,,,5.906912079983158,6.030840242980048,6.030840242980048,6.030840242980048,6.030840242980048,6.030840242980048,6.030840242980048,6.030840242980048,6.030840242980048,6.030840242980048,6.030840242980048,6.030840242980048,6.030840242980048,6.030840242980048,6.030840242980048,6.030840242980048,6.030840242980048,6.056095107982401,None,None,None,None,None,None,None,None,None,None,None,None,1,[0.06104002401116304],[0.06104965499253012],0,,,,,,,,,,,,,,,,,,,,,,,,,,,,,,,,,,,,,,733557,001,2024-08-14_18h19.31.580,SenstirEs_warningandinstructions,2024.1.4,None,2024-08-14 18h19.45.690681 +0200,
PUTTYLIKE,0,13,13,13,,,,,,,,,6.188942569977371,,,,,,,,,,,,,,,,6.057233671977883,6.188942569977371,6.188942569977371,6.188942569977371,6.188942569977371,6.188942569977371,6.188942569977371,6.188942569977371,6.188942569977371,6.188942569977371,6.188942569977371,6.188942569977371,6.188942569977371,6.188942569977371,6.188942569977371,6.188942569977371,6.188942569977371,6.213834266993217,None,None,None,None,None,None,None,None,None,None,None,None,1,[0.05966441097552888],[0.059673386975191534],0,,,,,,,,,,,,,,,,,,,,,,,,,,,,,,,,,,,,,,733557,001,2024-08-14_18h19.31.580,SenstirEs_warningandinstructions,2024.1.4,None,2024-08-14 18h19.45.690681 +0200,
HOWL,0,14,14,14,,,,,,,,,6.338186334993225,,,,,,,,,,,,,,,,6.2149628609768115,6.338186334993225,6.338186334993225,6.338186334993225,6.338186334993225,6.338186334993225,6.338186334993225,6.338186334993225,6.338186334993225,6.338186334993225,6.338186334993225,6.338186334993225,6.338186334993225,6.338186334993225,6.338186334993225,6.338186334993225,6.338186334993225,6.425395511992974,None,None,None,None,None,None,None,None,None,None,None,None,1,[0.12277290198835544],[0.12278477000654675],0,,,,,,,,,,,,,,,,,,,,,,,,,,,,,,,,,,,,,,733557,001,2024-08-14_18h19.31.580,SenstirEs_warningandinstructions,2024.1.4,None,2024-08-14 18h19.45.690681 +0200,
TOUCHINGLY,0,15,15,15,,,,,,,,,6.546984513988718,,,,,,,,,,,,,,,,6.426407887978712,6.546984513988718,6.546984513988718,6.546984513988718,6.546984513988718,6.546984513988718,6.546984513988718,6.546984513988718,6.546984513988718,6.546984513988718,6.546984513988718,6.546984513988718,6.546984513988718,6.546984513988718,6.546984513988718,6.546984513988718,6.546984513988718,6.571816181996837,None,None,None,None,None,None,None,None,None,None,None,None,1,[0.05792242899769917],[0.057930426992243156],0,,,,,,,,,,,,,,,,,,,,,,,,,,,,,,,,,,,,,,733557,001,2024-08-14_18h19.31.580,SenstirEs_warningandinstructions,2024.1.4,None,2024-08-14 18h19.45.690681 +0200,
FACE,0,16,16,16,,,,,,,,,6.69718069199007,,,,,,,,,,,,,,,,6.572856484999647,6.69718069199007,6.69718069199007,6.69718069199007,6.69718069199007,6.69718069199007,6.69718069199007,6.69718069199007,6.69718069199007,6.69718069199007,6.69718069199007,6.69718069199007,6.69718069199007,6.69718069199007,6.69718069199007,6.69718069199007,6.69718069199007,6.72260970500065,None,None,None,None,None,None,None,None,None,None,None,None,1,[0.0619488229858689],[0.06195790698984638],0,,,,,,,,,,,,,,,,,,,,,,,,,,,,,,,,,,,,,,733557,001,2024-08-14_18h19.31.580,SenstirEs_warningandinstructions,2024.1.4,None,2024-08-14 18h19.45.690681 +0200,
DEPLORED,0,17,17,17,,,,,,,,,6.847843939991435,,,,,,,,,,,,,,,,6.723627959989244,6.847843939991435,6.847843939991435,6.847843939991435,6.847843939991435,6.847843939991435,6.847843939991435,6.847843939991435,6.847843939991435,6.847843939991435,6.847843939991435,6.847843939991435,6.847843939991435,6.847843939991435,6.847843939991435,6.847843939991435,6.847843939991435,6.938851561979391,None,None,None,None,None,None,None,None,None,None,None,None,1,[0.12736212500021793],[0.1273720580211375],0,,,,,,,,,,,,,,,,,,,,,,,,,,,,,,,,,,,,,,733557,001,2024-08-14_18h19.31.580,SenstirEs_warningandinstructions,2024.1.4,None,2024-08-14 18h19.45.690681 +0200,
KNOB,0,18,18,18,,,,,,,,,7.063550333987223,,,,,,,,,,,,,,,,6.940365202986868,7.063550333987223,7.063550333987223,7.063550333987223,7.063550333987223,7.063550333987223,7.063550333987223,7.063550333987223,7.063550333987223,7.063550333987223,7.063550333987223,7.063550333987223,7.063550333987223,7.063550333987223,7.063550333987223,7.063550333987223,7.063550333987223,7.1537071309867315,None,None,None,None,None,None,None,None,None,None,None,None,1,[0.12763282199739479],[0.12764157500350848],0,,,,,,,,,,,,,,,,,,,,,,,,,,,,,,,,,,,,,,733557,001,2024-08-14_18h19.31.580,SenstirEs_warningandinstructions,2024.1.4,None,2024-08-14 18h19.45.690681 +0200,
,,,,,,,,,,,,,,,,,,,,,,,,,,,,,,,,,,,,,,,,,,,,,,,,,,,,,,,,,,,,,,,,,7.15490926898201,7.202287095977226,7.202287095977226,7.202287095977226,7.202287095977226,8.501414723985363,0,,,1,[1.342299854994053],[1.3423095220059622],0,,,,,,,,,,,,,,,,,,,,,,,733557,001,2024-08-14_18h19.31.580,SenstirEs_warningandinstructions,2024.1.4,None,2024-08-14 18h19.45.690681 +0200,
FLUNG,,,,,0,0,0,0,,,,,8.630494896002347,,,,,,,,,,,,,,,,8.508199489995604,8.630494896002347,8.630494896002347,8.630494896002347,8.630494896002347,8.630494896002347,8.630494896002347,8.630494896002347,8.630494896002347,8.630494896002347,8.630494896002347,8.630494896002347,8.630494896002347,8.630494896002347,8.630494896002347,8.630494896002347,8.630494896002347,9.25495068798773,None,None,None,None,None,None,None,None,None,None,None,None,1,[0.6575332100037485],[0.657541748980293],0,,,,,,,,,,,,,,,,,,,,,,,,,,,,,,,,,,,,,,733557,001,2024-08-14_18h19.31.580,SenstirEs_warningandinstructions,2024.1.4,None,2024-08-14 18h19.45.690681 +0200,
PARAPSYCHOLOGY,,,,,0,1,1,1,,,,,9.38027927497751,,,,,,,,,,,,,,,,9.256750167987775,9.38027927497751,9.38027927497751,9.38027927497751,9.38027927497751,9.38027927497751,9.38027927497751,9.38027927497751,9.38027927497751,9.38027927497751,9.38027927497751,9.38027927497751,9.38027927497751,9.38027927497751,9.38027927497751,9.38027927497751,9.38027927497751,9.472850107995328,None,None,None,None,None,None,None,None,None,None,None,None,1,[0.12675850902451202],[0.12676880302024074],0,,,,,,,,,,,,,,,,,,,,,,,,,,,,,,,,,,,,,,733557,001,2024-08-14_18h19.31.580,SenstirEs_warningandinstructions,2024.1.4,None,2024-08-14 18h19.45.690681 +0200,
DEXTEROUS,,,,,0,2,2,2,,,,,9.596444347000215,,,,,,,,,,,,,,,,9.474294830986764,9.596444347000215,9.596444347000215,9.596444347000215,9.596444347000215,9.596444347000215,9.596444347000215,9.596444347000215,9.596444347000215,9.596444347000215,9.596444347000215,9.596444347000215,9.596444347000215,9.596444347000215,9.596444347000215,9.596444347000215,9.596444347000215,9.621349672001088,None,None,None,None,None,None,None,None,None,None,None,None,1,[0.060004619997926056],[0.060012761008692905],0,,,,,,,,,,,,,,,,,,,,,,,,,,,,,,,,,,,,,,733557,001,2024-08-14_18h19.31.580,SenstirEs_warningandinstructions,2024.1.4,None,2024-08-14 18h19.45.690681 +0200,
PESSIMISTIC,,,,,0,3,3,3,,,,,9.746781959984219,,,,,,,,,,,,,,,,9.622894697997253,9.746781959984219,9.746781959984219,9.746781959984219,9.746781959984219,9.746781959984219,9.746781959984219,9.746781959984219,9.746781959984219,9.746781959984219,9.746781959984219,9.746781959984219,9.746781959984219,9.746781959984219,9.746781959984219,9.746781959984219,9.746781959984219,9.772289549990091,None,None,None,None,None,None,None,None,None,None,None,None,1,[0.06154459901154041],[0.06155394000234082],0,,,,,,,,,,,,,,,,,,,,,,,,,,,,,,,,,,,,,,733557,001,2024-08-14_18h19.31.580,SenstirEs_warningandinstructions,2024.1.4,None,2024-08-14 18h19.45.690681 +0200,
KNOCKER,,,,,0,4,4,4,,,,,9.896905207977397,,,,,,,,,,,,,,,,9.773308620991884,9.896905207977397,9.896905207977397,9.896905207977397,9.896905207977397,9.896905207977397,9.896905207977397,9.896905207977397,9.896905207977397,9.896905207977397,9.896905207977397,9.896905207977397,9.896905207977397,9.896905207977397,9.896905207977397,9.896905207977397,9.896905207977397,9.92202836999786,None,None,None,None,None,None,None,None,None,None,None,None,1,[0.06100838500424288],[0.06101665800088085],0,,,,,,,,,,,,,,,,,,,,,,,,,,,,,,,,,,,,,,733557,001,2024-08-14_18h19.31.580,SenstirEs_warningandinstructions,2024.1.4,None,2024-08-14 18h19.45.690681 +0200,
BLACKHEART,,,,,0,5,5,5,,,,,10.046954427991295,,,,,,,,,,,,,,,,9.923048162978375,10.046954427991295,10.046954427991295,10.046954427991295,10.046954427991295,10.046954427991295,10.046954427991295,10.046954427991295,10.046954427991295,10.046954427991295,10.046954427991295,10.046954427991295,10.046954427991295,10.046954427991295,10.046954427991295,10.046954427991295,10.046954427991295,10.07226921999245,None,None,None,None,None,None,None,None,None,None,None,None,1,[0.061161365010775626],[0.061170172004494816],0,,,,,,,,,,,,,,,,,,,,,,,,,,,,,,,,,,,,,,733557,001,2024-08-14_18h19.31.580,SenstirEs_warningandinstructions,2024.1.4,None,2024-08-14 18h19.45.690681 +0200,
SKIES,,,,,0,6,6,6,,,,,10.197034110984532,,,,,,,,,,,,,,,,10.073292694985867,10.197034110984532,10.197034110984532,10.197034110984532,10.197034110984532,10.197034110984532,10.197034110984532,10.197034110984532,10.197034110984532,10.197034110984532,10.197034110984532,10.197034110984532,10.197034110984532,10.197034110984532,10.197034110984532,10.197034110984532,10.197034110984532,10.222319882974261,None,None,None,None,None,None,None,None,None,None,None,None,1,[0.061078751023160294],[0.061087370006134734],0,,,,,,,,,,,,,,,,,,,,,,,,,,,,,,,,,,,,,,733557,001,2024-08-14_18h19.31.580,SenstirEs_warningandinstructions,2024.1.4,None,2024-08-14 18h19.45.690681 +0200,
VIEW,,,,,0,7,7,7,,,,,10.347023063979577,,,,,,,,,,,,,,,,10.223322648991598,10.347023063979577,10.347023063979577,10.347023063979577,10.347023063979577,10.347023063979577,10.347023063979577,10.347023063979577,10.347023063979577,10.347023063979577,10.347023063979577,10.347023063979577,10.347023063979577,10.347023063979577,10.347023063979577,10.347023063979577,10.347023063979577,10.439855056989472,None,None,None,None,None,None,None,None,None,None,None,None,1,[0.12753595999674872],[0.12754618300823495],0,,,,,,,,,,,,,,,,,,,,,,,,,,,,,,,,,,,,,,733557,001,2024-08-14_18h19.31.580,SenstirEs_warningandinstructions,2024.1.4,None,2024-08-14 18h19.45.690681 +0200,
JEOPARDY,,,,,0,8,8,8,,,,,10.564255562989274,,,,,,,,,,,,,,,,10.441114096989622,10.564255562989274,10.564255562989274,10.564255562989274,10.564255562989274,10.564255562989274,10.564255562989274,10.564255562989274,10.564255562989274,10.564255562989274,10.564255562989274,10.564255562989274,10.564255562989274,10.564255562989274,10.564255562989274,10.564255562989274,10.564255562989274,10.589105596998706,None,None,None,None,None,None,None,None,None,None,None,None,1,[0.06127791400649585],[0.0612871780176647],0,,,,,,,,,,,,,,,,,,,,,,,,,,,,,,,,,,,,,,733557,001,2024-08-14_18h19.31.580,SenstirEs_warningandinstructions,2024.1.4,None,2024-08-14 18h19.45.690681 +0200,
GRIP,,,,,0,9,9,9,,,,,10.714190975995734,,,,,,,,,,,,,,,,10.5903754249739,10.714190975995734,10.714190975995734,10.714190975995734,10.714190975995734,10.714190975995734,10.714190975995734,10.714190975995734,10.714190975995734,10.714190975995734,10.714190975995734,10.714190975995734,10.714190975995734,10.714190975995734,10.714190975995734,10.714190975995734,10.714190975995734,10.739595411985647,None,None,None,None,None,None,None,None,None,None,None,None,1,[0.06108527898322791],[0.06109354898217134],0,,,,,,,,,,,,,,,,,,,,,,,,,,,,,,,,,,,,,,733557,001,2024-08-14_18h19.31.580,SenstirEs_warningandinstructions,2024.1.4,None,2024-08-14 18h19.45.690681 +0200,
INCOMMUNICATIVENESS,,,,,0,10,10,10,,,,,10.865436516993213,,,,,,,,,,,,,,,,10.740735086001223,10.865436516993213,10.865436516993213,10.865436516993213,10.865436516993213,10.865436516993213,10.865436516993213,10.865436516993213,10.865436516993213,10.865436516993213,10.865436516993213,10.865436516993213,10.865436516993213,10.865436516993213,10.865436516993213,10.865436516993213,10.865436516993213,10.88904307197663,None,None,None,None,None,None,None,None,None,None,None,None,1,[0.06000808801036328],[0.060014837014023215],0,,,,,,,,,,,,,,,,,,,,,,,,,,,,,,,,,,,,,,733557,001,2024-08-14_18h19.31.580,SenstirEs_warningandinstructions,2024.1.4,None,2024-08-14 18h19.45.690681 +0200,
YOUTUBE,,,,,0,11,11,11,,,,,11.0135706619767,,,,,,,,,,,,,,,,10.890049984998768,11.0135706619767,11.0135706619767,11.0135706619767,11.0135706619767,11.0135706619767,11.0135706619767,11.0135706619767,11.0135706619767,11.0135706619767,11.0135706619767,11.0135706619767,11.0135706619767,11.0135706619767,11.0135706619767,11.0135706619767,11.0135706619767,11.106367391999811,None,None,None,None,None,None,None,None,None,None,None,None,1,[0.1277245910023339],[0.1277327139978297],0,,,,,,,,,,,,,,,,,,,,,,,,,,,,,,,,,,,,,,733557,001,2024-08-14_18h19.31.580,SenstirEs_warningandinstructions,2024.1.4,None,2024-08-14 18h19.45.690681 +0200,
UNLOOSE,,,,,0,12,12,12,,,,,11.236079742986476,,,,,,,,,,,,,,,,11.107379766996019,11.236079742986476,11.236079742986476,11.236079742986476,11.236079742986476,11.236079742986476,11.236079742986476,11.236079742986476,11.236079742986476,11.236079742986476,11.236079742986476,11.236079742986476,11.236079742986476,11.236079742986476,11.236079742986476,11.236079742986476,11.236079742986476,11.260846324992599,None,None,None,None,None,None,None,None,None,None,None,None,1,[0.06122739499551244],[0.06123434400069527],0,,,,,,,,,,,,,,,,,,,,,,,,,,,,,,,,,,,,,,733557,001,2024-08-14_18h19.31.580,SenstirEs_warningandinstructions,2024.1.4,None,2024-08-14 18h19.45.690681 +0200,
JAB,,,,,0,13,13,13,,,,,11.384126029995969,,,,,,,,,,,,,,,,11.261859416990774,11.384126029995969,11.384126029995969,11.384126029995969,11.384126029995969,11.384126029995969,11.384126029995969,11.384126029995969,11.384126029995969,11.384126029995969,11.384126029995969,11.384126029995969,11.384126029995969,11.384126029995969,11.384126029995969,11.384126029995969,11.384126029995969,11.408549005980603,None,None,None,None,None,None,None,None,None,None,None,None,1,[0.05947988500702195],[0.05948823402286507],0,,,,,,,,,,,,,,,,,,,,,,,,,,,,,,,,,,,,,,733557,001,2024-08-14_18h19.31.580,SenstirEs_warningandinstructions,2024.1.4,None,2024-08-14 18h19.45.690681 +0200,
COULD,,,,,0,14,14,14,,,,,11.533246307983063,,,,,,,,,,,,,,,,11.409604027983733,11.533246307983063,11.533246307983063,11.533246307983063,11.533246307983063,11.533246307983063,11.533246307983063,11.533246307983063,11.533246307983063,11.533246307983063,11.533246307983063,11.533246307983063,11.533246307983063,11.533246307983063,11.533246307983063,11.533246307983063,11.533246307983063,11.557685510982992,None,None,None,None,None,None,None,None,None,None,None,None,1,[0.060118471999885514],[0.060126580006908625],0,,,,,,,,,,,,,,,,,,,,,,,,,,,,,,,,,,,,,,733557,001,2024-08-14_18h19.31.580,SenstirEs_warningandinstructions,2024.1.4,None,2024-08-14 18h19.45.690681 +0200,
TV,,,,,0,15,15,15,,,,,11.681661451002583,,,,,,,,,,,,,,,,11.558735931990668,11.681661451002583,11.681661451002583,11.681661451002583,11.681661451002583,11.681661451002583,11.681661451002583,11.681661451002583,11.681661451002583,11.681661451002583,11.681661451002583,11.681661451002583,11.681661451002583,11.681661451002583,11.681661451002583,11.681661451002583,11.681661451002583,11.704956457979279,None,None,None,None,None,None,None,None,None,None,None,None,1,[0.0591550940007437],[0.0591616420133505],0,,,,,,,,,,,,,,,,,,,,,,,,,,,,,,,,,,,,,,733557,001,2024-08-14_18h19.31.580,SenstirEs_warningandinstructions,2024.1.4,None,2024-08-14 18h19.45.690681 +0200,
VISIBLE,,,,,0,16,16,16,,,,,11.830452588998014,,,,,,,,,,,,,,,,11.705980898987036,11.830452588998014,11.830452588998014,11.830452588998014,11.830452588998014,11.830452588998014,11.830452588998014,11.830452588998014,11.830452588998014,11.830452588998014,11.830452588998014,11.830452588998014,11.830452588998014,11.830452588998014,11.830452588998014,11.830452588998014,11.830452588998014,11.922643823985709,None,None,None,None,None,None,None,None,None,None,None,None,1,[0.12893572100438178],[0.12894599701394327],0,,,,,,,,,,,,,,,,,,,,,,,,,,,,,,,,,,,,,,733557,001,2024-08-14_18h19.31.580,SenstirEs_warningandinstructions,2024.1.4,None,2024-08-14 18h19.45.690681 +0200,
NONFOOD,,,,,0,17,17,17,,,,,12.046821955998894,,,,,,,,,,,,,,,,11.923655978986062,12.046821955998894,12.046821955998894,12.046821955998894,12.046821955998894,12.046821955998894,12.046821955998894,12.046821955998894,12.046821955998894,12.046821955998894,12.046821955998894,12.046821955998894,12.046821955998894,12.046821955998894,12.046821955998894,12.046821955998894,12.046821955998894,12.072262487985427,None,None,None,None,None,None,None,None,None,None,None,None,1,[0.06092462400556542],[0.06093272301950492],0,,,,,,,,,,,,,,,,,,,,,,,,,,,,,,,,,,,,,,733557,001,2024-08-14_18h19.31.580,SenstirEs_warningandinstructions,2024.1.4,None,2024-08-14 18h19.45.690681 +0200,
ALLERGIC,,,,,0,18,18,18,,,,,12.196886566001922,,,,,,,,,,,,,,,,12.073272277979413,12.196886566001922,12.196886566001922,12.196886566001922,12.196886566001922,12.196886566001922,12.196886566001922,12.196886566001922,12.196886566001922,12.196886566001922,12.196886566001922,12.196886566001922,12.196886566001922,12.196886566001922,12.196886566001922,12.196886566001922,12.196886566001922,12.22242455498781,None,None,None,None,None,None,None,None,None,None,None,None,1,[0.060961748007684946],[0.06097065701032989],0,,,,,,,,,,,,,,,,,,,,,,,,,,,,,,,,,,,,,,733557,001,2024-08-14_18h19.31.580,SenstirEs_warningandinstructions,2024.1.4,None,2024-08-14 18h19.45.690681 +0200,
PRETTY,,,,,0,19,19,19,,,,,12.347121280996362,,,,,,,,,,,,,,,,12.223430527985329,12.347121280996362,12.347121280996362,12.347121280996362,12.347121280996362,12.347121280996362,12.347121280996362,12.347121280996362,12.347121280996362,12.347121280996362,12.347121280996362,12.347121280996362,12.347121280996362,12.347121280996362,12.347121280996362,12.347121280996362,12.347121280996362,12.373199290974298,None,None,None,None,None,None,None,None,None,None,None,None,1,[0.06273898200015537],[0.062749200995313],0,,,,,,,,,,,,,,,,,,,,,,,,,,,,,,,,,,,,,,733557,001,2024-08-14_18h19.31.580,SenstirEs_warningandinstructions,2024.1.4,None,2024-08-14 18h19.45.690681 +0200,
SILKY,,,,,0,20,20,20,,,,,12.497239060990978,,,,,,,,,,,,,,,,12.374223557999358,12.497239060990978,12.497239060990978,12.497239060990978,12.497239060990978,12.497239060990978,12.497239060990978,12.497239060990978,12.497239060990978,12.497239060990978,12.497239060990978,12.497239060990978,12.497239060990978,12.497239060990978,12.497239060990978,12.497239060990978,12.497239060990978,12.589870921976399,None,None,None,None,None,None,None,None,None,None,None,None,1,[0.12558987498050556],[0.12559997697826475],0,,,,,,,,,,,,,,,,,,,,,,,,,,,,,,,,,,,,,,733557,001,2024-08-14_18h19.31.580,SenstirEs_warningandinstructions,2024.1.4,None,2024-08-14 18h19.45.690681 +0200,
SIGHT,,,,,0,21,21,21,,,,,12.71375152998371,,,,,,,,,,,,,,,,12.59088008897379,12.71375152998371,12.71375152998371,12.71375152998371,12.71375152998371,12.71375152998371,12.71375152998371,12.71375152998371,12.71375152998371,12.71375152998371,12.71375152998371,12.71375152998371,12.71375152998371,12.71375152998371,12.71375152998371,12.71375152998371,12.71375152998371,12.739142684993567,None,None,None,None,None,None,None,None,None,None,None,None,1,[0.0629134849878028],[0.06292153499089181],0,,,,,,,,,,,,,,,,,,,,,,,,,,,,,,,,,,,,,,733557,001,2024-08-14_18h19.31.580,SenstirEs_warningandinstructions,2024.1.4,None,2024-08-14 18h19.45.690681 +0200,
TAG,,,,,0,22,22,22,,,,,12.863637535978341,,,,,,,,,,,,,,,,12.740239771985216,12.863637535978341,12.863637535978341,12.863637535978341,12.863637535978341,12.863637535978341,12.863637535978341,12.863637535978341,12.863637535978341,12.863637535978341,12.863637535978341,12.863637535978341,12.863637535978341,12.863637535978341,12.863637535978341,12.863637535978341,12.863637535978341,12.889741434977623,None,None,None,None,None,None,None,None,None,None,None,None,1,[0.06172134799999185],[0.06172967399470508],0,,,,,,,,,,,,,,,,,,,,,,,,,,,,,,,,,,,,,,733557,001,2024-08-14_18h19.31.580,SenstirEs_warningandinstructions,2024.1.4,None,2024-08-14 18h19.45.690681 +0200,
CURL UP,,,,,0,23,23,23,,,,,13.013565028988523,,,,,,,,,,,,,,,,12.890775114996359,13.013565028988523,13.013565028988523,13.013565028988523,13.013565028988523,13.013565028988523,13.013565028988523,13.013565028988523,13.013565028988523,13.013565028988523,13.013565028988523,13.013565028988523,13.013565028988523,13.013565028988523,13.013565028988523,13.013565028988523,13.013565028988523,13.03870529399137,None,None,None,None,None,None,None,None,None,None,None,None,1,[0.060864510014653206],[0.06087341299280524],0,,,,,,,,,,,,,,,,,,,,,,,,,,,,,,,,,,,,,,733557,001,2024-08-14_18h19.31.580,SenstirEs_warningandinstructions,2024.1.4,None,2024-08-14 18h19.45.690681 +0200,
SPINAL,,,,,0,24,24,24,,,,,13.16363963598269,,,,,,,,,,,,,,,,13.03971406898927,13.16363963598269,13.16363963598269,13.16363963598269,13.16363963598269,13.16363963598269,13.16363963598269,13.16363963598269,13.16363963598269,13.16363963598269,13.16363963598269,13.16363963598269,13.16363963598269,13.16363963598269,13.16363963598269,13.16363963598269,13.16363963598269,13.256075377983507,None,None,None,None,None,None,None,None,None,None,None,None,1,[0.12831187099800445],[0.12832113198237494],0,,,,,,,,,,,,,,,,,,,,,,,,,,,,,,,,,,,,,,733557,001,2024-08-14_18h19.31.580,SenstirEs_warningandinstructions,2024.1.4,None,2024-08-14 18h19.45.690681 +0200,
,,,,,,,,,,,,,,,,,,,,,,,,,,,,,,,,,,,,,,,,,,,,,,,,,,,,,,,,,,,,,,,,,,,,,,,,,,,,,,,,13.257158683991292,13.303881184983766,13.303881184983766,13.303881184983766,13.303881184983766,14.634243699983926,0,,,0,,,1,[1.3734839789976832],[1.3734934860258363],,,,,,733557,001,2024-08-14_18h19.31.580,SenstirEs_warningandinstructions,2024.1.4,None,2024-08-14 18h19.45.690681 +0200,
VISTA LATERAL,,,,,,,,,0,0,0,0,14.764747975976206,,,,,,,,,,,,,,,,14.640179752983386,14.764747975976206,14.764747975976206,14.764747975976206,14.764747975976206,14.764747975976206,14.764747975976206,14.764747975976206,14.764747975976206,14.764747975976206,14.764747975976206,14.764747975976206,14.764747975976206,14.764747975976206,14.764747975976206,14.764747975976206,14.764747975976206,15.255827387998579,None,None,None,None,None,None,None,None,None,None,None,None,1,[0.5277090099989437],[0.5277186289895326],0,,,,,,,,,,,,,,,,,,,,,,,,,,,,,,,,,,,,,,733557,001,2024-08-14_18h19.31.580,SenstirEs_warningandinstructions,2024.1.4,None,2024-08-14 18h19.45.690681 +0200,
LISO,,,,,,,,,0,1,1,1,15.380188960989472,,,,,,,,,,,,,,,,15.257675613975152,15.380188960989472,15.380188960989472,15.380188960989472,15.380188960989472,15.380188960989472,15.380188960989472,15.380188960989472,15.380188960989472,15.380188960989472,15.380188960989472,15.380188960989472,15.380188960989472,15.380188960989472,15.380188960989472,15.380188960989472,15.380188960989472,15.47281367299729,None,None,None,None,None,None,None,None,None,None,None,None,1,[0.12788602500222623],[0.12789442599751055],0,,,,,,,,,,,,,,,,,,,,,,,,,,,,,,,,,,,,,,733557,001,2024-08-14_18h19.31.580,SenstirEs_warningandinstructions,2024.1.4,None,2024-08-14 18h19.45.690681 +0200,
DOLOROSO,,,,,,,,,0,2,2,2,15.597688882990042,,,,,,,,,,,,,,,,15.473821948980913,15.597688882990042,15.597688882990042,15.597688882990042,15.597688882990042,15.597688882990042,15.597688882990042,15.597688882990042,15.597688882990042,15.597688882990042,15.597688882990042,15.597688882990042,15.597688882990042,15.597688882990042,15.597688882990042,15.597688882990042,15.597688882990042,15.622667786985403,None,None,None,None,None,None,None,None,None,None,None,None,1,[0.06138084901613183],[0.061389579001115635],0,,,,,,,,,,,,,,,,,,,,,,,,,,,,,,,,,,,,,,733557,001,2024-08-14_18h19.31.580,SenstirEs_warningandinstructions,2024.1.4,None,2024-08-14 18h19.45.690681 +0200,
WIKIPEDIA,,,,,,,,,0,3,3,3,15.747130326984916,,,,,,,,,,,,,,,,15.62367297700257,15.747130326984916,15.747130326984916,15.747130326984916,15.747130326984916,15.747130326984916,15.747130326984916,15.747130326984916,15.747130326984916,15.747130326984916,15.747130326984916,15.747130326984916,15.747130326984916,15.747130326984916,15.747130326984916,15.747130326984916,15.747130326984916,15.772094589978224,None,None,None,None,None,None,None,None,None,None,None,None,1,[0.06033585499972105],[0.06034553999779746],0,,,,,,,,,,,,,,,,,,,,,,,,,,,,,,,,,,,,,,733557,001,2024-08-14_18h19.31.580,SenstirEs_warningandinstructions,2024.1.4,None,2024-08-14 18h19.45.690681 +0200,
TOMILLO,,,,,,,,,0,4,4,4,15.897262293990934,,,,,,,,,,,,,,,,15.773103086976334,15.897262293990934,15.897262293990934,15.897262293990934,15.897262293990934,15.897262293990934,15.897262293990934,15.897262293990934,15.897262293990934,15.897262293990934,15.897262293990934,15.897262293990934,15.897262293990934,15.897262293990934,15.897262293990934,15.897262293990934,15.897262293990934,15.921496633993229,None,None,None,None,None,None,None,None,None,None,None,None,1,[0.060663919983198866],[0.06067639798857272],0,,,,,,,,,,,,,,,,,,,,,,,,,,,,,,,,,,,,,,733557,001,2024-08-14_18h19.31.580,SenstirEs_warningandinstructions,2024.1.4,None,2024-08-14 18h19.45.690681 +0200,
CONSIGUIENTE ,,,,,,,,,0,5,5,5,16.046721509977942,,,,,,,,,,,,,,,,15.922500709973974,16.046721509977942,16.046721509977942,16.046721509977942,16.046721509977942,16.046721509977942,16.046721509977942,16.046721509977942,16.046721509977942,16.046721509977942,16.046721509977942,16.046721509977942,16.046721509977942,16.046721509977942,16.046721509977942,16.046721509977942,16.046721509977942,16.13836156099569,None,None,None,None,None,None,None,None,None,None,None,None,1,[0.1276140039844904],[0.1276267109788023],0,,,,,,,,,,,,,,,,,,,,,,,,,,,,,,,,,,,,,,733557,001,2024-08-14_18h19.31.580,SenstirEs_warningandinstructions,2024.1.4,None,2024-08-14 18h19.45.690681 +0200,
EXCRETOR,,,,,,,,,0,6,6,6,16.263618195982417,,,,,,,,,,,,,,,,16.139570233994164,16.263618195982417,16.263618195982417,16.263618195982417,16.263618195982417,16.263618195982417,16.263618195982417,16.263618195982417,16.263618195982417,16.263618195982417,16.263618195982417,16.263618195982417,16.263618195982417,16.263618195982417,16.263618195982417,16.263618195982417,16.263618195982417,16.28893883098499,None,None,None,None,None,None,None,None,None,None,None,None,1,[0.06154696500743739],[0.061555991997011006],0,,,,,,,,,,,,,,,,,,,,,,,,,,,,,,,,,,,,,,733557,001,2024-08-14_18h19.31.580,SenstirEs_warningandinstructions,2024.1.4,None,2024-08-14 18h19.45.690681 +0200,
MASAJE,,,,,,,,,0,7,7,7,16.41364578498178,,,,,,,,,,,,,,,,16.289955896994798,16.41364578498178,16.41364578498178,16.41364578498178,16.41364578498178,16.41364578498178,16.41364578498178,16.41364578498178,16.41364578498178,16.41364578498178,16.41364578498178,16.41364578498178,16.41364578498178,16.41364578498178,16.41364578498178,16.41364578498178,16.41364578498178,16.440480018995004,None,None,None,None,None,None,None,None,None,None,None,None,1,[0.06315916602034122],[0.06317010702332482],0,,,,,,,,,,,,,,,,,,,,,,,,,,,,,,,,,,,,,,733557,001,2024-08-14_18h19.31.580,SenstirEs_warningandinstructions,2024.1.4,None,2024-08-14 18h19.45.690681 +0200,
ABRIGARSE,,,,,,,,,0,8,8,8,16.56385488298838,,,,,,,,,,,,,,,,16.44148687098641,16.56385488298838,16.56385488298838,16.56385488298838,16.56385488298838,16.56385488298838,16.56385488298838,16.56385488298838,16.56385488298838,16.56385488298838,16.56385488298838,16.56385488298838,16.56385488298838,16.56385488298838,16.56385488298838,16.56385488298838,16.56385488298838,16.655237336992286,None,None,None,None,None,None,None,None,None,None,None,None,1,[0.12574489598046057],[0.12575346397352405],0,,,,,,,,,,,,,,,,,,,,,,,,,,,,,,,,,,,,,,733557,001,2024-08-14_18h19.31.580,SenstirEs_warningandinstructions,2024.1.4,None,2024-08-14 18h19.45.690681 +0200,
COXIS,,,,,,,,,0,9,9,9,16.780152787978295,,,,,,,,,,,,,,,,16.65624068598845,16.780152787978295,16.780152787978295,16.780152787978295,16.780152787978295,16.780152787978295,16.780152787978295,16.780152787978295,16.780152787978295,16.780152787978295,16.780152787978295,16.780152787978295,16.780152787978295,16.780152787978295,16.780152787978295,16.780152787978295,16.780152787978295,16.87220400798833,None,None,None,None,None,None,None,None,None,None,None,None,1,[0.12868809400242753],[0.12869676601258107],0,,,,,,,,,,,,,,,,,,,,,,,,,,,,,,,,,,,,,,733557,001,2024-08-14_18h19.31.580,SenstirEs_warningandinstructions,2024.1.4,None,2024-08-14 18h19.45.690681 +0200,
FROTAR,,,,,,,,,0,10,10,10,16.997237051982665,,,,,,,,,,,,,,,,16.87366193899652,16.997237051982665,16.997237051982665,16.997237051982665,16.997237051982665,16.997237051982665,16.997237051982665,16.997237051982665,16.997237051982665,16.997237051982665,16.997237051982665,16.997237051982665,16.997237051982665,16.997237051982665,16.997237051982665,16.997237051982665,16.997237051982665,17.02249596497859,None,None,None,None,None,None,None,None,None,None,None,None,1,[0.06189773601363413],[0.06190728800720535],0,,,,,,,,,,,,,,,,,,,,,,,,,,,,,,,,,,,,,,733557,001,2024-08-14_18h19.31.580,SenstirEs_warningandinstructions,2024.1.4,None,2024-08-14 18h19.45.690681 +0200,
NO,,,,,,,,,0,11,11,11,17.147070790990256,,,,,,,,,,,,,,,,17.02351464398089,17.147070790990256,17.147070790990256,17.147070790990256,17.147070790990256,17.147070790990256,17.147070790990256,17.147070790990256,17.147070790990256,17.147070790990256,17.147070790990256,17.147070790990256,17.147070790990256,17.147070790990256,17.147070790990256,17.147070790990256,17.147070790990256,17.238916424976196,None,None,None,None,None,None,None,None,None,None,None,None,1,[0.12640540601569228],[0.1264135340170469],0,,,,,,,,,,,,,,,,,,,,,,,,,,,,,,,,,,,,,,733557,001,2024-08-14_18h19.31.580,SenstirEs_warningandinstructions,2024.1.4,None,2024-08-14 18h19.45.690681 +0200,
ESPINOSO,,,,,,,,,0,12,12,12,17.36351452098461,,,,,,,,,,,,,,,,17.239909869997064,17.36351452098461,17.36351452098461,17.36351452098461,17.36351452098461,17.36351452098461,17.36351452098461,17.36351452098461,17.36351452098461,17.36351452098461,17.36351452098461,17.36351452098461,17.36351452098461,17.36351452098461,17.36351452098461,17.36351452098461,17.36351452098461,17.45535747698159,None,None,None,None,None,None,None,None,None,None,None,None,1,[0.1275564219977241],[0.1275657840014901],0,,,,,,,,,,,,,,,,,,,,,,,,,,,,,,,,,,,,,,733557,001,2024-08-14_18h19.31.580,SenstirEs_warningandinstructions,2024.1.4,None,2024-08-14 18h19.45.690681 +0200,
ÁNGEL GUARDIAN,,,,,,,,,0,13,13,13,17.580353415978607,,,,,,,,,,,,,,,,17.456356252980186,17.580353415978607,17.580353415978607,17.580353415978607,17.580353415978607,17.580353415978607,17.580353415978607,17.580353415978607,17.580353415978607,17.580353415978607,17.580353415978607,17.580353415978607,17.580353415978607,17.580353415978607,17.580353415978607,17.580353415978607,17.580353415978607,17.671255353983724,None,None,None,None,None,None,None,None,None,None,None,None,1,[0.12565251198248006],[0.12566483300179243],0,,,,,,,,,,,,,,,,,,,,,,,,,,,,,,,,,,,,,,733557,001,2024-08-14_18h19.31.580,SenstirEs_warningandinstructions,2024.1.4,None,2024-08-14 18h19.45.690681 +0200,
JURAR,,,,,,,,,0,14,14,14,17.79685555998003,,,,,,,,,,,,,,,,17.672246000991436,17.79685555998003,17.79685555998003,17.79685555998003,17.79685555998003,17.79685555998003,17.79685555998003,17.79685555998003,17.79685555998003,17.79685555998003,17.79685555998003,17.79685555998003,17.79685555998003,17.79685555998003,17.79685555998003,17.79685555998003,17.79685555998003,17.88922899897443,None,None,None,None,None,None,None,None,None,None,None,None,1,[0.1305511340033263],[0.1305615979945287],0,,,,,,,,,,,,,,,,,,,,,,,,,,,,,,,,,,,,,,733557,001,2024-08-14_18h19.31.580,SenstirEs_warningandinstructions,2024.1.4,None,2024-08-14 18h19.45.690681 +0200,
RETOMAR,,,,,,,,,0,15,15,15,18.013664441998117,,,,,,,,,,,,,,,,17.89025993697578,18.013664441998117,18.013664441998117,18.013664441998117,18.013664441998117,18.013664441998117,18.013664441998117,18.013664441998117,18.013664441998117,18.013664441998117,18.013664441998117,18.013664441998117,18.013664441998117,18.013664441998117,18.013664441998117,18.013664441998117,18.013664441998117,18.171587330987677,None,None,None,None,None,None,None,None,None,None,None,None,1,[0.19457195399445482],[0.19458024299819954],0,,,,,,,,,,,,,,,,,,,,,,,,,,,,,,,,,,,,,,733557,001,2024-08-14_18h19.31.580,SenstirEs_warningandinstructions,2024.1.4,None,2024-08-14 18h19.45.690681 +0200,
CÓDIGO DE BARRAS,,,,,,,,,0,16,16,16,18.296885061979992,,,,,,,,,,,,,,,,18.172586776985554,18.296885061979992,18.296885061979992,18.296885061979992,18.296885061979992,18.296885061979992,18.296885061979992,18.296885061979992,18.296885061979992,18.296885061979992,18.296885061979992,18.296885061979992,18.296885061979992,18.296885061979992,18.296885061979992,18.296885061979992,18.296885061979992,18.388771910977084,None,None,None,None,None,None,None,None,None,None,None,None,1,[0.12640734200249426],[0.12641569500556216],0,,,,,,,,,,,,,,,,,,,,,,,,,,,,,,,,,,,,,,733557,001,2024-08-14_18h19.31.580,SenstirEs_warningandinstructions,2024.1.4,None,2024-08-14 18h19.45.690681 +0200,
GOLPECITO,,,,,,,,,0,17,17,17,18.51353305298835,,,,,,,,,,,,,,,,18.389762056991458,18.51353305298835,18.51353305298835,18.51353305298835,18.51353305298835,18.51353305298835,18.51353305298835,18.51353305298835,18.51353305298835,18.51353305298835,18.51353305298835,18.51353305298835,18.51353305298835,18.51353305298835,18.51353305298835,18.51353305298835,18.51353305298835,18.538994351984,None,None,None,None,None,None,None,None,None,None,None,None,1,[0.06152889601071365],[0.0615379840019159],0,,,,,,,,,,,,,,,,,,,,,,,,,,,,,,,,,,,,,,733557,001,2024-08-14_18h19.31.580,SenstirEs_warningandinstructions,2024.1.4,None,2024-08-14 18h19.45.690681 +0200,
VER,,,,,,,,,0,18,18,18,18.663534505991265,,,,,,,,,,,,,,,,18.539992158999667,18.663534505991265,18.663534505991265,18.663534505991265,18.663534505991265,18.663534505991265,18.663534505991265,18.663534505991265,18.663534505991265,18.663534505991265,18.663534505991265,18.663534505991265,18.663534505991265,18.663534505991265,18.663534505991265,18.663534505991265,18.663534505991265,18.75601490898407,None,None,None,None,None,None,None,None,None,None,None,None,1,[0.12790569599019364],[0.1279171269852668],0,,,,,,,,,,,,,,,,,,,,,,,,,,,,,,,,,,,,,,733557,001,2024-08-14_18h19.31.580,SenstirEs_warningandinstructions,2024.1.4,None,2024-08-14 18h19.45.690681 +0200,
APRETÓN DE MANOS,,,,,,,,,0,19,19,19,18.881932367978152,,,,,,,,,,,,,,,,18.757297267991817,18.881932367978152,18.881932367978152,18.881932367978152,18.881932367978152,18.881932367978152,18.881932367978152,18.881932367978152,18.881932367978152,18.881932367978152,18.881932367978152,18.881932367978152,18.881932367978152,18.881932367978152,18.881932367978152,18.881932367978152,18.881932367978152,18.90661218497553,None,None,None,None,None,None,None,None,None,None,None,None,1,[0.061811015009880066],[0.061819697002647445],0,,,,,,,,,,,,,,,,,,,,,,,,,,,,,,,,,,,,,,733557,001,2024-08-14_18h19.31.580,SenstirEs_warningandinstructions,2024.1.4,None,2024-08-14 18h19.45.690681 +0200,
CERNIR,,,,,,,,,0,20,20,20,19.0301173949847,,,,,,,,,,,,,,,,18.907613712974126,19.0301173949847,19.0301173949847,19.0301173949847,19.0301173949847,19.0301173949847,19.0301173949847,19.0301173949847,19.0301173949847,19.0301173949847,19.0301173949847,19.0301173949847,19.0301173949847,19.0301173949847,19.0301173949847,19.0301173949847,19.0301173949847,19.056335053988732,None,None,None,None,None,None,None,None,None,None,None,None,1,[0.06067793699912727],[0.060687771008815616],0,,,,,,,,,,,,,,,,,,,,,,,,,,,,,,,,,,,,,,733557,001,2024-08-14_18h19.31.580,SenstirEs_warningandinstructions,2024.1.4,None,2024-08-14 18h19.45.690681 +0200,
ASEGURAR,,,,,,,,,0,21,21,21,19.181001466000453,,,,,,,,,,,,,,,,19.05734413099708,19.181001466000453,19.181001466000453,19.181001466000453,19.181001466000453,19.181001466000453,19.181001466000453,19.181001466000453,19.181001466000453,19.181001466000453,19.181001466000453,19.181001466000453,19.181001466000453,19.181001466000453,19.181001466000453,19.181001466000453,19.181001466000453,19.205940271989675,None,None,None,None,None,None,None,None,None,None,None,None,1,[0.05996819800930098],[0.05997695401310921],0,,,,,,,,,,,,,,,,,,,,,,,,,,,,,,,,,,,,,,733557,001,2024-08-14_18h19.31.580,SenstirEs_warningandinstructions,2024.1.4,None,2024-08-14 18h19.45.690681 +0200,
CARIÑOSO,,,,,,,,,0,22,22,22,19.33110293498612,,,,,,,,,,,,,,,,19.20693942598882,19.33110293498612,19.33110293498612,19.33110293498612,19.33110293498612,19.33110293498612,19.33110293498612,19.33110293498612,19.33110293498612,19.33110293498612,19.33110293498612,19.33110293498612,19.33110293498612,19.33110293498612,19.33110293498612,19.33110293498612,19.33110293498612,19.4223755489802,None,None,None,None,None,None,None,None,None,None,None,None,1,[0.12571965300594456],[0.12572905101114884],0,,,,,,,,,,,,,,,,,,,,,,,,,,,,,,,,,,,,,,733557,001,2024-08-14_18h19.31.580,SenstirEs_warningandinstructions,2024.1.4,None,2024-08-14 18h19.45.690681 +0200,
PICAR,,,,,,,,,0,23,23,23,19.646877342980588,,,,,,,,,,,,,,,,19.42337487297482,19.646877342980588,19.646877342980588,19.646877342980588,19.646877342980588,19.646877342980588,19.646877342980588,19.646877342980588,19.646877342980588,19.646877342980588,19.646877342980588,19.646877342980588,19.646877342980588,19.646877342980588,19.646877342980588,19.646877342980588,19.646877342980588,19.515202645998215,None,None,None,None,None,None,None,None,None,None,None,None,1,[0.0009080869785975665],[0.0009154919825959951],0,,,,,,,,,,,,,,,,,,,,,,,,,,,,,,,,,,,,,,733557,001,2024-08-14_18h19.31.580,SenstirEs_warningandinstructions,2024.1.4,None,2024-08-14 18h19.45.690681 +0200,
COLORES,,,,,,,,,0,24,24,24,19.646877342980588,,,,,,,,,,,,,,,,19.516499289980857,19.646877342980588,19.646877342980588,19.646877342980588,19.646877342980588,19.646877342980588,19.646877342980588,19.646877342980588,19.646877342980588,19.646877342980588,19.646877342980588,19.646877342980588,19.646877342980588,19.646877342980588,19.646877342980588,19.646877342980588,19.646877342980588,19.739194414985832,None,None,None,None,None,None,None,None,None,None,None,None,1,[0.13164819299709052],[0.13165898201987147],0,,,,,,,,,,,,,,,,,,,,,,,,,,,,,,,,,,,,,,733557,001,2024-08-14_18h19.31.580,SenstirEs_warningandinstructions,2024.1.4,None,2024-08-14 18h19.45.690681 +0200,
SENTIR,,,,,,,,,0,25,25,25,19.86355198000092,,,,,,,,,,,,,,,,19.7404657699808,19.86355198000092,19.86355198000092,19.86355198000092,19.86355198000092,19.86355198000092,19.86355198000092,19.86355198000092,19.86355198000092,19.86355198000092,19.86355198000092,19.86355198000092,19.86355198000092,19.86355198000092,19.86355198000092,19.86355198000092,19.86355198000092,19.888302131992532,None,None,None,None,None,None,None,None,None,None,None,None,1,[0.061138791003031656],[0.06114730398985557],0,,,,,,,,,,,,,,,,,,,,,,,,,,,,,,,,,,,,,,733557,001,2024-08-14_18h19.31.580,SenstirEs_warningandinstructions,2024.1.4,None,2024-08-14 18h19.45.690681 +0200,
DURA,,,,,,,,,0,26,26,26,20.01337760000024,,,,,,,,,,,,,,,,19.889310712984297,20.01337760000024,20.01337760000024,20.01337760000024,20.01337760000024,20.01337760000024,20.01337760000024,20.01337760000024,20.01337760000024,20.01337760000024,20.01337760000024,20.01337760000024,20.01337760000024,20.01337760000024,20.01337760000024,20.01337760000024,20.01337760000024,20.038003624998964,None,None,None,None,None,None,None,None,None,None,None,None,1,[0.06337990998872556],[0.06338900999980979],0,,,,,,,,,,,,,,,,,,,,,,,,,,,,,,,,,,,,,,733557,001,2024-08-14_18h19.31.580,SenstirEs_warningandinstructions,2024.1.4,None,2024-08-14 18h19.45.690681 +0200,
HIPERCINÉTICO,,,,,,,,,0,27,27,27,20.16402408797876,,,,,,,,,,,,,,,,20.0390033259755,20.16402408797876,20.16402408797876,20.16402408797876,20.16402408797876,20.16402408797876,20.16402408797876,20.16402408797876,20.16402408797876,20.16402408797876,20.16402408797876,20.16402408797876,20.16402408797876,20.16402408797876,20.16402408797876,20.16402408797876,20.16402408797876,20.25580276097753,None,None,None,None,None,None,None,None,None,None,None,None,1,[0.12614125301479362],[0.12615354801528156],0,,,,,,,,,,,,,,,,,,,,,,,,,,,,,,,,,,,,,,733557,001,2024-08-14_18h19.31.580,SenstirEs_warningandinstructions,2024.1.4,None,2024-08-14 18h19.45.690681 +0200,
ATERCIOPELADO,,,,,,,,,0,28,28,28,20.380182275985135,,,,,,,,,,,,,,,,20.25680068298243,20.380182275985135,20.380182275985135,20.380182275985135,20.380182275985135,20.380182275985135,20.380182275985135,20.380182275985135,20.380182275985135,20.380182275985135,20.380182275985135,20.380182275985135,20.380182275985135,20.380182275985135,20.380182275985135,20.380182275985135,20.380182275985135,20.405753154976992,None,None,None,None,None,None,None,None,None,None,None,None,1,[0.06187666600453667],[0.06189083500066772],0,,,,,,,,,,,,,,,,,,,,,,,,,,,,,,,,,,,,,,733557,001,2024-08-14_18h19.31.580,SenstirEs_warningandinstructions,2024.1.4,None,2024-08-14 18h19.45.690681 +0200,
SUBLIMACIÓN,,,,,,,,,0,29,29,29,20.53005497599952,,,,,,,,,,,,,,,,20.40675172000192,20.53005497599952,20.53005497599952,20.53005497599952,20.53005497599952,20.53005497599952,20.53005497599952,20.53005497599952,20.53005497599952,20.53005497599952,20.53005497599952,20.53005497599952,20.53005497599952,20.53005497599952,20.53005497599952,20.53005497599952,20.53005497599952,20.556145267997636,None,None,None,None,None,None,None,None,None,None,None,None,1,[0.06140912001137622],[0.06142503200680949],0,,,,,,,,,,,,,,,,,,,,,,,,,,,,,,,,,,,,,,733557,001,2024-08-14_18h19.31.580,SenstirEs_warningandinstructions,2024.1.4,None,2024-08-14 18h19.45.690681 +0200,
SITIO WEB,,,,,,,,,0,30,30,30,20.680178054986754,,,,,,,,,,,,,,,,20.557215043983888,20.680178054986754,20.680178054986754,20.680178054986754,20.680178054986754,20.680178054986754,20.680178054986754,20.680178054986754,20.680178054986754,20.680178054986754,20.680178054986754,20.680178054986754,20.680178054986754,20.680178054986754,20.680178054986754,20.680178054986754,20.680178054986754,20.771876087994315,None,None,None,None,None,None,None,None,None,None,None,None,1,[0.12755014997674152],[0.12756070599425584],0,,,,,,,,,,,,,,,,,,,,,,,,,,,,,,,,,,,,,,733557,001,2024-08-14_18h19.31.580,SenstirEs_warningandinstructions,2024.1.4,None,2024-08-14 18h19.45.690681 +0200,
IMÁGENES,,,,,,,,,0,31,31,31,20.912842812977033,,,,,,,,,,,,,,,,20.773164066980826,20.912842812977033,20.912842812977033,20.912842812977033,20.912842812977033,20.912842812977033,20.912842812977033,20.912842812977033,20.912842812977033,20.912842812977033,20.912842812977033,20.912842812977033,20.912842812977033,20.912842812977033,20.912842812977033,20.912842812977033,20.912842812977033,20.938132900977507,None,None,None,None,None,None,None,None,None,None,None,None,1,[0.0739625149872154],[0.07397398498142138],0,,,,,,,,,,,,,,,,,,,,,,,,,,,,,,,,,,,,,,733557,001,2024-08-14_18h19.31.580,SenstirEs_warningandinstructions,2024.1.4,None,2024-08-14 18h19.45.690681 +0200,
CONDUCTOR DE AUTOBÚS,,,,,,,,,0,32,32,32,21.065183000988327,,,,,,,,,,,,,,,,20.939129703998333,21.065183000988327,21.065183000988327,21.065183000988327,21.065183000988327,21.065183000988327,21.065183000988327,21.065183000988327,21.065183000988327,21.065183000988327,21.065183000988327,21.065183000988327,21.065183000988327,21.065183000988327,21.065183000988327,21.065183000988327,21.065183000988327,21.090353163977852,None,None,None,None,None,None,None,None,None,None,None,None,1,[0.06129497798974626],[0.06130316999042407],0,,,,,,,,,,,,,,,,,,,,,,,,,,,,,,,,,,,,,,733557,001,2024-08-14_18h19.31.580,SenstirEs_warningandinstructions,2024.1.4,None,2024-08-14 18h19.45.690681 +0200,
,,,,,,,,,,,,,,,,,,,,,,,,,,,,,,,,,,,,,,,,,,,,,,,,,,,,,,,,,,,,,,,,,,,,,,,,,,,,,,,,,,,,,,,,,,,,,,,21.091266153991455,21.146830373996636,21.146830373996636,21.146830373996636,21.146830373996636,,,,,,,,
