﻿Word,SentirEs_19.thisRepN,SentirEs_19.thisTrialN,SentirEs_19.thisN,SentirEs_19.thisIndex,SentirEs_45.thisRepN,SentirEs_45.thisTrialN,SentirEs_45.thisN,SentirEs_45.thisIndex,SentirEs_78.thisRepN,SentirEs_78.thisTrialN,SentirEs_78.thisN,SentirEs_78.thisIndex,SentirEs_80.thisRepN,SentirEs_80.thisTrialN,SentirEs_80.thisN,SentirEs_80.thisIndex,thisRow.t,notes,warning_Eng.started,warning_SentirEs.started,next_warning.started,warning_Eng.stopped,next_warning.numClicks,next_warning.timesOn,next_warning.timesOff,SentirEs_intructions_Eng.started,intructions.started,next_instructions.started,SentirEs_intructions_Eng.stopped,next_instructions.numClicks,next_instructions.timesOn,next_instructions.timesOff,SentirEs_likert_Eng.started,text.started,stimuli.started,perceptual_audition.started,perceptual_gustatory.started,perceptual_haptic.started,perceptual_interocepticve.started,perceptual_olfaction.started,perceptual_visual.started,Audition.started,Gustatory.started,Haptic.started,Interoception.started,Olfaction.started,Vision.started,next.started,Dont_know.started,SentirEs_likert_Eng.stopped,Audition.response,Audition.rt,Gustatory.response,Gustatory.rt,Haptic.response,Haptic.rt,Interoception.response,Interoception.rt,Olfaction.response,Olfaction.rt,Vision.response,Vision.rt,next.numClicks,next.timesOn,next.timesOff,Dont_know.numClicks,Dont_know.timesOn,Dont_know.timesOff,SenstirEs_catch_Eng_1.started,catch_1.started,bear.started,bird.started,fish.started,SenstirEs_catch_Eng_1.stopped,bear.numClicks,bear.timesOn,bear.timesOff,bird.numClicks,bird.timesOn,bird.timesOff,fish.numClicks,fish.timesOn,fish.timesOff,SenstirEs_catch_Eng_2.started,catch_2.started,fifteen.started,one_hundred.started,seventy_two.started,SenstirEs_catch_Eng_2.stopped,fifteen.numClicks,fifteen.timesOn,fifteen.timesOff,one_hundred.numClicks,one_hundred.timesOn,one_hundred.timesOff,seventy_two.numClicks,seventy_two.timesOn,seventy_two.timesOff,SenstirEs_catch_Eng_3.started,catch_3.started,sandwitch.started,apple.started,cauliflower.started,SenstirEs_catch_Eng_3.stopped,sandwitch.numClicks,sandwitch.timesOn,sandwitch.timesOff,apple.numClicks,apple.timesOn,apple.timesOff,cauliflower.numClicks,cauliflower.timesOn,cauliflower.timesOff,end.started,readingtext.started,key_resp.started,end.stopped,key_resp.keys,key_resp.rt,key_resp.duration,participant,session,date,expName,psychopyVersion,frameRate,expStart,
,,,,,,,,,,,,,,,,,,,0.029629044991452247,0.07816726199234836,0.07816726199234836,2.903596205986105,1,[2.871451947983587],[2.871469632984372],,,,,,,,,,,,,,,,,,,,,,,,,,,,,,,,,,,,,,,,,,,,,,,,,,,,,,,,,,,,,,,,,,,,,,,,,,,,,,,,,,,,,,,,,,,,,,,,772683,001,2024-08-12_12h40.19.086,SenstirEs_warningandinstructions,2024.1.4,None,2024-08-12 12h40.31.872285 +0200,
,,,,,,,,,,,,,,,,,,,,,,,,,,2.9037552709924057,2.9317550959822256,2.9317550959822256,3.513378901989199,1,[0.6074968049942981],[0.6075079930014908],,,,,,,,,,,,,,,,,,,,,,,,,,,,,,,,,,,,,,,,,,,,,,,,,,,,,,,,,,,,,,,,,,,,,,,,,,,,,,,,,,,,,,,,,772683,001,2024-08-12_12h40.19.086,SenstirEs_warningandinstructions,2024.1.4,None,2024-08-12 12h40.31.872285 +0200,
TOUCHING,0,0,0,0,,,,,,,,,,,,,3.750381883990485,,,,,,,,,,,,,,,,3.5254926899797283,3.750381883990485,3.750381883990485,3.750381883990485,3.750381883990485,3.750381883990485,3.750381883990485,3.750381883990485,3.750381883990485,3.750381883990485,3.750381883990485,3.750381883990485,3.750381883990485,3.750381883990485,3.750381883990485,3.750381883990485,3.750381883990485,14.70430666199536,1.0,3.004159576987149,2.0,3.803812029014807,1.0,4.537796727003297,2.0,5.200335476023611,3.0,6.0032637839904055,2.0,6.803990234009689,1,[11.083515533973696],[11.08352695198846],0,,,,,,,,,,,,,,,,,,,,,,,,,,,,,,,,,,,,,,,,,,,,,,,,,,,,,,,772683,001,2024-08-12_12h40.19.086,SenstirEs_warningandinstructions,2024.1.4,None,2024-08-12 12h40.31.872285 +0200,
JELL,0,1,1,1,,,,,,,,,,,,,14.827905764977913,,,,,,,,,,,,,,,,14.706038592994446,14.827905764977913,14.827905764977913,14.827905764977913,14.827905764977913,14.827905764977913,14.827905764977913,14.827905764977913,14.827905764977913,14.827905764977913,14.827905764977913,14.827905764977913,14.827905764977913,14.827905764977913,14.827905764977913,14.827905764977913,14.827905764977913,15.253234991978388,None,None,None,None,None,None,None,None,None,None,None,None,1,[0.4576278800086584],[0.45763919901219197],0,,,,,,,,,,,,,,,,,,,,,,,,,,,,,,,,,,,,,,,,,,,,,,,,,,,,,,,772683,001,2024-08-12_12h40.19.086,SenstirEs_warningandinstructions,2024.1.4,None,2024-08-12 12h40.31.872285 +0200,
DAYTIME,0,2,2,2,,,,,,,,,,,,,15.377396433003014,,,,,,,,,,,,,,,,15.254442705976544,15.377396433003014,15.377396433003014,15.377396433003014,15.377396433003014,15.377396433003014,15.377396433003014,15.377396433003014,15.377396433003014,15.377396433003014,15.377396433003014,15.377396433003014,15.377396433003014,15.377396433003014,15.377396433003014,15.377396433003014,15.377396433003014,15.869120652001584,None,None,None,None,None,None,None,None,None,None,None,None,1,[0.5248646480031312],[0.5248749229940586],0,,,,,,,,,,,,,,,,,,,,,,,,,,,,,,,,,,,,,,,,,,,,,,,,,,,,,,,772683,001,2024-08-12_12h40.19.086,SenstirEs_warningandinstructions,2024.1.4,None,2024-08-12 12h40.31.872285 +0200,
IN SIGHT,0,3,3,3,,,,,,,,,,,,,15.994371779001085,,,,,,,,,,,,,,,,15.87014801899204,15.994371779001085,15.994371779001085,15.994371779001085,15.994371779001085,15.994371779001085,15.994371779001085,15.994371779001085,15.994371779001085,15.994371779001085,15.994371779001085,15.994371779001085,15.994371779001085,15.994371779001085,15.994371779001085,15.994371779001085,15.994371779001085,16.353844797995407,None,None,None,None,None,None,None,None,None,None,None,None,1,[0.39196185301989317],[0.3919725450105034],0,,,,,,,,,,,,,,,,,,,,,,,,,,,,,,,,,,,,,,,,,,,,,,,,,,,,,,,772683,001,2024-08-12_12h40.19.086,SenstirEs_warningandinstructions,2024.1.4,None,2024-08-12 12h40.31.872285 +0200,
OVERRIDE,0,4,4,4,,,,,,,,,,,,,16.48087247298099,,,,,,,,,,,,,,,,16.354852433985798,16.48087247298099,16.48087247298099,16.48087247298099,16.48087247298099,16.48087247298099,16.48087247298099,16.48087247298099,16.48087247298099,16.48087247298099,16.48087247298099,16.48087247298099,16.48087247298099,16.48087247298099,16.48087247298099,16.48087247298099,16.48087247298099,16.820138954994036,None,None,None,None,None,None,None,None,None,None,None,None,1,[0.3758689929964021],[0.3758826020057313],0,,,,,,,,,,,,,,,,,,,,,,,,,,,,,,,,,,,,,,,,,,,,,,,,,,,,,,,772683,001,2024-08-12_12h40.19.086,SenstirEs_warningandinstructions,2024.1.4,None,2024-08-12 12h40.31.872285 +0200,
TOUCH,0,5,5,5,,,,,,,,,,,,,16.944428735994734,,,,,,,,,,,,,,,,16.821155018988065,16.944428735994734,16.944428735994734,16.944428735994734,16.944428735994734,16.944428735994734,16.944428735994734,16.944428735994734,16.944428735994734,16.944428735994734,16.944428735994734,16.944428735994734,16.944428735994734,16.944428735994734,16.944428735994734,16.944428735994734,16.944428735994734,19.635247081983835,None,None,None,None,None,None,None,None,None,None,None,None,1,[2.7269914869975764],[2.7270032039959915],0,,,,,,,,,,,,,,,,,,,,,,,,,,,,,,,,,,,,,,,,,,,,,,,,,,,,,,,772683,001,2024-08-12_12h40.19.086,SenstirEs_warningandinstructions,2024.1.4,None,2024-08-12 12h40.31.872285 +0200,
SOFTNESS,0,6,6,6,,,,,,,,,,,,,19.760931876982795,,,,,,,,,,,,,,,,19.63625627697911,19.760931876982795,19.760931876982795,19.760931876982795,19.760931876982795,19.760931876982795,19.760931876982795,19.760931876982795,19.760931876982795,19.760931876982795,19.760931876982795,19.760931876982795,19.760931876982795,19.760931876982795,19.760931876982795,19.760931876982795,19.760931876982795,20.652656703983666,None,None,None,None,None,None,None,None,None,None,None,None,1,[0.9286263420071919],[0.9286378780088853],0,,,,,,,,,,,,,,,,,,,,,,,,,,,,,,,,,,,,,,,,,,,,,,,,,,,,,,,772683,001,2024-08-12_12h40.19.086,SenstirEs_warningandinstructions,2024.1.4,None,2024-08-12 12h40.31.872285 +0200,
INTUITIONALLY,0,7,7,7,,,,,,,,,,,,,20.778206008981215,,,,,,,,,,,,,,,,20.65367663599318,20.778206008981215,20.778206008981215,20.778206008981215,20.778206008981215,20.778206008981215,20.778206008981215,20.778206008981215,20.778206008981215,20.778206008981215,20.778206008981215,20.778206008981215,20.778206008981215,20.778206008981215,20.778206008981215,20.778206008981215,20.778206008981215,21.93589773098938,None,None,None,None,None,None,None,None,None,None,None,None,1,[1.1937545500113629],[1.1937648060265929],0,,,,,,,,,,,,,,,,,,,,,,,,,,,,,,,,,,,,,,,,,,,,,,,,,,,,,,,772683,001,2024-08-12_12h40.19.086,SenstirEs_warningandinstructions,2024.1.4,None,2024-08-12 12h40.31.872285 +0200,
THIGHBONE,0,8,8,8,,,,,,,,,,,,,22.06072591699194,,,,,,,,,,,,,,,,21.936929442978,22.06072591699194,22.06072591699194,22.06072591699194,22.06072591699194,22.06072591699194,22.06072591699194,22.06072591699194,22.06072591699194,22.06072591699194,22.06072591699194,22.06072591699194,22.06072591699194,22.06072591699194,22.06072591699194,22.06072591699194,22.06072591699194,22.952884208003525,None,None,None,None,None,None,None,None,None,None,None,None,1,[0.9255308239953592],[0.9255593249981757],0,,,,,,,,,,,,,,,,,,,,,,,,,,,,,,,,,,,,,,,,,,,,,,,,,,,,,,,772683,001,2024-08-12_12h40.19.086,SenstirEs_warningandinstructions,2024.1.4,None,2024-08-12 12h40.31.872285 +0200,
PETTED,0,9,9,9,,,,,,,,,,,,,23.077453504985897,,,,,,,,,,,,,,,,22.954045002989005,23.077453504985897,23.077453504985897,23.077453504985897,23.077453504985897,23.077453504985897,23.077453504985897,23.077453504985897,23.077453504985897,23.077453504985897,23.077453504985897,23.077453504985897,23.077453504985897,23.077453504985897,23.077453504985897,23.077453504985897,23.077453504985897,27.685662030999083,None,None,None,None,None,None,3.0,2.721311613015132,4.0,3.640100994001841,None,None,1,[4.6434492520056665],[4.6434596690232866],0,,,,,,,,,,,,,,,,,,,,,,,,,,,,,,,,,,,,,,,,,,,,,,,,,,,,,,,772683,001,2024-08-12_12h40.19.086,SenstirEs_warningandinstructions,2024.1.4,None,2024-08-12 12h40.31.872285 +0200,
FONDLE,0,10,10,10,,,,,,,,,,,,,27.810821817984106,,,,,,,,,,,,,,,,27.686717928998405,27.810821817984106,27.810821817984106,27.810821817984106,27.810821817984106,27.810821817984106,27.810821817984106,27.810821817984106,27.810821817984106,27.810821817984106,27.810821817984106,27.810821817984106,27.810821817984106,27.810821817984106,27.810821817984106,27.810821817984106,27.810821817984106,31.10327785499976,0.0,1.511961830983637,None,None,None,None,4.0,2.793838618992595,None,None,None,None,1,[3.3285298430128023],[3.3285414820129517],0,,,,,,,,,,,,,,,,,,,,,,,,,,,,,,,,,,,,,,,,,,,,,,,,,,,,,,,772683,001,2024-08-12_12h40.19.086,SenstirEs_warningandinstructions,2024.1.4,None,2024-08-12 12h40.31.872285 +0200,
FURRINESS,0,11,11,11,,,,,,,,,,,,,31.22723987000063,,,,,,,,,,,,,,,,31.10429391497746,31.22723987000063,31.22723987000063,31.22723987000063,31.22723987000063,31.22723987000063,31.22723987000063,31.22723987000063,31.22723987000063,31.22723987000063,31.22723987000063,31.22723987000063,31.22723987000063,31.22723987000063,31.22723987000063,31.22723987000063,31.22723987000063,33.98570144598489,None,None,4.0,1.7257947069883812,None,None,None,None,None,None,None,None,0,,,1,[2.7921844689990394],[2.7921961990068667],,,,,,,,,,,,,,,,,,,,,,,,,,,,,,,,,,,,,,,,,,,,,,,,,,,,,772683,001,2024-08-12_12h40.19.086,SenstirEs_warningandinstructions,2024.1.4,None,2024-08-12 12h40.31.872285 +0200,
INDESTRUCTIBILITY,0,12,12,12,,,,,,,,,,,,,34.11082299798727,,,,,,,,,,,,,,,,33.986704095994355,34.11082299798727,34.11082299798727,34.11082299798727,34.11082299798727,34.11082299798727,34.11082299798727,34.11082299798727,34.11082299798727,34.11082299798727,34.11082299798727,34.11082299798727,34.11082299798727,34.11082299798727,34.11082299798727,34.11082299798727,34.11082299798727,34.852538035978796,None,None,None,None,None,None,None,None,None,None,None,None,0,,,1,[0.7798750229994766],[0.7798866060038563],,,,,,,,,,,,,,,,,,,,,,,,,,,,,,,,,,,,,,,,,,,,,,,,,,,,,772683,001,2024-08-12_12h40.19.086,SenstirEs_warningandinstructions,2024.1.4,None,2024-08-12 12h40.31.872285 +0200,
PUTTYLIKE,0,13,13,13,,,,,,,,,,,,,34.979762470989954,,,,,,,,,,,,,,,,34.853564026998356,34.979762470989954,34.979762470989954,34.979762470989954,34.979762470989954,34.979762470989954,34.979762470989954,34.979762470989954,34.979762470989954,34.979762470989954,34.979762470989954,34.979762470989954,34.979762470989954,34.979762470989954,34.979762470989954,34.979762470989954,34.979762470989954,36.91929956499371,None,None,None,None,None,None,None,None,None,None,None,None,0,,,1,[1.974094811012037],[1.9741075620113406],,,,,,,,,,,,,,,,,,,,,,,,,,,,,,,,,,,,,,,,,,,,,,,,,,,,,772683,001,2024-08-12_12h40.19.086,SenstirEs_warningandinstructions,2024.1.4,None,2024-08-12 12h40.31.872285 +0200,
HOWL,0,14,14,14,,,,,,,,,,,,,37.04406477097655,,,,,,,,,,,,,,,,36.92030443798285,37.04406477097655,37.04406477097655,37.04406477097655,37.04406477097655,37.04406477097655,37.04406477097655,37.04406477097655,37.04406477097655,37.04406477097655,37.04406477097655,37.04406477097655,37.04406477097655,37.04406477097655,37.04406477097655,37.04406477097655,37.04406477097655,37.935947798978304,None,None,None,None,None,None,None,None,None,None,None,None,0,,,1,[0.9290134810144082],[0.9290264100127388],,,,,,,,,,,,,,,,,,,,,,,,,,,,,,,,,,,,,,,,,,,,,,,,,,,,,772683,001,2024-08-12_12h40.19.086,SenstirEs_warningandinstructions,2024.1.4,None,2024-08-12 12h40.31.872285 +0200,
TOUCHINGLY,0,15,15,15,,,,,,,,,,,,,38.06050444400171,,,,,,,,,,,,,,,,37.93721586398897,38.06050444400171,38.06050444400171,38.06050444400171,38.06050444400171,38.06050444400171,38.06050444400171,38.06050444400171,38.06050444400171,38.06050444400171,38.06050444400171,38.06050444400171,38.06050444400171,38.06050444400171,38.06050444400171,38.06050444400171,38.06050444400171,38.66986994800391,None,None,None,None,None,None,None,None,None,None,None,None,0,,,1,[0.6451384559914004],[0.6451574219972827],,,,,,,,,,,,,,,,,,,,,,,,,,,,,,,,,,,,,,,,,,,,,,,,,,,,,772683,001,2024-08-12_12h40.19.086,SenstirEs_warningandinstructions,2024.1.4,None,2024-08-12 12h40.31.872285 +0200,
FACE,0,16,16,16,,,,,,,,,,,,,38.793936754984315,,,,,,,,,,,,,,,,38.67103795398725,38.793936754984315,38.793936754984315,38.793936754984315,38.793936754984315,38.793936754984315,38.793936754984315,38.793936754984315,38.793936754984315,38.793936754984315,38.793936754984315,38.793936754984315,38.793936754984315,38.793936754984315,38.793936754984315,38.793936754984315,38.793936754984315,39.7521564589988,None,None,None,None,None,None,None,None,None,None,None,None,1,[0.9952026510145515],[0.9952140870154835],0,,,,,,,,,,,,,,,,,,,,,,,,,,,,,,,,,,,,,,,,,,,,,,,,,,,,,,,772683,001,2024-08-12_12h40.19.086,SenstirEs_warningandinstructions,2024.1.4,None,2024-08-12 12h40.31.872285 +0200,
DEPLORED,0,17,17,17,,,,,,,,,,,,,39.87730499097961,,,,,,,,,,,,,,,,39.75336970097851,39.87730499097961,39.87730499097961,39.87730499097961,39.87730499097961,39.87730499097961,39.87730499097961,39.87730499097961,39.87730499097961,39.87730499097961,39.87730499097961,39.87730499097961,39.87730499097961,39.87730499097961,39.87730499097961,39.87730499097961,39.87730499097961,45.619835606979905,None,None,3.0,5.2448086309887,None,None,2.0,2.122487963992171,3.0,1.3894717609800864,4.0,0.6552190360089298,1,[5.779378431994701],[5.779390558018349],0,,,,,,,,,,,,,,,,,,,,,,,,,,,,,,,,,,,,,,,,,,,,,,,,,,,,,,,772683,001,2024-08-12_12h40.19.086,SenstirEs_warningandinstructions,2024.1.4,None,2024-08-12 12h40.31.872285 +0200,
KNOB,0,18,18,18,,,,,,,,,,,,,45.744468972989125,,,,,,,,,,,,,,,,45.62085216699052,45.744468972989125,45.744468972989125,45.744468972989125,45.744468972989125,45.744468972989125,45.744468972989125,45.744468972989125,45.744468972989125,45.744468972989125,45.744468972989125,45.744468972989125,45.744468972989125,45.744468972989125,45.744468972989125,45.744468972989125,45.744468972989125,45.77099627399002,None,None,None,None,None,None,None,None,None,None,None,None,1,[0.06112638200283982],[0.061138167016906664],0,,,,,,,,,,,,,,,,,,,,,,,,,,,,,,,,,,,,,,,,,,,,,,,,,,,,,,,772683,001,2024-08-12_12h40.19.086,SenstirEs_warningandinstructions,2024.1.4,None,2024-08-12 12h40.31.872285 +0200,
,,,,,,,,,,,,,,,,,,,,,,,,,,,,,,,,,,,,,,,,,,,,,,,,,,,,,,,,,,,,,,,,,,,,,45.77192047398421,45.82710834799218,45.82710834799218,45.82710834799218,45.82710834799218,47.73048069499782,0,,,1,[1.9542842660157476],[1.9542953930213116],0,,,,,,,,,,,,,,,,,,,,,,,,,,,,,,,,,,,,,,,,772683,001,2024-08-12_12h40.19.086,SenstirEs_warningandinstructions,2024.1.4,None,2024-08-12 12h40.31.872285 +0200,
FLUNG,,,,,0,0,0,0,,,,,,,,,47.866677857993636,,,,,,,,,,,,,,,,47.737987139989855,47.866677857993636,47.866677857993636,47.866677857993636,47.866677857993636,47.866677857993636,47.866677857993636,47.866677857993636,47.866677857993636,47.866677857993636,47.866677857993636,47.866677857993636,47.866677857993636,47.866677857993636,47.866677857993636,47.866677857993636,47.866677857993636,48.48784214199986,None,None,None,None,None,None,None,None,3.0,0.12457290999009274,None,None,1,[0.6581566529930569],[0.6581738249806222],0,,,,,,,,,,,,,,,,,,,,,,,,,,,,,,,,,,,,,,,,,,,,,,,,,,,,,,,772683,001,2024-08-12_12h40.19.086,SenstirEs_warningandinstructions,2024.1.4,None,2024-08-12 12h40.31.872285 +0200,
PARAPSYCHOLOGY,,,,,0,1,1,1,,,,,,,,,48.6153044209932,,,,,,,,,,,,,,,,48.48967367399018,48.6153044209932,48.6153044209932,48.6153044209932,48.6153044209932,48.6153044209932,48.6153044209932,48.6153044209932,48.6153044209932,48.6153044209932,48.6153044209932,48.6153044209932,48.6153044209932,48.6153044209932,48.6153044209932,48.6153044209932,48.6153044209932,48.641664390976075,None,None,None,None,None,None,None,None,None,None,None,None,1,[0.06151188601506874],[0.06152108599781059],0,,,,,,,,,,,,,,,,,,,,,,,,,,,,,,,,,,,,,,,,,,,,,,,,,,,,,,,772683,001,2024-08-12_12h40.19.086,SenstirEs_warningandinstructions,2024.1.4,None,2024-08-12 12h40.31.872285 +0200,
DEXTEROUS,,,,,0,2,2,2,,,,,,,,,48.77773228500155,,,,,,,,,,,,,,,,48.64298135598074,48.77773228500155,48.77773228500155,48.77773228500155,48.77773228500155,48.77773228500155,48.77773228500155,48.77773228500155,48.77773228500155,48.77773228500155,48.77773228500155,48.77773228500155,48.77773228500155,48.77773228500155,48.77773228500155,48.77773228500155,48.77773228500155,48.80328841498704,None,None,None,None,None,None,None,None,None,None,None,None,1,[0.06354552000993863],[0.06355591301689856],0,,,,,,,,,,,,,,,,,,,,,,,,,,,,,,,,,,,,,,,,,,,,,,,,,,,,,,,772683,001,2024-08-12_12h40.19.086,SenstirEs_warningandinstructions,2024.1.4,None,2024-08-12 12h40.31.872285 +0200,
PESSIMISTIC,,,,,0,3,3,3,,,,,,,,,48.943374308990315,,,,,,,,,,,,,,,,48.80430953297764,48.943374308990315,48.943374308990315,48.943374308990315,48.943374308990315,48.943374308990315,48.943374308990315,48.943374308990315,48.943374308990315,48.943374308990315,48.943374308990315,48.943374308990315,48.943374308990315,48.943374308990315,48.943374308990315,48.943374308990315,48.943374308990315,48.96871723898221,None,None,None,None,None,None,None,None,None,None,None,None,1,[0.06746362400008366],[0.0674740260001272],0,,,,,,,,,,,,,,,,,,,,,,,,,,,,,,,,,,,,,,,,,,,,,,,,,,,,,,,772683,001,2024-08-12_12h40.19.086,SenstirEs_warningandinstructions,2024.1.4,None,2024-08-12 12h40.31.872285 +0200,
KNOCKER,,,,,0,4,4,4,,,,,,,,,49.09370504799881,,,,,,,,,,,,,,,,48.969723135000095,49.09370504799881,49.09370504799881,49.09370504799881,49.09370504799881,49.09370504799881,49.09370504799881,49.09370504799881,49.09370504799881,49.09370504799881,49.09370504799881,49.09370504799881,49.09370504799881,49.09370504799881,49.09370504799881,49.09370504799881,49.09370504799881,49.12019945998327,None,None,None,None,None,None,None,None,None,None,None,None,1,[0.06173885698080994],[0.061749241984216496],0,,,,,,,,,,,,,,,,,,,,,,,,,,,,,,,,,,,,,,,,,,,,,,,,,,,,,,,772683,001,2024-08-12_12h40.19.086,SenstirEs_warningandinstructions,2024.1.4,None,2024-08-12 12h40.31.872285 +0200,
BLACKHEART,,,,,0,5,5,5,,,,,,,,,49.24605835598777,,,,,,,,,,,,,,,,49.121380461001536,49.24605835598777,49.24605835598777,49.24605835598777,49.24605835598777,49.24605835598777,49.24605835598777,49.24605835598777,49.24605835598777,49.24605835598777,49.24605835598777,49.24605835598777,49.24605835598777,49.24605835598777,49.24605835598777,49.24605835598777,49.24605835598777,49.27212378400145,None,None,None,None,None,None,None,None,None,None,None,None,1,[0.06212199298897758],[0.062134757987223566],0,,,,,,,,,,,,,,,,,,,,,,,,,,,,,,,,,,,,,,,,,,,,,,,,,,,,,,,772683,001,2024-08-12_12h40.19.086,SenstirEs_warningandinstructions,2024.1.4,None,2024-08-12 12h40.31.872285 +0200,
SKIES,,,,,0,6,6,6,,,,,,,,,49.39702249999391,,,,,,,,,,,,,,,,49.27313794600195,49.39702249999391,49.39702249999391,49.39702249999391,49.39702249999391,49.39702249999391,49.39702249999391,49.39702249999391,49.39702249999391,49.39702249999391,49.39702249999391,49.39702249999391,49.39702249999391,49.39702249999391,49.39702249999391,49.39702249999391,49.39702249999391,49.42219103098614,None,None,None,None,None,None,None,None,None,None,None,None,1,[0.06167463699239306],[0.061684651009272784],0,,,,,,,,,,,,,,,,,,,,,,,,,,,,,,,,,,,,,,,,,,,,,,,,,,,,,,,772683,001,2024-08-12_12h40.19.086,SenstirEs_warningandinstructions,2024.1.4,None,2024-08-12 12h40.31.872285 +0200,
VIEW,,,,,0,7,7,7,,,,,,,,,49.54671774999588,,,,,,,,,,,,,,,,49.42321931698825,49.54671774999588,49.54671774999588,49.54671774999588,49.54671774999588,49.54671774999588,49.54671774999588,49.54671774999588,49.54671774999588,49.54671774999588,49.54671774999588,49.54671774999588,49.54671774999588,49.54671774999588,49.54671774999588,49.54671774999588,49.54671774999588,49.572068188979756,None,None,None,None,None,None,None,None,None,None,None,None,1,[0.06111660698661581],[0.061127394990762696],0,,,,,,,,,,,,,,,,,,,,,,,,,,,,,,,,,,,,,,,,,,,,,,,,,,,,,,,772683,001,2024-08-12_12h40.19.086,SenstirEs_warningandinstructions,2024.1.4,None,2024-08-12 12h40.31.872285 +0200,
JEOPARDY,,,,,0,8,8,8,,,,,,,,,49.69590679497924,,,,,,,,,,,,,,,,49.573061244998826,49.69590679497924,49.69590679497924,49.69590679497924,49.69590679497924,49.69590679497924,49.69590679497924,49.69590679497924,49.69590679497924,49.69590679497924,49.69590679497924,49.69590679497924,49.69590679497924,49.69590679497924,49.69590679497924,49.69590679497924,49.69590679497924,49.72198762197513,None,None,None,None,None,None,None,None,None,None,None,None,1,[0.060155510989716277],[0.060165722999954596],0,,,,,,,,,,,,,,,,,,,,,,,,,,,,,,,,,,,,,,,,,,,,,,,,,,,,,,,772683,001,2024-08-12_12h40.19.086,SenstirEs_warningandinstructions,2024.1.4,None,2024-08-12 12h40.31.872285 +0200,
GRIP,,,,,0,9,9,9,,,,,,,,,49.846489132003626,,,,,,,,,,,,,,,,49.72298686800059,49.846489132003626,49.846489132003626,49.846489132003626,49.846489132003626,49.846489132003626,49.846489132003626,49.846489132003626,49.846489132003626,49.846489132003626,49.846489132003626,49.846489132003626,49.846489132003626,49.846489132003626,49.846489132003626,49.846489132003626,49.846489132003626,49.87253110698657,None,None,None,None,None,None,None,None,None,None,None,None,1,[0.060712304984917864],[0.06074931699549779],0,,,,,,,,,,,,,,,,,,,,,,,,,,,,,,,,,,,,,,,,,,,,,,,,,,,,,,,772683,001,2024-08-12_12h40.19.086,SenstirEs_warningandinstructions,2024.1.4,None,2024-08-12 12h40.31.872285 +0200,
INCOMMUNICATIVENESS,,,,,0,10,10,10,,,,,,,,,49.99663624400273,,,,,,,,,,,,,,,,49.873943127982784,49.99663624400273,49.99663624400273,49.99663624400273,49.99663624400273,49.99663624400273,49.99663624400273,49.99663624400273,49.99663624400273,49.99663624400273,49.99663624400273,49.99663624400273,49.99663624400273,49.99663624400273,49.99663624400273,49.99663624400273,49.99663624400273,50.021001896995585,None,None,None,None,None,None,None,None,None,None,None,None,1,[0.060274399002082646],[0.06028574600350112],0,,,,,,,,,,,,,,,,,,,,,,,,,,,,,,,,,,,,,,,,,,,,,,,,,,,,,,,772683,001,2024-08-12_12h40.19.086,SenstirEs_warningandinstructions,2024.1.4,None,2024-08-12 12h40.31.872285 +0200,
YOUTUBE,,,,,0,11,11,11,,,,,,,,,50.144503276998876,,,,,,,,,,,,,,,,50.02229820899083,50.144503276998876,50.144503276998876,50.144503276998876,50.144503276998876,50.144503276998876,50.144503276998876,50.144503276998876,50.144503276998876,50.144503276998876,50.144503276998876,50.144503276998876,50.144503276998876,50.144503276998876,50.144503276998876,50.144503276998876,50.144503276998876,50.23603521997575,None,None,None,None,None,None,None,None,None,None,None,None,1,[0.12590774398995563],[0.12592755898367614],0,,,,,,,,,,,,,,,,,,,,,,,,,,,,,,,,,,,,,,,,,,,,,,,,,,,,,,,772683,001,2024-08-12_12h40.19.086,SenstirEs_warningandinstructions,2024.1.4,None,2024-08-12 12h40.31.872285 +0200,
UNLOOSE,,,,,0,12,12,12,,,,,,,,,50.36023074298282,,,,,,,,,,,,,,,,50.23704417399131,50.36023074298282,50.36023074298282,50.36023074298282,50.36023074298282,50.36023074298282,50.36023074298282,50.36023074298282,50.36023074298282,50.36023074298282,50.36023074298282,50.36023074298282,50.36023074298282,50.36023074298282,50.36023074298282,50.36023074298282,50.36023074298282,50.38604117097566,None,None,None,None,None,None,None,None,None,None,None,None,1,[0.062206823989981785],[0.0622178619960323],0,,,,,,,,,,,,,,,,,,,,,,,,,,,,,,,,,,,,,,,,,,,,,,,,,,,,,,,772683,001,2024-08-12_12h40.19.086,SenstirEs_warningandinstructions,2024.1.4,None,2024-08-12 12h40.31.872285 +0200,
JAB,,,,,0,13,13,13,,,,,,,,,50.5110357980011,,,,,,,,,,,,,,,,50.3870596329798,50.5110357980011,50.5110357980011,50.5110357980011,50.5110357980011,50.5110357980011,50.5110357980011,50.5110357980011,50.5110357980011,50.5110357980011,50.5110357980011,50.5110357980011,50.5110357980011,50.5110357980011,50.5110357980011,50.5110357980011,50.5110357980011,50.536076208984014,None,None,None,None,None,None,None,None,None,None,None,None,1,[0.060836518998257816],[0.060847257991554216],0,,,,,,,,,,,,,,,,,,,,,,,,,,,,,,,,,,,,,,,,,,,,,,,,,,,,,,,772683,001,2024-08-12_12h40.19.086,SenstirEs_warningandinstructions,2024.1.4,None,2024-08-12 12h40.31.872285 +0200,
COULD,,,,,0,14,14,14,,,,,,,,,50.660395585990045,,,,,,,,,,,,,,,,50.53708077900228,50.660395585990045,50.660395585990045,50.660395585990045,50.660395585990045,50.660395585990045,50.660395585990045,50.660395585990045,50.660395585990045,50.660395585990045,50.660395585990045,50.660395585990045,50.660395585990045,50.660395585990045,50.660395585990045,50.660395585990045,50.660395585990045,50.685665144002996,None,None,None,None,None,None,None,None,None,None,None,None,1,[0.06045930998516269],[0.060469880991149694],0,,,,,,,,,,,,,,,,,,,,,,,,,,,,,,,,,,,,,,,,,,,,,,,,,,,,,,,772683,001,2024-08-12_12h40.19.086,SenstirEs_warningandinstructions,2024.1.4,None,2024-08-12 12h40.31.872285 +0200,
TV,,,,,0,15,15,15,,,,,,,,,50.81047056100215,,,,,,,,,,,,,,,,50.68667382199783,50.81047056100215,50.81047056100215,50.81047056100215,50.81047056100215,50.81047056100215,50.81047056100215,50.81047056100215,50.81047056100215,50.81047056100215,50.81047056100215,50.81047056100215,50.81047056100215,50.81047056100215,50.81047056100215,50.81047056100215,50.81047056100215,50.83612337798695,None,None,None,None,None,None,None,None,None,None,None,None,1,[0.06145985901821405],[0.06147059702198021],0,,,,,,,,,,,,,,,,,,,,,,,,,,,,,,,,,,,,,,,,,,,,,,,,,,,,,,,772683,001,2024-08-12_12h40.19.086,SenstirEs_warningandinstructions,2024.1.4,None,2024-08-12 12h40.31.872285 +0200,
VISIBLE,,,,,0,16,16,16,,,,,,,,,50.96102633999544,,,,,,,,,,,,,,,,50.837134393979795,50.96102633999544,50.96102633999544,50.96102633999544,50.96102633999544,50.96102633999544,50.96102633999544,50.96102633999544,50.96102633999544,50.96102633999544,50.96102633999544,50.96102633999544,50.96102633999544,50.96102633999544,50.96102633999544,50.96102633999544,50.96102633999544,51.053050600981805,None,None,None,None,None,None,None,None,None,None,None,None,1,[0.1267783629882615],[0.12678942800266668],0,,,,,,,,,,,,,,,,,,,,,,,,,,,,,,,,,,,,,,,,,,,,,,,,,,,,,,,772683,001,2024-08-12_12h40.19.086,SenstirEs_warningandinstructions,2024.1.4,None,2024-08-12 12h40.31.872285 +0200,
NONFOOD,,,,,0,17,17,17,,,,,,,,,51.17696430598153,,,,,,,,,,,,,,,,51.05416082800366,51.17696430598153,51.17696430598153,51.17696430598153,51.17696430598153,51.17696430598153,51.17696430598153,51.17696430598153,51.17696430598153,51.17696430598153,51.17696430598153,51.17696430598153,51.17696430598153,51.17696430598153,51.17696430598153,51.17696430598153,51.17696430598153,51.2031037559791,None,None,None,None,None,None,None,None,None,None,None,None,1,[0.06160859498777427],[0.06162101399968378],0,,,,,,,,,,,,,,,,,,,,,,,,,,,,,,,,,,,,,,,,,,,,,,,,,,,,,,,772683,001,2024-08-12_12h40.19.086,SenstirEs_warningandinstructions,2024.1.4,None,2024-08-12 12h40.31.872285 +0200,
ALLERGIC,,,,,0,18,18,18,,,,,,,,,51.32778181700269,,,,,,,,,,,,,,,,51.20411933999276,51.32778181700269,51.32778181700269,51.32778181700269,51.32778181700269,51.32778181700269,51.32778181700269,51.32778181700269,51.32778181700269,51.32778181700269,51.32778181700269,51.32778181700269,51.32778181700269,51.32778181700269,51.32778181700269,51.32778181700269,51.32778181700269,51.35256873400067,None,None,None,None,None,None,None,None,None,None,None,None,1,[0.06148135900730267],[0.061492369015468284],0,,,,,,,,,,,,,,,,,,,,,,,,,,,,,,,,,,,,,,,,,,,,,,,,,,,,,,,772683,001,2024-08-12_12h40.19.086,SenstirEs_warningandinstructions,2024.1.4,None,2024-08-12 12h40.31.872285 +0200,
PRETTY,,,,,0,19,19,19,,,,,,,,,51.47700328499195,,,,,,,,,,,,,,,,51.353618248977,51.47700328499195,51.47700328499195,51.47700328499195,51.47700328499195,51.47700328499195,51.47700328499195,51.47700328499195,51.47700328499195,51.47700328499195,51.47700328499195,51.47700328499195,51.47700328499195,51.47700328499195,51.47700328499195,51.47700328499195,51.47700328499195,51.50185802698252,None,None,None,None,None,None,None,None,None,None,None,None,1,[0.06096519800485112],[0.060975809989031404],0,,,,,,,,,,,,,,,,,,,,,,,,,,,,,,,,,,,,,,,,,,,,,,,,,,,,,,,772683,001,2024-08-12_12h40.19.086,SenstirEs_warningandinstructions,2024.1.4,None,2024-08-12 12h40.31.872285 +0200,
SILKY,,,,,0,20,20,20,,,,,,,,,51.62711185700027,,,,,,,,,,,,,,,,51.50287661899347,51.62711185700027,51.62711185700027,51.62711185700027,51.62711185700027,51.62711185700027,51.62711185700027,51.62711185700027,51.62711185700027,51.62711185700027,51.62711185700027,51.62711185700027,51.62711185700027,51.62711185700027,51.62711185700027,51.62711185700027,51.62711185700027,51.718354978977004,None,None,None,None,None,None,None,None,None,None,None,None,1,[0.1286996150156483],[0.12871010100934654],0,,,,,,,,,,,,,,,,,,,,,,,,,,,,,,,,,,,,,,,,,,,,,,,,,,,,,,,772683,001,2024-08-12_12h40.19.086,SenstirEs_warningandinstructions,2024.1.4,None,2024-08-12 12h40.31.872285 +0200,
SIGHT,,,,,0,21,21,21,,,,,,,,,51.84378031498636,,,,,,,,,,,,,,,,51.71935246299836,51.84378031498636,51.84378031498636,51.84378031498636,51.84378031498636,51.84378031498636,51.84378031498636,51.84378031498636,51.84378031498636,51.84378031498636,51.84378031498636,51.84378031498636,51.84378031498636,51.84378031498636,51.84378031498636,51.84378031498636,51.84378031498636,51.87002059398219,None,None,None,None,None,None,None,None,None,None,None,None,1,[0.06304231600370258],[0.06305385200539604],0,,,,,,,,,,,,,,,,,,,,,,,,,,,,,,,,,,,,,,,,,,,,,,,,,,,,,,,772683,001,2024-08-12_12h40.19.086,SenstirEs_warningandinstructions,2024.1.4,None,2024-08-12 12h40.31.872285 +0200,
TAG,,,,,0,22,22,22,,,,,,,,,51.99499303198536,,,,,,,,,,,,,,,,51.87105011497624,51.99499303198536,51.99499303198536,51.99499303198536,51.99499303198536,51.99499303198536,51.99499303198536,51.99499303198536,51.99499303198536,51.99499303198536,51.99499303198536,51.99499303198536,51.99499303198536,51.99499303198536,51.99499303198536,51.99499303198536,51.99499303198536,52.02058281499194,None,None,None,None,None,None,None,None,None,None,None,None,1,[0.06155873401439749],[0.061569144017994404],0,,,,,,,,,,,,,,,,,,,,,,,,,,,,,,,,,,,,,,,,,,,,,,,,,,,,,,,772683,001,2024-08-12_12h40.19.086,SenstirEs_warningandinstructions,2024.1.4,None,2024-08-12 12h40.31.872285 +0200,
CURL UP,,,,,0,23,23,23,,,,,,,,,52.14561164198676,,,,,,,,,,,,,,,,52.02159399498487,52.14561164198676,52.14561164198676,52.14561164198676,52.14561164198676,52.14561164198676,52.14561164198676,52.14561164198676,52.14561164198676,52.14561164198676,52.14561164198676,52.14561164198676,52.14561164198676,52.14561164198676,52.14561164198676,52.14561164198676,52.14561164198676,52.16987716098083,None,None,None,None,None,None,None,None,None,None,None,None,1,[0.06147690900252201],[0.06148747997940518],0,,,,,,,,,,,,,,,,,,,,,,,,,,,,,,,,,,,,,,,,,,,,,,,,,,,,,,,772683,001,2024-08-12_12h40.19.086,SenstirEs_warningandinstructions,2024.1.4,None,2024-08-12 12h40.31.872285 +0200,
SPINAL,,,,,0,24,24,24,,,,,,,,,52.29379892599536,,,,,,,,,,,,,,,,52.17087988398271,52.29379892599536,52.29379892599536,52.29379892599536,52.29379892599536,52.29379892599536,52.29379892599536,52.29379892599536,52.29379892599536,52.29379892599536,52.29379892599536,52.29379892599536,52.29379892599536,52.29379892599536,52.29379892599536,52.29379892599536,52.29379892599536,52.3199200189847,None,None,None,None,None,None,None,None,None,None,None,None,1,[0.06213328201556578],[0.062144066992914304],0,,,,,,,,,,,,,,,,,,,,,,,,,,,,,,,,,,,,,,,,,,,,,,,,,,,,,,,772683,001,2024-08-12_12h40.19.086,SenstirEs_warningandinstructions,2024.1.4,None,2024-08-12 12h40.31.872285 +0200,
,,,,,,,,,,,,,,,,,,,,,,,,,,,,,,,,,,,,,,,,,,,,,,,,,,,,,,,,,,,,,,,,,,,,,,,,,,,,,,,,,,,,52.32084810899687,52.37702728898148,52.37702728898148,52.37702728898148,52.37702728898148,53.78065601197886,1,[1.4550727349997032],[1.4550848419894464],0,,,0,,,,,,,,,,,,,,,,,,,,,,,,,772683,001,2024-08-12_12h40.19.086,SenstirEs_warningandinstructions,2024.1.4,None,2024-08-12 12h40.31.872285 +0200,
VISTA LATERAL,,,,,,,,,0,0,0,0,,,,,53.910435543977655,,,,,,,,,,,,,,,,53.78881085300236,53.910435543977655,53.910435543977655,53.910435543977655,53.910435543977655,53.910435543977655,53.910435543977655,53.910435543977655,53.910435543977655,53.910435543977655,53.910435543977655,53.910435543977655,53.910435543977655,53.910435543977655,53.910435543977655,53.910435543977655,53.910435543977655,54.46988038398558,None,None,None,None,None,None,None,None,None,None,None,None,1,[0.5923546410049312],[0.5923688769980799],0,,,,,,,,,,,,,,,,,,,,,,,,,,,,,,,,,,,,,,,,,,,,,,,,,,,,,,,772683,001,2024-08-12_12h40.19.086,SenstirEs_warningandinstructions,2024.1.4,None,2024-08-12 12h40.31.872285 +0200,
LISO,,,,,,,,,0,1,1,1,,,,,54.59490517497761,,,,,,,,,,,,,,,,54.4720662549953,54.59490517497761,54.59490517497761,54.59490517497761,54.59490517497761,54.59490517497761,54.59490517497761,54.59490517497761,54.59490517497761,54.59490517497761,54.59490517497761,54.59490517497761,54.59490517497761,54.59490517497761,54.59490517497761,54.59490517497761,54.59490517497761,54.68553663798957,None,None,None,None,None,None,None,None,None,None,None,None,1,[0.12582593399565667],[0.1258372240117751],0,,,,,,,,,,,,,,,,,,,,,,,,,,,,,,,,,,,,,,,,,,,,,,,,,,,,,,,772683,001,2024-08-12_12h40.19.086,SenstirEs_warningandinstructions,2024.1.4,None,2024-08-12 12h40.31.872285 +0200,
DOLOROSO,,,,,,,,,0,2,2,2,,,,,54.81049905100372,,,,,,,,,,,,,,,,54.686541845992906,54.81049905100372,54.81049905100372,54.81049905100372,54.81049905100372,54.81049905100372,54.81049905100372,54.81049905100372,54.81049905100372,54.81049905100372,54.81049905100372,54.81049905100372,54.81049905100372,54.81049905100372,54.81049905100372,54.81049905100372,54.81049905100372,54.83646415299154,None,None,None,None,None,None,None,None,None,None,None,None,1,[0.06262510301894508],[0.0626364880008623],0,,,,,,,,,,,,,,,,,,,,,,,,,,,,,,,,,,,,,,,,,,,,,,,,,,,,,,,772683,001,2024-08-12_12h40.19.086,SenstirEs_warningandinstructions,2024.1.4,None,2024-08-12 12h40.31.872285 +0200,
WIKIPEDIA,,,,,,,,,0,3,3,3,,,,,54.96047288598493,,,,,,,,,,,,,,,,54.8374684919836,54.96047288598493,54.96047288598493,54.96047288598493,54.96047288598493,54.96047288598493,54.96047288598493,54.96047288598493,54.96047288598493,54.96047288598493,54.96047288598493,54.96047288598493,54.96047288598493,54.96047288598493,54.96047288598493,54.96047288598493,54.96047288598493,54.98723286198219,None,None,None,None,None,None,None,None,None,None,None,None,1,[0.061893070000223815],[0.06190421502105892],0,,,,,,,,,,,,,,,,,,,,,,,,,,,,,,,,,,,,,,,,,,,,,,,,,,,,,,,772683,001,2024-08-12_12h40.19.086,SenstirEs_warningandinstructions,2024.1.4,None,2024-08-12 12h40.31.872285 +0200,
TOMILLO,,,,,,,,,0,4,4,4,,,,,55.11063696499332,,,,,,,,,,,,,,,,54.98823903599987,55.11063696499332,55.11063696499332,55.11063696499332,55.11063696499332,55.11063696499332,55.11063696499332,55.11063696499332,55.11063696499332,55.11063696499332,55.11063696499332,55.11063696499332,55.11063696499332,55.11063696499332,55.11063696499332,55.11063696499332,55.11063696499332,55.133892013982404,None,None,None,None,None,None,None,None,None,None,None,None,1,[0.060478817991679534],[0.060487648006528616],0,,,,,,,,,,,,,,,,,,,,,,,,,,,,,,,,,,,,,,,,,,,,,,,,,,,,,,,772683,001,2024-08-12_12h40.19.086,SenstirEs_warningandinstructions,2024.1.4,None,2024-08-12 12h40.31.872285 +0200,
CONSIGUIENTE ,,,,,,,,,0,5,5,5,,,,,55.260493267996935,,,,,,,,,,,,,,,,55.134898110001814,55.260493267996935,55.260493267996935,55.260493267996935,55.260493267996935,55.260493267996935,55.260493267996935,55.260493267996935,55.260493267996935,55.260493267996935,55.260493267996935,55.260493267996935,55.260493267996935,55.260493267996935,55.260493267996935,55.260493267996935,55.260493267996935,55.28705003397772,None,None,None,None,None,None,None,None,None,None,None,None,1,[0.06361596399801783],[0.06362684300984256],0,,,,,,,,,,,,,,,,,,,,,,,,,,,,,,,,,,,,,,,,,,,,,,,,,,,,,,,772683,001,2024-08-12_12h40.19.086,SenstirEs_warningandinstructions,2024.1.4,None,2024-08-12 12h40.31.872285 +0200,
EXCRETOR,,,,,,,,,0,6,6,6,,,,,55.41039673998603,,,,,,,,,,,,,,,,55.28842016699491,55.41039673998603,55.41039673998603,55.41039673998603,55.41039673998603,55.41039673998603,55.41039673998603,55.41039673998603,55.41039673998603,55.41039673998603,55.41039673998603,55.41039673998603,55.41039673998603,55.41039673998603,55.41039673998603,55.41039673998603,55.41039673998603,55.50352840698906,None,None,None,None,None,None,None,None,None,None,None,None,1,[0.12663021698244847],[0.1266412230033893],0,,,,,,,,,,,,,,,,,,,,,,,,,,,,,,,,,,,,,,,,,,,,,,,,,,,,,,,772683,001,2024-08-12_12h40.19.086,SenstirEs_warningandinstructions,2024.1.4,None,2024-08-12 12h40.31.872285 +0200,
MASAJE,,,,,,,,,0,7,7,7,,,,,55.62692256498849,,,,,,,,,,,,,,,,55.50455723400228,55.62692256498849,55.62692256498849,55.62692256498849,55.62692256498849,55.62692256498849,55.62692256498849,55.62692256498849,55.62692256498849,55.62692256498849,55.62692256498849,55.62692256498849,55.62692256498849,55.62692256498849,55.62692256498849,55.62692256498849,55.62692256498849,55.65294130399707,None,None,None,None,None,None,None,None,None,None,None,None,1,[0.061785483005223796],[0.06179603800410405],0,,,,,,,,,,,,,,,,,,,,,,,,,,,,,,,,,,,,,,,,,,,,,,,,,,,,,,,772683,001,2024-08-12_12h40.19.086,SenstirEs_warningandinstructions,2024.1.4,None,2024-08-12 12h40.31.872285 +0200,
ABRIGARSE,,,,,,,,,0,8,8,8,,,,,55.77700575400377,,,,,,,,,,,,,,,,55.653946253994945,55.77700575400377,55.77700575400377,55.77700575400377,55.77700575400377,55.77700575400377,55.77700575400377,55.77700575400377,55.77700575400377,55.77700575400377,55.77700575400377,55.77700575400377,55.77700575400377,55.77700575400377,55.77700575400377,55.77700575400377,55.77700575400377,55.80207879000227,None,None,None,None,None,None,None,None,None,None,None,None,1,[0.06141015398316085],[0.061420954996719956],0,,,,,,,,,,,,,,,,,,,,,,,,,,,,,,,,,,,,,,,,,,,,,,,,,,,,,,,772683,001,2024-08-12_12h40.19.086,SenstirEs_warningandinstructions,2024.1.4,None,2024-08-12 12h40.31.872285 +0200,
COXIS,,,,,,,,,0,9,9,9,,,,,55.92715646798024,,,,,,,,,,,,,,,,55.80309577198932,55.92715646798024,55.92715646798024,55.92715646798024,55.92715646798024,55.92715646798024,55.92715646798024,55.92715646798024,55.92715646798024,55.92715646798024,55.92715646798024,55.92715646798024,55.92715646798024,55.92715646798024,55.92715646798024,55.92715646798024,55.92715646798024,56.02005884499522,None,None,None,None,None,None,None,None,None,None,None,None,1,[0.12673902200185694],[0.1267499839887023],0,,,,,,,,,,,,,,,,,,,,,,,,,,,,,,,,,,,,,,,,,,,,,,,,,,,,,,,772683,001,2024-08-12_12h40.19.086,SenstirEs_warningandinstructions,2024.1.4,None,2024-08-12 12h40.31.872285 +0200,
FROTAR,,,,,,,,,0,10,10,10,,,,,56.1436648319941,,,,,,,,,,,,,,,,56.02104424597928,56.1436648319941,56.1436648319941,56.1436648319941,56.1436648319941,56.1436648319941,56.1436648319941,56.1436648319941,56.1436648319941,56.1436648319941,56.1436648319941,56.1436648319941,56.1436648319941,56.1436648319941,56.1436648319941,56.1436648319941,56.1436648319941,56.16903325999738,None,None,None,None,None,None,None,None,None,None,None,None,1,[0.0626936609914992],[0.06270453799515963],0,,,,,,,,,,,,,,,,,,,,,,,,,,,,,,,,,,,,,,,,,,,,,,,,,,,,,,,772683,001,2024-08-12_12h40.19.086,SenstirEs_warningandinstructions,2024.1.4,None,2024-08-12 12h40.31.872285 +0200,
NO,,,,,,,,,0,11,11,11,,,,,56.29395834598108,,,,,,,,,,,,,,,,56.1700476789847,56.29395834598108,56.29395834598108,56.29395834598108,56.29395834598108,56.29395834598108,56.29395834598108,56.29395834598108,56.29395834598108,56.29395834598108,56.29395834598108,56.29395834598108,56.29395834598108,56.29395834598108,56.29395834598108,56.29395834598108,56.29395834598108,56.518222432991024,None,None,None,None,None,None,None,None,None,None,None,None,1,[0.2609606250189245],[0.2609723909990862],0,,,,,,,,,,,,,,,,,,,,,,,,,,,,,,,,,,,,,,,,,,,,,,,,,,,,,,,772683,001,2024-08-12_12h40.19.086,SenstirEs_warningandinstructions,2024.1.4,None,2024-08-12 12h40.31.872285 +0200,
ESPINOSO,,,,,,,,,0,12,12,12,,,,,56.64376162897679,,,,,,,,,,,,,,,,56.51951155299321,56.64376162897679,56.64376162897679,56.64376162897679,56.64376162897679,56.64376162897679,56.64376162897679,56.64376162897679,56.64376162897679,56.64376162897679,56.64376162897679,56.64376162897679,56.64376162897679,56.64376162897679,56.64376162897679,56.64376162897679,56.64376162897679,56.66944046199205,None,None,None,None,None,None,None,None,None,None,None,None,1,[0.06329106498742476],[0.06330199597869068],0,,,,,,,,,,,,,,,,,,,,,,,,,,,,,,,,,,,,,,,,,,,,,,,,,,,,,,,772683,001,2024-08-12_12h40.19.086,SenstirEs_warningandinstructions,2024.1.4,None,2024-08-12 12h40.31.872285 +0200,
ÁNGEL GUARDIAN,,,,,,,,,0,13,13,13,,,,,56.793726978998166,,,,,,,,,,,,,,,,56.67043517099228,56.793726978998166,56.793726978998166,56.793726978998166,56.793726978998166,56.793726978998166,56.793726978998166,56.793726978998166,56.793726978998166,56.793726978998166,56.793726978998166,56.793726978998166,56.793726978998166,56.793726978998166,56.793726978998166,56.793726978998166,56.793726978998166,56.88572754297638,None,None,None,None,None,None,None,None,None,None,None,None,1,[0.12645097298081964],[0.1264617969864048],0,,,,,,,,,,,,,,,,,,,,,,,,,,,,,,,,,,,,,,,,,,,,,,,,,,,,,,,772683,001,2024-08-12_12h40.19.086,SenstirEs_warningandinstructions,2024.1.4,None,2024-08-12 12h40.31.872285 +0200,
JURAR,,,,,,,,,0,14,14,14,,,,,57.01243146599154,,,,,,,,,,,,,,,,56.88671922698268,57.01243146599154,57.01243146599154,57.01243146599154,57.01243146599154,57.01243146599154,57.01243146599154,57.01243146599154,57.01243146599154,57.01243146599154,57.01243146599154,57.01243146599154,57.01243146599154,57.01243146599154,57.01243146599154,57.01243146599154,57.01243146599154,57.03855958598433,None,None,None,None,None,None,None,None,None,None,None,None,1,[0.061059044004650787],[0.06107015599263832],0,,,,,,,,,,,,,,,,,,,,,,,,,,,,,,,,,,,,,,,,,,,,,,,,,,,,,,,772683,001,2024-08-12_12h40.19.086,SenstirEs_warningandinstructions,2024.1.4,None,2024-08-12 12h40.31.872285 +0200,
RETOMAR,,,,,,,,,0,15,15,15,,,,,57.1603325609758,,,,,,,,,,,,,,,,57.039793446980184,57.1603325609758,57.1603325609758,57.1603325609758,57.1603325609758,57.1603325609758,57.1603325609758,57.1603325609758,57.1603325609758,57.1603325609758,57.1603325609758,57.1603325609758,57.1603325609758,57.1603325609758,57.1603325609758,57.1603325609758,57.1603325609758,57.387366938986816,None,None,None,None,None,None,None,None,None,None,None,None,1,[0.25903066000319086],[0.2590443599910941],0,,,,,,,,,,,,,,,,,,,,,,,,,,,,,,,,,,,,,,,,,,,,,,,,,,,,,,,772683,001,2024-08-12_12h40.19.086,SenstirEs_warningandinstructions,2024.1.4,None,2024-08-12 12h40.31.872285 +0200,
CÓDIGO DE BARRAS,,,,,,,,,0,16,16,16,,,,,57.510314543003915,,,,,,,,,,,,,,,,57.388359115982894,57.510314543003915,57.510314543003915,57.510314543003915,57.510314543003915,57.510314543003915,57.510314543003915,57.510314543003915,57.510314543003915,57.510314543003915,57.510314543003915,57.510314543003915,57.510314543003915,57.510314543003915,57.510314543003915,57.510314543003915,57.510314543003915,57.536425148980925,None,None,None,None,None,None,None,None,None,None,None,None,1,[0.05997420000494458],[0.05998606298817322],0,,,,,,,,,,,,,,,,,,,,,,,,,,,,,,,,,,,,,,,,,,,,,,,,,,,,,,,772683,001,2024-08-12_12h40.19.086,SenstirEs_warningandinstructions,2024.1.4,None,2024-08-12 12h40.31.872285 +0200,
GOLPECITO,,,,,,,,,0,17,17,17,,,,,57.660413056000834,,,,,,,,,,,,,,,,57.53742782998597,57.660413056000834,57.660413056000834,57.660413056000834,57.660413056000834,57.660413056000834,57.660413056000834,57.660413056000834,57.660413056000834,57.660413056000834,57.660413056000834,57.660413056000834,57.660413056000834,57.660413056000834,57.660413056000834,57.660413056000834,57.660413056000834,57.75336690599215,None,None,None,None,None,None,None,None,None,None,None,None,1,[0.12559440999757499],[0.1256053620018065],0,,,,,,,,,,,,,,,,,,,,,,,,,,,,,,,,,,,,,,,,,,,,,,,,,,,,,,,772683,001,2024-08-12_12h40.19.086,SenstirEs_warningandinstructions,2024.1.4,None,2024-08-12 12h40.31.872285 +0200,
VER,,,,,,,,,0,18,18,18,,,,,57.87709136898047,,,,,,,,,,,,,,,,57.75436387199443,57.87709136898047,57.87709136898047,57.87709136898047,57.87709136898047,57.87709136898047,57.87709136898047,57.87709136898047,57.87709136898047,57.87709136898047,57.87709136898047,57.87709136898047,57.87709136898047,57.87709136898047,57.87709136898047,57.87709136898047,57.87709136898047,58.102393081993796,None,None,None,None,None,None,None,None,None,None,None,None,1,[0.26170435300446115],[0.26171617599902675],0,,,,,,,,,,,,,,,,,,,,,,,,,,,,,,,,,,,,,,,,,,,,,,,,,,,,,,,772683,001,2024-08-12_12h40.19.086,SenstirEs_warningandinstructions,2024.1.4,None,2024-08-12 12h40.31.872285 +0200,
APRETÓN DE MANOS,,,,,,,,,0,19,19,19,,,,,58.22712312798831,,,,,,,,,,,,,,,,58.1035665209929,58.22712312798831,58.22712312798831,58.22712312798831,58.22712312798831,58.22712312798831,58.22712312798831,58.22712312798831,58.22712312798831,58.22712312798831,58.22712312798831,58.22712312798831,58.22712312798831,58.22712312798831,58.22712312798831,58.22712312798831,58.22712312798831,58.31931392897968,None,None,None,None,None,None,None,None,None,None,None,None,1,[0.12700254301307723],[0.1270207829948049],0,,,,,,,,,,,,,,,,,,,,,,,,,,,,,,,,,,,,,,,,,,,,,,,,,,,,,,,772683,001,2024-08-12_12h40.19.086,SenstirEs_warningandinstructions,2024.1.4,None,2024-08-12 12h40.31.872285 +0200,
CERNIR,,,,,,,,,0,20,20,20,,,,,58.44394015998114,,,,,,,,,,,,,,,,58.32035053599975,58.44394015998114,58.44394015998114,58.44394015998114,58.44394015998114,58.44394015998114,58.44394015998114,58.44394015998114,58.44394015998114,58.44394015998114,58.44394015998114,58.44394015998114,58.44394015998114,58.44394015998114,58.44394015998114,58.44394015998114,58.44394015998114,58.601961390988436,None,None,None,None,None,None,None,None,None,None,None,None,1,[0.19724198398762383],[0.19725217198720202],0,,,,,,,,,,,,,,,,,,,,,,,,,,,,,,,,,,,,,,,,,,,,,,,,,,,,,,,772683,001,2024-08-12_12h40.19.086,SenstirEs_warningandinstructions,2024.1.4,None,2024-08-12 12h40.31.872285 +0200,
ASEGURAR,,,,,,,,,0,21,21,21,,,,,58.72703993698815,,,,,,,,,,,,,,,,58.60295262400177,58.72703993698815,58.72703993698815,58.72703993698815,58.72703993698815,58.72703993698815,58.72703993698815,58.72703993698815,58.72703993698815,58.72703993698815,58.72703993698815,58.72703993698815,58.72703993698815,58.72703993698815,58.72703993698815,58.72703993698815,58.72703993698815,58.95278936700197,None,None,None,None,None,None,None,None,None,None,None,None,1,[0.25920030000270344],[0.25921884801937267],0,,,,,,,,,,,,,,,,,,,,,,,,,,,,,,,,,,,,,,,,,,,,,,,,,,,,,,,772683,001,2024-08-12_12h40.19.086,SenstirEs_warningandinstructions,2024.1.4,None,2024-08-12 12h40.31.872285 +0200,
CARIÑOSO,,,,,,,,,0,22,22,22,,,,,59.07746853999561,,,,,,,,,,,,,,,,58.95404519297881,59.07746853999561,59.07746853999561,59.07746853999561,59.07746853999561,59.07746853999561,59.07746853999561,59.07746853999561,59.07746853999561,59.07746853999561,59.07746853999561,59.07746853999561,59.07746853999561,59.07746853999561,59.07746853999561,59.07746853999561,59.07746853999561,59.30204924597638,None,None,None,None,None,None,None,None,None,None,None,None,1,[0.25814814801560715],[0.258160007011611],0,,,,,,,,,,,,,,,,,,,,,,,,,,,,,,,,,,,,,,,,,,,,,,,,,,,,,,,772683,001,2024-08-12_12h40.19.086,SenstirEs_warningandinstructions,2024.1.4,None,2024-08-12 12h40.31.872285 +0200,
PICAR,,,,,,,,,0,23,23,23,,,,,59.42697115399642,,,,,,,,,,,,,,,,59.30304029898252,59.42697115399642,59.42697115399642,59.42697115399642,59.42697115399642,59.42697115399642,59.42697115399642,59.42697115399642,59.42697115399642,59.42697115399642,59.42697115399642,59.42697115399642,59.42697115399642,59.42697115399642,59.42697115399642,59.42697115399642,59.42697115399642,59.5863646499929,None,None,None,None,None,None,None,None,None,None,None,None,1,[0.19547065501683392],[0.19548215001123026],0,,,,,,,,,,,,,,,,,,,,,,,,,,,,,,,,,,,,,,,,,,,,,,,,,,,,,,,772683,001,2024-08-12_12h40.19.086,SenstirEs_warningandinstructions,2024.1.4,None,2024-08-12 12h40.31.872285 +0200,
COLORES,,,,,,,,,0,24,24,24,,,,,59.711033587984275,,,,,,,,,,,,,,,,59.58735512799467,59.711033587984275,59.711033587984275,59.711033587984275,59.711033587984275,59.711033587984275,59.711033587984275,59.711033587984275,59.711033587984275,59.711033587984275,59.711033587984275,59.711033587984275,59.711033587984275,59.711033587984275,59.711033587984275,59.711033587984275,59.711033587984275,60.00165315999766,None,None,None,None,None,None,None,None,None,None,None,None,1,[0.32660948802367784],[0.3266204740211833],0,,,,,,,,,,,,,,,,,,,,,,,,,,,,,,,,,,,,,,,,,,,,,,,,,,,,,,,772683,001,2024-08-12_12h40.19.086,SenstirEs_warningandinstructions,2024.1.4,None,2024-08-12 12h40.31.872285 +0200,
SENTIR,,,,,,,,,0,25,25,25,,,,,60.1270835439791,,,,,,,,,,,,,,,,60.002790568978526,60.1270835439791,60.1270835439791,60.1270835439791,60.1270835439791,60.1270835439791,60.1270835439791,60.1270835439791,60.1270835439791,60.1270835439791,60.1270835439791,60.1270835439791,60.1270835439791,60.1270835439791,60.1270835439791,60.1270835439791,60.1270835439791,60.35241540300194,None,None,None,None,None,None,None,None,None,None,None,None,1,[0.26307560299756005],[0.26308733999030665],0,,,,,,,,,,,,,,,,,,,,,,,,,,,,,,,,,,,,,,,,,,,,,,,,,,,,,,,772683,001,2024-08-12_12h40.19.086,SenstirEs_warningandinstructions,2024.1.4,None,2024-08-12 12h40.31.872285 +0200,
DURA,,,,,,,,,0,26,26,26,,,,,60.47688921898953,,,,,,,,,,,,,,,,60.35342743399087,60.47688921898953,60.47688921898953,60.47688921898953,60.47688921898953,60.47688921898953,60.47688921898953,60.47688921898953,60.47688921898953,60.47688921898953,60.47688921898953,60.47688921898953,60.47688921898953,60.47688921898953,60.47688921898953,60.47688921898953,60.47688921898953,60.63775168498978,None,None,None,None,None,None,None,None,None,None,None,None,1,[0.19551675801631063],[0.1955290240002796],0,,,,,,,,,,,,,,,,,,,,,,,,,,,,,,,,,,,,,,,,,,,,,,,,,,,,,,,772683,001,2024-08-12_12h40.19.086,SenstirEs_warningandinstructions,2024.1.4,None,2024-08-12 12h40.31.872285 +0200,
HIPERCINÉTICO,,,,,,,,,0,27,27,27,,,,,60.76460487800068,,,,,,,,,,,,,,,,60.638795963983284,60.76460487800068,60.76460487800068,60.76460487800068,60.76460487800068,60.76460487800068,60.76460487800068,60.76460487800068,60.76460487800068,60.76460487800068,60.76460487800068,60.76460487800068,60.76460487800068,60.76460487800068,60.76460487800068,60.76460487800068,60.76460487800068,60.91935491099139,None,None,None,None,None,None,None,None,None,None,None,None,1,[0.19159319502068684],[0.19160501201986335],0,,,,,,,,,,,,,,,,,,,,,,,,,,,,,,,,,,,,,,,,,,,,,,,,,,,,,,,772683,001,2024-08-12_12h40.19.086,SenstirEs_warningandinstructions,2024.1.4,None,2024-08-12 12h40.31.872285 +0200,
ATERCIOPELADO,,,,,,,,,0,28,28,28,,,,,61.04363350197673,,,,,,,,,,,,,,,,60.92039366599056,61.04363350197673,61.04363350197673,61.04363350197673,61.04363350197673,61.04363350197673,61.04363350197673,61.04363350197673,61.04363350197673,61.04363350197673,61.04363350197673,61.04363350197673,61.04363350197673,61.04363350197673,61.04363350197673,61.04363350197673,61.04363350197673,61.068842412991216,None,None,None,None,None,None,None,None,None,None,None,None,1,[0.0628016020054929],[0.06281289999606088],0,,,,,,,,,,,,,,,,,,,,,,,,,,,,,,,,,,,,,,,,,,,,,,,,,,,,,,,772683,001,2024-08-12_12h40.19.086,SenstirEs_warningandinstructions,2024.1.4,None,2024-08-12 12h40.31.872285 +0200,
SUBLIMACIÓN,,,,,,,,,0,29,29,29,,,,,61.19375897399732,,,,,,,,,,,,,,,,61.0698368169833,61.19375897399732,61.19375897399732,61.19375897399732,61.19375897399732,61.19375897399732,61.19375897399732,61.19375897399732,61.19375897399732,61.19375897399732,61.19375897399732,61.19375897399732,61.19375897399732,61.19375897399732,61.19375897399732,61.19375897399732,61.19375897399732,61.28614346898394,None,None,None,None,None,None,None,None,None,None,None,None,1,[0.12748734100023285],[0.12749821500619873],0,,,,,,,,,,,,,,,,,,,,,,,,,,,,,,,,,,,,,,,,,,,,,,,,,,,,,,,772683,001,2024-08-12_12h40.19.086,SenstirEs_warningandinstructions,2024.1.4,None,2024-08-12 12h40.31.872285 +0200,
SITIO WEB,,,,,,,,,0,30,30,30,,,,,61.41042000899324,,,,,,,,,,,,,,,,61.28715568999178,61.41042000899324,61.41042000899324,61.41042000899324,61.41042000899324,61.41042000899324,61.41042000899324,61.41042000899324,61.41042000899324,61.41042000899324,61.41042000899324,61.41042000899324,61.41042000899324,61.41042000899324,61.41042000899324,61.41042000899324,61.41042000899324,61.50221888098167,None,None,None,None,None,None,None,None,None,None,None,None,1,[0.12710105598671362],[0.12711196599411778],0,,,,,,,,,,,,,,,,,,,,,,,,,,,,,,,,,,,,,,,,,,,,,,,,,,,,,,,772683,001,2024-08-12_12h40.19.086,SenstirEs_warningandinstructions,2024.1.4,None,2024-08-12 12h40.31.872285 +0200,
IMÁGENES,,,,,,,,,0,31,31,31,,,,,61.62705314299092,,,,,,,,,,,,,,,,61.503246943990234,61.62705314299092,61.62705314299092,61.62705314299092,61.62705314299092,61.62705314299092,61.62705314299092,61.62705314299092,61.62705314299092,61.62705314299092,61.62705314299092,61.62705314299092,61.62705314299092,61.62705314299092,61.62705314299092,61.62705314299092,61.62705314299092,61.71826854799292,None,None,None,None,None,None,None,None,None,None,None,None,1,[0.13022547302534804],[0.1302376980020199],0,,,,,,,,,,,,,,,,,,,,,,,,,,,,,,,,,,,,,,,,,,,,,,,,,,,,,,,772683,001,2024-08-12_12h40.19.086,SenstirEs_warningandinstructions,2024.1.4,None,2024-08-12 12h40.31.872285 +0200,
CONDUCTOR DE AUTOBÚS,,,,,,,,,0,32,32,32,,,,,61.84375175597961,,,,,,,,,,,,,,,,61.71953622897854,61.84375175597961,61.84375175597961,61.84375175597961,61.84375175597961,61.84375175597961,61.84375175597961,61.84375175597961,61.84375175597961,61.84375175597961,61.84375175597961,61.84375175597961,61.84375175597961,61.84375175597961,61.84375175597961,61.84375175597961,61.84375175597961,61.936175657989224,None,None,None,None,None,None,None,None,None,None,None,None,1,[0.1279030530131422],[0.1279140310070943],0,,,,,,,,,,,,,,,,,,,,,,,,,,,,,,,,,,,,,,,,,,,,,,,,,,,,,,,772683,001,2024-08-12_12h40.19.086,SenstirEs_warningandinstructions,2024.1.4,None,2024-08-12 12h40.31.872285 +0200,
,,,,,,,,,,,,,,,,,,,,,,,,,,,,,,,,,,,,,,,,,,,,,,,,,,,,,,,,,,,,,,,,,,,,,,,,,,,,,,,,,,,,,,,,,,,,,,,,,,,61.93711915099993,61.99368384198169,61.99368384198169,61.99368384198169,61.99368384198169,66.5981297410035,0,,,1,[4.655897500982974],[4.655909085995518],0,,,,,,,,,,772683,001,2024-08-12_12h40.19.086,SenstirEs_warningandinstructions,2024.1.4,None,2024-08-12 12h40.31.872285 +0200,
UNFOUNDED,,,,,,,,,,,,,0,0,0,0,66.72926556700259,,,,,,,,,,,,,,,,66.60439375898568,66.72926556700259,66.72926556700259,66.72926556700259,66.72926556700259,66.72926556700259,66.72926556700259,66.72926556700259,66.72926556700259,66.72926556700259,66.72926556700259,66.72926556700259,66.72926556700259,66.72926556700259,66.72926556700259,66.72926556700259,66.72926556700259,68.68648881898844,None,None,None,None,None,None,None,None,None,None,None,None,1,[1.9903016930038575],[1.9903128140140325],0,,,,,,,,,,,,,,,,,,,,,,,,,,,,,,,,,,,,,,,,,,,,,,,,,,,,,,,772683,001,2024-08-12_12h40.19.086,SenstirEs_warningandinstructions,2024.1.4,None,2024-08-12 12h40.31.872285 +0200,
BRIGHTNESS,,,,,,,,,,,,,0,1,1,1,68.81304356499459,,,,,,,,,,,,,,,,68.68861192898476,68.81304356499459,68.81304356499459,68.81304356499459,68.81304356499459,68.81304356499459,68.81304356499459,68.81304356499459,68.81304356499459,68.81304356499459,68.81304356499459,68.81304356499459,68.81304356499459,68.81304356499459,68.81304356499459,68.81304356499459,68.81304356499459,68.83826293199672,None,None,None,None,None,None,None,None,None,None,None,None,1,[0.062138039007550105],[0.062148872995749116],0,,,,,,,,,,,,,,,,,,,,,,,,,,,,,,,,,,,,,,,,,,,,,,,,,,,,,,,772683,001,2024-08-12_12h40.19.086,SenstirEs_warningandinstructions,2024.1.4,None,2024-08-12 12h40.31.872285 +0200,
,,,,,,,,,,,,,,,,,,,,,,,,,,,,,,,,,,,,,,,,,,,,,,,,,,,,,,,,,,,,,,,,,,,,,,,,,,,,,,,,,,,,,,,,,,,,,,,,,,,,,,,,,,,,,,,,,,68.83916970700375,68.85989457799587,68.85989457799587,70.92946605797624,y,2.041222067986382,None,772683,001,2024-08-12_12h40.19.086,SenstirEs_warningandinstructions,2024.1.4,None,2024-08-12 12h40.31.872285 +0200,
