﻿Word,SentirEs_19.thisRepN,SentirEs_19.thisTrialN,SentirEs_19.thisN,SentirEs_19.thisIndex,thisRow.t,notes,warning_Eng.started,warning_SentirEs.started,next_warning.started,warning_Eng.stopped,next_warning.numClicks,next_warning.timesOn,next_warning.timesOff,SentirEs_intructions_Eng.started,intructions.started,next_instructions.started,SentirEs_intructions_Eng.stopped,next_instructions.numClicks,next_instructions.timesOn,next_instructions.timesOff,SentirEs_likert_Eng.started,text.started,stimuli.started,perceptual_audition.started,perceptual_gustatory.started,perceptual_haptic.started,perceptual_interocepticve.started,perceptual_olfaction.started,perceptual_visual.started,Audition.started,Gustatory.started,Haptic.started,Interoception.started,Olfaction.started,Vision.started,next.started,Dont_know.started,SentirEs_likert_Eng.stopped,Audition.response,Audition.rt,Gustatory.response,Gustatory.rt,Haptic.response,Haptic.rt,Interoception.response,Interoception.rt,Olfaction.response,Olfaction.rt,Vision.response,Vision.rt,next.numClicks,next.timesOn,next.timesOff,Dont_know.numClicks,Dont_know.timesOn,Dont_know.timesOff,participant,session,date,expName,psychopyVersion,frameRate,expStart,
,,,,,,,0.028908883999974933,0.10591014599998516,0.10591014599998516,1.282356851999964,1,[1.2487938859999872],[1.2488356529999578],,,,,,,,,,,,,,,,,,,,,,,,,,,,,,,,,,,,,,,,,,,,922283,001,2024-07-30_18h58.02.014,SenstirEs_warningandinstructions,2024.1.4,None,2024-07-30 18h58.25.057225 +0200,
,,,,,,,,,,,,,,1.282592099999988,1.3222172050000154,1.3222172050000154,1.6154935170000044,1,[0.33066799400000946],[0.33068129399998725],,,,,,,,,,,,,,,,,,,,,,,,,,,,,,,,,,,,,922283,001,2024-07-30_18h58.02.014,SenstirEs_warningandinstructions,2024.1.4,None,2024-07-30 18h58.25.057225 +0200,
TOUCHING,0,0,0,0,1.9254124739999838,,,,,,,,,,,,,,,,1.629918626999995,1.9254124739999838,1.9254124739999838,1.9254124739999838,1.9254124739999838,1.9254124739999838,1.9254124739999838,1.9254124739999838,1.9254124739999838,1.9254124739999838,1.9254124739999838,1.9254124739999838,1.9254124739999838,1.9254124739999838,1.9254124739999838,1.9254124739999838,1.9254124739999838,2.5647159939999824,None,None,None,None,None,None,None,None,None,None,None,None,1,[0.8036114170000133],[0.8036749180000129],0,,,922283,001,2024-07-30_18h58.02.014,SenstirEs_warningandinstructions,2024.1.4,None,2024-07-30 18h58.25.057225 +0200,
JELL,0,1,1,1,2.7280160639999735,,,,,,,,,,,,,,,,2.5668570199999863,2.7280160639999735,2.7280160639999735,2.7280160639999735,2.7280160639999735,2.7280160639999735,2.7280160639999735,2.7280160639999735,2.7280160639999735,2.7280160639999735,2.7280160639999735,2.7280160639999735,2.7280160639999735,2.7280160639999735,2.7280160639999735,2.7280160639999735,2.7280160639999735,3.0164592630000016,None,None,None,None,None,None,None,None,None,None,None,None,1,[0.3289385839999568],[0.3289538419999758],0,,,922283,001,2024-07-30_18h58.02.014,SenstirEs_warningandinstructions,2024.1.4,None,2024-07-30 18h58.25.057225 +0200,
DAYTIME,0,2,2,2,3.204499499999997,,,,,,,,,,,,,,,,3.017680458999962,3.204499499999997,3.204499499999997,3.204499499999997,3.204499499999997,3.204499499999997,3.204499499999997,3.204499499999997,3.204499499999997,3.204499499999997,3.204499499999997,3.204499499999997,3.204499499999997,3.204499499999997,3.204499499999997,3.204499499999997,3.204499499999997,3.9468918719999806,None,None,None,None,None,None,None,None,None,None,None,None,1,[0.7946133820000227],[0.7946504239999967],0,,,922283,001,2024-07-30_18h58.02.014,SenstirEs_warningandinstructions,2024.1.4,None,2024-07-30 18h58.25.057225 +0200,
IN SIGHT,0,3,3,3,4.122352715999966,,,,,,,,,,,,,,,,3.948011840999982,4.122352715999966,4.122352715999966,4.122352715999966,4.122352715999966,4.122352715999966,4.122352715999966,4.122352715999966,4.122352715999966,4.122352715999966,4.122352715999966,4.122352715999966,4.122352715999966,4.122352715999966,4.122352715999966,4.122352715999966,4.122352715999966,5.548805704000017,None,None,None,None,None,None,None,None,None,None,None,None,1,[1.4684777599999848],[1.4684934050000038],0,,,922283,001,2024-07-30_18h58.02.014,SenstirEs_warningandinstructions,2024.1.4,None,2024-07-30 18h58.25.057225 +0200,
OVERRIDE,0,4,4,4,5.739654626000004,,,,,,,,,,,,,,,,5.550097085000004,5.739654626000004,5.739654626000004,5.739654626000004,5.739654626000004,5.739654626000004,5.739654626000004,5.739654626000004,5.739654626000004,5.739654626000004,5.739654626000004,5.739654626000004,5.739654626000004,5.739654626000004,5.739654626000004,5.739654626000004,5.739654626000004,6.362247450999973,None,None,None,None,None,None,None,None,None,None,None,None,1,[0.6752027439999893],[0.6752419360000204],0,,,922283,001,2024-07-30_18h58.02.014,SenstirEs_warningandinstructions,2024.1.4,None,2024-07-30 18h58.25.057225 +0200,
,,,,,6.538364962000003,,,,,,,,,,,,,,,,6.363621021999961,6.538364962000003,6.538364962000003,6.538364962000003,6.538364962000003,6.538364962000003,6.538364962000003,6.538364962000003,6.538364962000003,6.538364962000003,6.538364962000003,6.538364962000003,6.538364962000003,6.538364962000003,6.538364962000003,6.538364962000003,6.538364962000003,,,,,,,,,,,,,,,,,,,,,,,,,,,
