﻿Word,trials.thisRepN,trials.thisTrialN,trials.thisN,trials.thisIndex,trials_2.thisRepN,trials_2.thisTrialN,trials_2.thisN,trials_2.thisIndex,thisRow.t,notes,warning_span.started,warning_SentirEs.started,next_warning.started,warning_span.stopped,next_warning.numClicks,next_warning.timesOn,next_warning.timesOff,SentirEs_intructions_Span.started,intructions.started,next_instructions.started,SentirEs_intructions_Span.stopped,next_instructions.numClicks,next_instructions.timesOn,next_instructions.timesOff,SentirEs_Span_19.started,text.started,stimuli.started,perceptual_audition.started,perceptual_gustatory.started,perceptual_haptic.started,perceptual_interocepticve.started,perceptual_olfaction.started,perceptual_visual.started,Audition.started,Gustatory.started,Haptic.started,Interoception.started,Olfaction.started,Vision.started,next.started,SentirEs_Span_19.stopped,Audition.response,Audition.rt,Gustatory.response,Gustatory.rt,Haptic.response,Haptic.rt,Interoception.response,Interoception.rt,Olfaction.response,Olfaction.rt,Vision.response,Vision.rt,next.numClicks,next.timesOn,next.timesOff,catch_1_span.started,catch_1.started,Oso.started,catch_1_span.stopped,Oso.numClicks,Oso.timesOn,Oso.timesOff,trial.started,readingtext.started,key_resp.started,participant,session,date,expName,psychopyVersion,frameRate,expStart,
,,,,,,,,,,,0.026455461978912354,0.07634660997428,0.07634660997428,1.2000611639814451,1,[1.1718102960148826],[1.1718197099398822],,,,,,,,,,,,,,,,,,,,,,,,,,,,,,,,,,,,,,,,,,,,,,,,,,975291,001,2024-07-16_21h40.45.186,SenstirEs_warningandinstructions,2024.1.4,None,2024-07-16 21h40.53.404911 +0200,
,,,,,,,,,,,,,,,,,,1.2001972319558263,1.229889903916046,1.229889903916046,2.0120482629863545,1,[0.8095989909488708],[0.8096148569602519],,,,,,,,,,,,,,,,,,,,,,,,,,,,,,,,,,,,,,,,,,,975291,001,2024-07-16_21h40.45.186,SenstirEs_warningandinstructions,2024.1.4,None,2024-07-16 21h40.53.404911 +0200,
EMOCIONANTE,0,0,0,0,,,,,2.2596114069456235,,,,,,,,,,,,,,,,2.0176792020210996,2.2596114069456235,2.2596114069456235,2.2596114069456235,2.2596114069456235,2.2596114069456235,2.2596114069456235,2.2596114069456235,2.2596114069456235,2.2596114069456235,2.2596114069456235,2.2596114069456235,2.2596114069456235,2.2596114069456235,2.2596114069456235,2.2596114069456235,3.0181193839525804,None,None,None,None,None,None,None,None,None,None,None,None,1,[0.9061918410006911],[0.906201153062284],,,,,,,,,,,975291,001,2024-07-16_21h40.45.186,SenstirEs_warningandinstructions,2024.1.4,None,2024-07-16 21h40.53.404911 +0200,
CUAJAR,0,1,1,1,,,,,3.1475536259822547,,,,,,,,,,,,,,,,3.0196545789949596,3.1475536259822547,3.1475536259822547,3.1475536259822547,3.1475536259822547,3.1475536259822547,3.1475536259822547,3.1475536259822547,3.1475536259822547,3.1475536259822547,3.1475536259822547,3.1475536259822547,3.1475536259822547,3.1475536259822547,3.1475536259822547,3.1475536259822547,3.1711803739890456,None,None,None,None,None,None,None,None,None,None,None,None,1,[0.05947538197506219],[0.0594828559551388],,,,,,,,,,,975291,001,2024-07-16_21h40.45.186,SenstirEs_warningandinstructions,2024.1.4,None,2024-07-16 21h40.53.404911 +0200,
DIA,0,2,2,2,,,,,3.295331210945733,,,,,,,,,,,,,,,,3.172054774942808,3.295331210945733,3.295331210945733,3.295331210945733,3.295331210945733,3.295331210945733,3.295331210945733,3.295331210945733,3.295331210945733,3.295331210945733,3.295331210945733,3.295331210945733,3.295331210945733,3.295331210945733,3.295331210945733,3.295331210945733,3.3211996039608493,None,None,None,None,None,None,None,None,None,None,None,None,1,[0.057274551945738494],[0.05728543794248253],,,,,,,,,,,975291,001,2024-07-16_21h40.45.186,SenstirEs_warningandinstructions,2024.1.4,None,2024-07-16 21h40.53.404911 +0200,
A LA VISTA,0,3,3,3,,,,,3.445916741969995,,,,,,,,,,,,,,,,3.322086205938831,3.445916741969995,3.445916741969995,3.445916741969995,3.445916741969995,3.445916741969995,3.445916741969995,3.445916741969995,3.445916741969995,3.445916741969995,3.445916741969995,3.445916741969995,3.445916741969995,3.445916741969995,3.445916741969995,3.445916741969995,3.5342533600050956,None,None,None,None,None,None,None,None,None,None,None,None,1,[0.12095870811026543],[0.12096753402147442],,,,,,,,,,,975291,001,2024-07-16_21h40.45.186,SenstirEs_warningandinstructions,2024.1.4,None,2024-07-16 21h40.53.404911 +0200,
SOBRESCRIBIR,0,4,4,4,,,,,3.6593937039142475,,,,,,,,,,,,,,,,3.5351337229367346,3.6593937039142475,3.6593937039142475,3.6593937039142475,3.6593937039142475,3.6593937039142475,3.6593937039142475,3.6593937039142475,3.6593937039142475,3.6593937039142475,3.6593937039142475,3.6593937039142475,3.6593937039142475,3.6593937039142475,3.6593937039142475,3.6593937039142475,3.6852844819659367,None,None,None,None,None,None,None,None,None,None,None,None,1,[0.06110408599488437],[0.06111069396138191],,,,,,,,,,,975291,001,2024-07-16_21h40.45.186,SenstirEs_warningandinstructions,2024.1.4,None,2024-07-16 21h40.53.404911 +0200,
TOCAR,0,5,5,5,,,,,3.814253355958499,,,,,,,,,,,,,,,,3.6861652489751577,3.814253355958499,3.814253355958499,3.814253355958499,3.814253355958499,3.814253355958499,3.814253355958499,3.814253355958499,3.814253355958499,3.814253355958499,3.814253355958499,3.814253355958499,3.814253355958499,3.814253355958499,3.814253355958499,3.814253355958499,3.838743373984471,None,None,None,None,None,None,None,None,None,None,None,None,1,[0.0556082499679178],[0.055616254918277264],,,,,,,,,,,975291,001,2024-07-16_21h40.45.186,SenstirEs_warningandinstructions,2024.1.4,None,2024-07-16 21h40.53.404911 +0200,
SUAVIDAD,0,6,6,6,,,,,3.9617836800171062,,,,,,,,,,,,,,,,3.8396344499196857,3.9617836800171062,3.9617836800171062,3.9617836800171062,3.9617836800171062,3.9617836800171062,3.9617836800171062,3.9617836800171062,3.9617836800171062,3.9617836800171062,3.9617836800171062,3.9617836800171062,3.9617836800171062,3.9617836800171062,3.9617836800171062,3.9617836800171062,3.987339979968965,None,None,None,None,None,None,None,None,None,None,None,None,1,[0.05772823200095445],[0.057736634043976665],,,,,,,,,,,975291,001,2024-07-16_21h40.45.186,SenstirEs_warningandinstructions,2024.1.4,None,2024-07-16 21h40.53.404911 +0200,
INTUITIVAMENTE,0,7,7,7,,,,,4.109580387943424,,,,,,,,,,,,,,,,3.9882199689745903,4.109580387943424,4.109580387943424,4.109580387943424,4.109580387943424,4.109580387943424,4.109580387943424,4.109580387943424,4.109580387943424,4.109580387943424,4.109580387943424,4.109580387943424,4.109580387943424,4.109580387943424,4.109580387943424,4.109580387943424,4.200039568007924,None,None,None,None,None,None,None,None,None,None,None,None,1,[0.12494210398290306],[0.12495186203159392],,,,,,,,,,,975291,001,2024-07-16_21h40.45.186,SenstirEs_warningandinstructions,2024.1.4,None,2024-07-16 21h40.53.404911 +0200,
FÉMUR,0,8,8,8,,,,,4.325748539995402,,,,,,,,,,,,,,,,4.20094981091097,4.325748539995402,4.325748539995402,4.325748539995402,4.325748539995402,4.325748539995402,4.325748539995402,4.325748539995402,4.325748539995402,4.325748539995402,4.325748539995402,4.325748539995402,4.325748539995402,4.325748539995402,4.325748539995402,4.325748539995402,4.350352922920138,None,None,None,None,None,None,None,None,None,None,None,None,1,[0.06019311700947583],[0.06020469998475164],,,,,,,,,,,975291,001,2024-07-16_21h40.45.186,SenstirEs_warningandinstructions,2024.1.4,None,2024-07-16 21h40.53.404911 +0200,
ACARICIADO,0,9,9,9,,,,,4.476787010906264,,,,,,,,,,,,,,,,4.351250851992518,4.476787010906264,4.476787010906264,4.476787010906264,4.476787010906264,4.476787010906264,4.476787010906264,4.476787010906264,4.476787010906264,4.476787010906264,4.476787010906264,4.476787010906264,4.476787010906264,4.476787010906264,4.476787010906264,4.476787010906264,4.501219401019625,None,None,None,None,None,None,None,None,None,None,None,None,1,[0.05708356492687017],[0.05709273600950837],,,,,,,,,,,975291,001,2024-07-16_21h40.45.186,SenstirEs_warningandinstructions,2024.1.4,None,2024-07-16 21h40.53.404911 +0200,
ACARICIAR,0,10,10,10,,,,,4.626182884909213,,,,,,,,,,,,,,,,4.5021063659805804,4.626182884909213,4.626182884909213,4.626182884909213,4.626182884909213,4.626182884909213,4.626182884909213,4.626182884909213,4.626182884909213,4.626182884909213,4.626182884909213,4.626182884909213,4.626182884909213,4.626182884909213,4.626182884909213,4.626182884909213,4.717509951908141,None,None,None,None,None,None,None,None,None,None,None,None,1,[0.12721536098979414],[0.12722585501614958],,,,,,,,,,,975291,001,2024-07-16_21h40.45.186,SenstirEs_warningandinstructions,2024.1.4,None,2024-07-16 21h40.53.404911 +0200,
PELUDO,0,11,11,11,,,,,4.847101591993123,,,,,,,,,,,,,,,,4.718582601984963,4.847101591993123,4.847101591993123,4.847101591993123,4.847101591993123,4.847101591993123,4.847101591993123,4.847101591993123,4.847101591993123,4.847101591993123,4.847101591993123,4.847101591993123,4.847101591993123,4.847101591993123,4.847101591993123,4.847101591993123,4.870501232915558,None,None,None,None,None,None,None,None,None,None,None,None,1,[0.06072914903052151],[0.06073782395105809],,,,,,,,,,,975291,001,2024-07-16_21h40.45.186,SenstirEs_warningandinstructions,2024.1.4,None,2024-07-16 21h40.53.404911 +0200,
INDESTRUCTIBILIDAD,0,12,12,12,,,,,4.992812818964012,,,,,,,,,,,,,,,,4.871478257002309,4.992812818964012,4.992812818964012,4.992812818964012,4.992812818964012,4.992812818964012,4.992812818964012,4.992812818964012,4.992812818964012,4.992812818964012,4.992812818964012,4.992812818964012,4.992812818964012,4.992812818964012,4.992812818964012,4.992812818964012,5.017499284935184,None,None,None,None,None,None,None,None,None,None,None,None,1,[0.0562680100556463],[0.0562775480793789],,,,,,,,,,,975291,001,2024-07-16_21h40.45.186,SenstirEs_warningandinstructions,2024.1.4,None,2024-07-16 21h40.53.404911 +0200,
MASILLOSO,0,13,13,13,,,,,5.144657393917441,,,,,,,,,,,,,,,,5.018388059921563,5.144657393917441,5.144657393917441,5.144657393917441,5.144657393917441,5.144657393917441,5.144657393917441,5.144657393917441,5.144657393917441,5.144657393917441,5.144657393917441,5.144657393917441,5.144657393917441,5.144657393917441,5.144657393917441,5.144657393917441,5.168793604010716,None,None,None,None,None,None,None,None,None,None,None,None,1,[0.06255625002086163],[0.06256589002441615],,,,,,,,,,,975291,001,2024-07-16_21h40.45.186,SenstirEs_warningandinstructions,2024.1.4,None,2024-07-16 21h40.53.404911 +0200,
AULLIDO,0,14,14,14,,,,,5.293167299940251,,,,,,,,,,,,,,,,5.169975689961575,5.293167299940251,5.293167299940251,5.293167299940251,5.293167299940251,5.293167299940251,5.293167299940251,5.293167299940251,5.293167299940251,5.293167299940251,5.293167299940251,5.293167299940251,5.293167299940251,5.293167299940251,5.293167299940251,5.293167299940251,5.386370184016414,None,None,None,None,None,None,None,None,None,None,None,None,1,[0.12688478897325695],[0.12689596402924508],,,,,,,,,,,975291,001,2024-07-16_21h40.45.186,SenstirEs_warningandinstructions,2024.1.4,None,2024-07-16 21h40.53.404911 +0200,
TACTILMENTE,0,15,15,15,,,,,5.527080200961791,,,,,,,,,,,,,,,,5.387265485012904,5.527080200961791,5.527080200961791,5.527080200961791,5.527080200961791,5.527080200961791,5.527080200961791,5.527080200961791,5.527080200961791,5.527080200961791,5.527080200961791,5.527080200961791,5.527080200961791,5.527080200961791,5.527080200961791,5.527080200961791,5.5507880069781095,None,None,None,None,None,None,None,None,None,None,None,None,1,[0.05744976794812828],[0.057456547976471484],,,,,,,,,,,975291,001,2024-07-16_21h40.45.186,SenstirEs_warningandinstructions,2024.1.4,None,2024-07-16 21h40.53.404911 +0200,
CARA,0,16,16,16,,,,,5.676272328943014,,,,,,,,,,,,,,,,5.5517648300156,5.676272328943014,5.676272328943014,5.676272328943014,5.676272328943014,5.676272328943014,5.676272328943014,5.676272328943014,5.676272328943014,5.676272328943014,5.676272328943014,5.676272328943014,5.676272328943014,5.676272328943014,5.676272328943014,5.676272328943014,5.767897546989843,None,None,None,None,None,None,None,None,None,None,None,None,1,[0.12820128002204],[0.1282114040805027],,,,,,,,,,,975291,001,2024-07-16_21h40.45.186,SenstirEs_warningandinstructions,2024.1.4,None,2024-07-16 21h40.53.404911 +0200,
DEPLORAR,0,17,17,17,,,,,5.899895722977817,,,,,,,,,,,,,,,,5.7689634069101885,5.899895722977817,5.899895722977817,5.899895722977817,5.899895722977817,5.899895722977817,5.899895722977817,5.899895722977817,5.899895722977817,5.899895722977817,5.899895722977817,5.899895722977817,5.899895722977817,5.899895722977817,5.899895722977817,5.899895722977817,6.1879863609792665,None,None,None,None,None,None,None,None,None,None,None,None,1,[0.3159798770211637],[0.3159908460220322],,,,,,,,,,,975291,001,2024-07-16_21h40.45.186,SenstirEs_warningandinstructions,2024.1.4,None,2024-07-16 21h40.53.404911 +0200,
TORRINO ,0,18,18,18,,,,,6.325945104006678,,,,,,,,,,,,,,,,6.189000710961409,6.325945104006678,6.325945104006678,6.325945104006678,6.325945104006678,6.325945104006678,6.325945104006678,6.325945104006678,6.325945104006678,6.325945104006678,6.325945104006678,6.325945104006678,6.325945104006678,6.325945104006678,6.325945104006678,6.325945104006678,6.484265374019742,None,None,None,None,None,None,None,None,None,None,None,None,1,[0.1972004040144384],[0.1972086860332638],,,,,,,,,,,975291,001,2024-07-16_21h40.45.186,SenstirEs_warningandinstructions,2024.1.4,None,2024-07-16 21h40.53.404911 +0200,
,,,,,,,,,,,,,,,,,,,,,,,,,,,,,,,,,,,,,,,,,,,,,,,,,,,,,,,,,6.485050185932778,6.513361957971938,6.513361957971938,7.565135356970131,1,[1.0782160070957616],[1.0782255600206554],,,,975291,001,2024-07-16_21h40.45.186,SenstirEs_warningandinstructions,2024.1.4,None,2024-07-16 21h40.53.404911 +0200,
TIRADO,,,,,0,0,0,0,7.693024850916117,,,,,,,,,,,,,,,,7.569721751962788,7.693024850916117,7.693024850916117,7.693024850916117,7.693024850916117,7.693024850916117,7.693024850916117,7.693024850916117,7.693024850916117,7.693024850916117,7.693024850916117,7.693024850916117,7.693024850916117,7.693024850916117,7.693024850916117,7.693024850916117,8.902391712996177,None,None,None,None,None,None,None,None,None,None,None,None,1,[1.2442869290243834],[1.2442948160460219],,,,,,,,,,,975291,001,2024-07-16_21h40.45.186,SenstirEs_warningandinstructions,2024.1.4,None,2024-07-16 21h40.53.404911 +0200,
PARAPSICOLOGÍA,,,,,0,1,1,1,9.027940709958784,,,,,,,,,,,,,,,,8.905217409017496,9.027940709958784,9.027940709958784,9.027940709958784,9.027940709958784,9.027940709958784,9.027940709958784,9.027940709958784,9.027940709958784,9.027940709958784,9.027940709958784,9.027940709958784,9.027940709958784,9.027940709958784,9.027940709958784,9.027940709958784,9.052071839920245,None,None,None,None,None,None,None,None,None,None,None,None,1,[0.0572463299613446],[0.057253974955528975],,,,,,,,,,,975291,001,2024-07-16_21h40.45.186,SenstirEs_warningandinstructions,2024.1.4,None,2024-07-16 21h40.53.404911 +0200,
DIESTRO,,,,,0,2,2,2,9.182112897979096,,,,,,,,,,,,,,,,9.052971049910411,9.182112897979096,9.182112897979096,9.182112897979096,9.182112897979096,9.182112897979096,9.182112897979096,9.182112897979096,9.182112897979096,9.182112897979096,9.182112897979096,9.182112897979096,9.182112897979096,9.182112897979096,9.182112897979096,9.182112897979096,9.208374127978459,None,None,None,None,None,None,None,None,None,None,None,None,1,[0.06392140197567642],[0.06393520708661526],,,,,,,,,,,975291,001,2024-07-16_21h40.45.186,SenstirEs_warningandinstructions,2024.1.4,None,2024-07-16 21h40.53.404911 +0200,
PESIMISTA,,,,,0,3,3,3,9.333263837965205,,,,,,,,,,,,,,,,9.20950462797191,9.333263837965205,9.333263837965205,9.333263837965205,9.333263837965205,9.333263837965205,9.333263837965205,9.333263837965205,9.333263837965205,9.333263837965205,9.333263837965205,9.333263837965205,9.333263837965205,9.333263837965205,9.333263837965205,9.333263837965205,9.417663817992434,None,None,None,None,None,None,None,None,None,None,None,None,1,[0.11425897397566587],[0.11426713899709284],,,,,,,,,,,975291,001,2024-07-16_21h40.45.186,SenstirEs_warningandinstructions,2024.1.4,None,2024-07-16 21h40.53.404911 +0200,
PICAPORTE,,,,,0,4,4,4,9.542903263005428,,,,,,,,,,,,,,,,9.41869441093877,9.542903263005428,9.542903263005428,9.542903263005428,9.542903263005428,9.542903263005428,9.542903263005428,9.542903263005428,9.542903263005428,9.542903263005428,9.542903263005428,9.542903263005428,9.542903263005428,9.542903263005428,9.542903263005428,9.542903263005428,9.568544329958968,None,None,None,None,None,None,None,None,None,None,None,None,1,[0.06086438300553709],[0.06087279401253909],,,,,,,,,,,975291,001,2024-07-16_21h40.45.186,SenstirEs_warningandinstructions,2024.1.4,None,2024-07-16 21h40.53.404911 +0200,
MALA PERSONA,,,,,0,5,5,5,9.697619725950062,,,,,,,,,,,,,,,,9.569423486012965,9.697619725950062,9.697619725950062,9.697619725950062,9.697619725950062,9.697619725950062,9.697619725950062,9.697619725950062,9.697619725950062,9.697619725950062,9.697619725950062,9.697619725950062,9.697619725950062,9.697619725950062,9.697619725950062,9.697619725950062,9.723181067965925,None,None,None,None,None,None,None,None,None,None,None,None,1,[0.06585609598550946],[0.06587038503494114],,,,,,,,,,,975291,001,2024-07-16_21h40.45.186,SenstirEs_warningandinstructions,2024.1.4,None,2024-07-16 21h40.53.404911 +0200,
CIELOS,,,,,0,6,6,6,9.843766088946722,,,,,,,,,,,,,,,,9.724051994970068,9.843766088946722,9.843766088946722,9.843766088946722,9.843766088946722,9.843766088946722,9.843766088946722,9.843766088946722,9.843766088946722,9.843766088946722,9.843766088946722,9.843766088946722,9.843766088946722,9.843766088946722,9.843766088946722,9.843766088946722,9.86943155201152,None,None,None,None,None,None,None,None,None,None,None,None,1,[0.05742246005684137],[0.057432429981417954],,,,,,,,,,,975291,001,2024-07-16_21h40.45.186,SenstirEs_warningandinstructions,2024.1.4,None,2024-07-16 21h40.53.404911 +0200,
VISTA,,,,,0,7,7,7,9.992938453913666,,,,,,,,,,,,,,,,9.870353536913171,9.992938453913666,9.992938453913666,9.992938453913666,9.992938453913666,9.992938453913666,9.992938453913666,9.992938453913666,9.992938453913666,9.992938453913666,9.992938453913666,9.992938453913666,9.992938453913666,9.992938453913666,9.992938453913666,9.992938453913666,10.01994313497562,None,None,None,None,None,None,None,None,None,None,None,None,1,[0.060013339039869606],[0.06002190406434238],,,,,,,,,,,975291,001,2024-07-16_21h40.45.186,SenstirEs_warningandinstructions,2024.1.4,None,2024-07-16 21h40.53.404911 +0200,
PELIGRO,,,,,0,8,8,8,10.150783606921323,,,,,,,,,,,,,,,,10.020925028948113,10.150783606921323,10.150783606921323,10.150783606921323,10.150783606921323,10.150783606921323,10.150783606921323,10.150783606921323,10.150783606921323,10.150783606921323,10.150783606921323,10.150783606921323,10.150783606921323,10.150783606921323,10.150783606921323,10.150783606921323,10.174195384955965,None,None,None,None,None,None,None,None,None,None,None,None,1,[0.06115081498865038],[0.061158112017437816],,,,,,,,,,,975291,001,2024-07-16_21h40.45.186,SenstirEs_warningandinstructions,2024.1.4,None,2024-07-16 21h40.53.404911 +0200,
AGARRE,,,,,0,9,9,9,10.30915411398746,,,,,,,,,,,,,,,,10.175191785907373,10.30915411398746,10.30915411398746,10.30915411398746,10.30915411398746,10.30915411398746,10.30915411398746,10.30915411398746,10.30915411398746,10.30915411398746,10.30915411398746,10.30915411398746,10.30915411398746,10.30915411398746,10.30915411398746,10.30915411398746,10.334814833011478,None,None,None,None,None,None,None,None,None,None,None,None,1,[0.06671756703872234],[0.0667256269371137],,,,,,,,,,,975291,001,2024-07-16_21h40.45.186,SenstirEs_warningandinstructions,2024.1.4,None,2024-07-16 21h40.53.404911 +0200,
INCOMUNICABILIDAD,,,,,0,10,10,10,10.45969079399947,,,,,,,,,,,,,,,,10.33569447696209,10.45969079399947,10.45969079399947,10.45969079399947,10.45969079399947,10.45969079399947,10.45969079399947,10.45969079399947,10.45969079399947,10.45969079399947,10.45969079399947,10.45969079399947,10.45969079399947,10.45969079399947,10.45969079399947,10.45969079399947,10.4853237089701,None,None,None,None,None,None,None,None,None,None,None,None,1,[0.06183267605956644],[0.06184149906039238],,,,,,,,,,,975291,001,2024-07-16_21h40.45.186,SenstirEs_warningandinstructions,2024.1.4,None,2024-07-16 21h40.53.404911 +0200,
YOUTUBE,,,,,0,11,11,11,10.60959574196022,,,,,,,,,,,,,,,,10.486220775987022,10.60959574196022,10.60959574196022,10.60959574196022,10.60959574196022,10.60959574196022,10.60959574196022,10.60959574196022,10.60959574196022,10.60959574196022,10.60959574196022,10.60959574196022,10.60959574196022,10.60959574196022,10.60959574196022,10.60959574196022,10.702074409928173,None,None,None,None,None,None,None,None,None,None,None,None,1,[0.12582454702351242],[0.12583278899546713],,,,,,,,,,,975291,001,2024-07-16_21h40.45.186,SenstirEs_warningandinstructions,2024.1.4,None,2024-07-16 21h40.53.404911 +0200,
AFLOJAR,,,,,0,12,12,12,10.826135003939271,,,,,,,,,,,,,,,,10.70309785893187,10.826135003939271,10.826135003939271,10.826135003939271,10.826135003939271,10.826135003939271,10.826135003939271,10.826135003939271,10.826135003939271,10.826135003939271,10.826135003939271,10.826135003939271,10.826135003939271,10.826135003939271,10.826135003939271,10.826135003939271,10.849392661009915,None,None,None,None,None,None,None,None,None,None,None,None,1,[0.06118810595944524],[0.06119438598398119],,,,,,,,,,,975291,001,2024-07-16_21h40.45.186,SenstirEs_warningandinstructions,2024.1.4,None,2024-07-16 21h40.53.404911 +0200,
GOLPE,,,,,0,13,13,13,10.967961824964732,,,,,,,,,,,,,,,,10.850270969909616,10.967961824964732,10.967961824964732,10.967961824964732,10.967961824964732,10.967961824964732,10.967961824964732,10.967961824964732,10.967961824964732,10.967961824964732,10.967961824964732,10.967961824964732,10.967961824964732,10.967961824964732,10.967961824964732,10.967961824964732,10.99214161990676,None,None,None,None,None,None,None,None,None,None,None,None,1,[0.056511242990382016],[0.05652419605758041],,,,,,,,,,,975291,001,2024-07-16_21h40.45.186,SenstirEs_warningandinstructions,2024.1.4,None,2024-07-16 21h40.53.404911 +0200,
PODRÍA,,,,,0,14,14,14,11.129502148018219,,,,,,,,,,,,,,,,10.993108429014683,11.129502148018219,11.129502148018219,11.129502148018219,11.129502148018219,11.129502148018219,11.129502148018219,11.129502148018219,11.129502148018219,11.129502148018219,11.129502148018219,11.129502148018219,11.129502148018219,11.129502148018219,11.129502148018219,11.129502148018219,11.15620583400596,None,None,None,None,None,None,None,None,None,None,None,None,1,[0.05824315908830613],[0.05825156602077186],,,,,,,,,,,975291,001,2024-07-16_21h40.45.186,SenstirEs_warningandinstructions,2024.1.4,None,2024-07-16 21h40.53.404911 +0200,
TELEVISION,,,,,0,15,15,15,11.282761286944151,,,,,,,,,,,,,,,,11.157175055006519,11.282761286944151,11.282761286944151,11.282761286944151,11.282761286944151,11.282761286944151,11.282761286944151,11.282761286944151,11.282761286944151,11.282761286944151,11.282761286944151,11.282761286944151,11.282761286944151,11.282761286944151,11.282761286944151,11.282761286944151,11.368329533957876,None,None,None,None,None,None,None,None,None,None,None,None,1,[0.12186385609675199],[0.12187215802259743],,,,,,,,,,,975291,001,2024-07-16_21h40.45.186,SenstirEs_warningandinstructions,2024.1.4,None,2024-07-16 21h40.53.404911 +0200,
VISIBLE,,,,,0,16,16,16,11.49378404894378,,,,,,,,,,,,,,,,11.369204928982072,11.49378404894378,11.49378404894378,11.49378404894378,11.49378404894378,11.49378404894378,11.49378404894378,11.49378404894378,11.49378404894378,11.49378404894378,11.49378404894378,11.49378404894378,11.49378404894378,11.49378404894378,11.49378404894378,11.49378404894378,11.518281811964698,None,None,None,None,None,None,None,None,None,None,None,None,1,[0.05755603895522654],[0.05756616697181016],,,,,,,,,,,975291,001,2024-07-16_21h40.45.186,SenstirEs_warningandinstructions,2024.1.4,None,2024-07-16 21h40.53.404911 +0200,
NO COMESTIBLE,,,,,0,17,17,17,11.643021502997726,,,,,,,,,,,,,,,,11.519295047968626,11.643021502997726,11.643021502997726,11.643021502997726,11.643021502997726,11.643021502997726,11.643021502997726,11.643021502997726,11.643021502997726,11.643021502997726,11.643021502997726,11.643021502997726,11.643021502997726,11.643021502997726,11.643021502997726,11.643021502997726,11.668430333957076,None,None,None,None,None,None,None,None,None,None,None,None,1,[0.06199826498050243],[0.062007299973629415],,,,,,,,,,,975291,001,2024-07-16_21h40.45.186,SenstirEs_warningandinstructions,2024.1.4,None,2024-07-16 21h40.53.404911 +0200,
ALÉRGICO,,,,,0,18,18,18,11.792927583912387,,,,,,,,,,,,,,,,11.669307122938335,11.792927583912387,11.792927583912387,11.792927583912387,11.792927583912387,11.792927583912387,11.792927583912387,11.792927583912387,11.792927583912387,11.792927583912387,11.792927583912387,11.792927583912387,11.792927583912387,11.792927583912387,11.792927583912387,11.792927583912387,12.018364478019066,None,None,None,None,None,None,None,None,None,None,None,None,1,[0.2608111680019647],[0.26082000602036715],,,,,,,,,,,975291,001,2024-07-16_21h40.45.186,SenstirEs_warningandinstructions,2024.1.4,None,2024-07-16 21h40.53.404911 +0200,
BONITO(A),,,,,0,19,19,19,12.145237079937942,,,,,,,,,,,,,,,,12.01935284701176,12.145237079937942,12.145237079937942,12.145237079937942,12.145237079937942,12.145237079937942,12.145237079937942,12.145237079937942,12.145237079937942,12.145237079937942,12.145237079937942,12.145237079937942,12.145237079937942,12.145237079937942,12.145237079937942,12.145237079937942,12.168583184946328,None,None,None,None,None,None,None,None,None,None,None,None,1,[0.06067295197863132],[0.06068031396716833],,,,,,,,,,,975291,001,2024-07-16_21h40.45.186,SenstirEs_warningandinstructions,2024.1.4,None,2024-07-16 21h40.53.404911 +0200,
SEDOSO,,,,,0,20,20,20,12.292669099988416,,,,,,,,,,,,,,,,12.169455569935963,12.292669099988416,12.292669099988416,12.292669099988416,12.292669099988416,12.292669099988416,12.292669099988416,12.292669099988416,12.292669099988416,12.292669099988416,12.292669099988416,12.292669099988416,12.292669099988416,12.292669099988416,12.292669099988416,12.292669099988416,12.384458489017561,None,None,None,None,None,None,None,None,None,None,None,None,1,[0.12648441398050636],[0.12649391498416662],,,,,,,,,,,975291,001,2024-07-16_21h40.45.186,SenstirEs_warningandinstructions,2024.1.4,None,2024-07-16 21h40.53.404911 +0200,
VISTA,,,,,0,21,21,21,12.513722047908232,,,,,,,,,,,,,,,,12.385344111011364,12.513722047908232,12.513722047908232,12.513722047908232,12.513722047908232,12.513722047908232,12.513722047908232,12.513722047908232,12.513722047908232,12.513722047908232,12.513722047908232,12.513722047908232,12.513722047908232,12.513722047908232,12.513722047908232,12.513722047908232,12.600926354993135,None,None,None,None,None,None,None,None,None,None,None,None,1,[0.12484896602109075],[0.12486112699843943],,,,,,,,,,,975291,001,2024-07-16_21h40.45.186,SenstirEs_warningandinstructions,2024.1.4,None,2024-07-16 21h40.53.404911 +0200,
ETIQUETA,,,,,0,22,22,22,12.72641535999719,,,,,,,,,,,,,,,,12.601952330907807,12.72641535999719,12.72641535999719,12.72641535999719,12.72641535999719,12.72641535999719,12.72641535999719,12.72641535999719,12.72641535999719,12.72641535999719,12.72641535999719,12.72641535999719,12.72641535999719,12.72641535999719,12.72641535999719,12.72641535999719,12.752501729992218,None,None,None,None,None,None,None,None,None,None,None,None,1,[0.05984743102453649],[0.059858529013581574],,,,,,,,,,,975291,001,2024-07-16_21h40.45.186,SenstirEs_warningandinstructions,2024.1.4,None,2024-07-16 21h40.53.404911 +0200,
ENROSCARSE,,,,,0,23,23,23,12.87711421691347,,,,,,,,,,,,,,,,12.753378034918569,12.87711421691347,12.87711421691347,12.87711421691347,12.87711421691347,12.87711421691347,12.87711421691347,12.87711421691347,12.87711421691347,12.87711421691347,12.87711421691347,12.87711421691347,12.87711421691347,12.87711421691347,12.87711421691347,12.87711421691347,12.973248612019233,None,None,None,None,None,None,None,None,None,None,None,None,1,[0.12587068602442741],[0.1258790900465101],,,,,,,,,,,975291,001,2024-07-16_21h40.45.186,SenstirEs_warningandinstructions,2024.1.4,None,2024-07-16 21h40.53.404911 +0200,
COLUMNA VERTEBRAL,,,,,0,24,24,24,13.12557192496024,,,,,,,,,,,,,,,,12.97461138793733,13.12557192496024,13.12557192496024,13.12557192496024,13.12557192496024,13.12557192496024,13.12557192496024,13.12557192496024,13.12557192496024,13.12557192496024,13.12557192496024,13.12557192496024,13.12557192496024,13.12557192496024,13.12557192496024,13.12557192496024,13.217662432929501,None,None,None,None,None,None,None,None,None,None,None,None,1,[0.1359999319538474],[0.13600866601336747],,,,,,,,,,,975291,001,2024-07-16_21h40.45.186,SenstirEs_warningandinstructions,2024.1.4,None,2024-07-16 21h40.53.404911 +0200,
,,,,,,,,,,,,,,,,,,,,,,,,,,,,,,,,,,,,,,,,,,,,,,,,,,,,,,,,,,,,,,,,13.218450194923207,13.243108422961086,13.243108422961086,,,,,,,,
