Index,Word,Category
0,SIDE VIEW,highly visual
213,SMOOTH,highly haptic 
614,HURTING,balanced 
6,WIKIPEDIA,highly visual
611,THYME,balanced 
416,HEREWITH,none 
403,EXCRETIVE,none 
206,RUBDOWN,highly haptic 
607,BUNDLE UP,balanced 
605,TAILBONE,balanced 
205,RUB,highly haptic 
418,NAY,none 
201,PRICKLY,highly haptic 
404,GUARDIAN ANGEL,none 
409,SWEAR,none 
601,REWEAVE,balanced 
2,BAR CODE,highly visual
620,BOP,balanced 
3,SEE,highly visual
200,HANDSHAKE,highly haptic 
613,SIFTED,balanced 
420,ASSURE,none 
210,CUDDLY,highly haptic 
217,POKE,highly haptic 
7,COLORS,highly visual
209,FEEL,highly haptic 
221,HARD,highly haptic 
415,HYPERKINETIC,none 
204,VELVETINESS,highly haptic 
411,SUBLIMATION,none 
14,INTERNET SITE,highly visual
17,PICTURES,highly visual
19,BUS DRIVER,highly visual