Index,Word,Category
203,TOUCHING,highly haptic 
610,JELL,balanced 
16,DAYTIME,highly visual
8,IN SIGHT,highly visual
407,OVERRIDE,none 
202,TOUCH,highly haptic 
211,SOFTNESS,highly haptic 
401,INTUITIONALLY,none 
618,THIGHBONE,balanced 
212,PETTED,highly haptic 
208,FONDLE,highly haptic 
214,FURRINESS,highly haptic 
616,INDESTRUCTIBILITY,balanced 
215,PUTTYLIKE,highly haptic 
406,HOWL,none 
612,TOUCHINGLY,balanced 
11,FACE,highly visual
408,DEPLORED,none 
218,KNOB,highly haptic 